Time,Torque,Angle,Rotating speed,Power,Step,Torque,Angle
0,0.003,0,9,0.0,1,0.011,250
0.5,0.005,0,10,0.0,2,0.011,360
1.0,0.003,0,13,0.0,3,0.013,360
1.5,0.005,1,13,0.0,4,0.013,360
2.0,0.008,1,21,0.0,5,0.013,360
2.5,0.005,1,21,0.0,6,0.013,360
3.0,0.006,1,24,0.0,7,0.013,1800
3.5,0.005,1,28,0.0,8,0.015,1801
4.0,0.006,1,30,0.0
4.5,0.006,1,33,0.0
5.0,0.006,1,36,0.0
5.5,0.006,1,43,0.0
6.0,0.008,2,48,0.0
6.5,0.006,2,50,0.0
7.0,0.006,2,53,0.0
7.5,0.005,2,56,0.6000000000000001
8.0,0.005,2,57,2.4000000000000004
8.5,0.005,2,57,3.6
9.0,0.006,3,58,4.800000000000001
9.5,0.005,3,59,4.800000000000001
10.0,0.005,3,60,4.800000000000001
10.5,0.006,3,61,4.800000000000001
11.0,0.005,3,61,4.2
11.5,0.006,4,61,3.6
12.0,0.006,4,62,3.6
12.5,0.005,4,62,3.6
13.0,0.005,4,62,5.4
13.5,0.005,4,64,9.600000000000001
14.0,0.006,5,67,9.600000000000001
14.5,0.01,5,70,10.200000000000001
15.0,0.005,5,73,10.200000000000001
15.5,0.006,5,77,10.200000000000001
16.0,0.006,5,80,9.600000000000001
16.5,0.005,6,82,9.600000000000001
17.0,0.003,6,84,9.600000000000001
17.5,0.003,6,85,9.600000000000001
18.0,0.005,7,86,9.600000000000001
18.5,0.005,7,87,7.800000000000001
19.0,0.003,7,87,6.6000000000000005
19.5,0.006,7,88,5.4
20.0,0.005,8,88,4.800000000000001
20.5,0.005,8,88,4.800000000000001
21.0,0.003,8,88,4.2
21.5,0.005,9,88,3.6
22.0,0.005,9,88,3.6
22.5,0.003,9,88,3.6
23.0,0.003,10,88,5.4
23.5,0.006,10,90,9.600000000000001
24.0,0.01,10,93,9.600000000000001
24.5,0.005,11,96,10.200000000000001
25.0,0.006,11,99,10.200000000000001
25.5,0.006,11,102,10.200000000000001
26.0,0.008,12,105,9.600000000000001
26.5,0.005,12,107,9.600000000000001
27.0,0.011,12,108,9.600000000000001
27.5,0.005,12,109,5.4
28.0,0.005,13,110,4.2
28.5,0.005,13,111,3.0
29.0,0.006,14,112,3.0
29.5,0.005,14,112,2.4000000000000004
30.0,0.006,14,111,2.4000000000000004
30.5,0.003,15,111,1.8
31.0,0.005,15,110,1.8
31.5,0.005,15,110,1.8
32.0,0.003,15,110,1.8
32.5,0.005,16,110,1.2000000000000002
33.0,0.003,16,110,0.6000000000000001
33.5,0.005,16,112,0.0
34.0,0.005,17,114,0.0
34.5,0.005,17,116,0.0
35.0,0.005,18,118,0.0
35.5,0.008,18,119,0.0
36.0,0.005,18,121,0.0
36.5,0.006,19,122,0.0
37.0,0.005,19,123,0.0
37.5,0.005,19,124,0.6000000000000001
38.0,0.005,20,126,1.2000000000000002
38.5,0.006,20,127,1.2000000000000002
39.0,0.005,21,127,1.2000000000000002
39.5,0.005,21,126,1.2000000000000002
40.0,0.006,21,126,0.6000000000000001
40.5,0.003,22,126,0.6000000000000001
41.0,0.005,22,126,2.4000000000000004
41.5,0.005,22,125,3.6
42.0,0.005,23,126,4.800000000000001
42.5,0.005,23,126,4.800000000000001
43.0,0.006,24,126,4.2
43.5,0.005,24,125,3.6
44.0,0.006,24,125,3.6
44.5,0.003,25,124,3.6
45.0,0.006,25,124,3.6
45.5,0.005,25,124,4.2
46.0,0.005,26,124,4.2
46.5,0.005,26,124,4.800000000000001
47.0,0.003,27,124,4.800000000000001
47.5,0.008,27,124,4.2
48.0,0.005,27,123,3.6
48.5,0.006,28,122,3.6
49.0,0.003,28,123,3.6
49.5,0.002,28,122,4.2
50.0,0.006,29,122,3.6
50.5,0.003,29,122,4.2
51.0,0.006,30,121,4.2
51.5,0.003,30,121,3.6
52.0,0.002,30,121,3.6
52.5,0.005,31,121,3.0
53.0,0.003,31,121,3.0
53.5,0.006,31,120,3.0
54.0,0.005,32,119,3.6
54.5,0.003,32,119,3.0
55.0,0.006,32,119,2.4000000000000004
55.5,0.005,33,119,1.8
56.0,0.008,33,119,1.8
56.5,0.003,34,118,1.8
57.0,0.002,34,117,1.8
57.5,0.006,34,117,1.8
58.0,0.005,34,116,1.8
58.5,0.008,35,115,1.8
59.0,0.005,35,115,1.2000000000000002
59.5,0.005,36,114,0.6000000000000001
60.0,0.006,36,114,0.0
60.5,0.005,36,114,0.0
61.0,0.008,37,114,0.0
61.5,0.005,37,113,0.0
62.0,0.003,37,113,0.0
62.5,0.005,38,113,0.0
63.0,0.005,38,113,0.0
63.5,0.003,38,113,0.0
64.0,0.005,39,112,0.6000000000000001
64.5,0.005,39,113,0.6000000000000001
65.0,0.005,39,114,0.6000000000000001
65.5,0.006,40,114,0.6000000000000001
66.0,0.003,40,114,0.6000000000000001
66.5,0.006,40,113,0.6000000000000001
67.0,0.003,41,113,0.6000000000000001
67.5,0.003,41,112,0.6000000000000001
68.0,0.005,41,112,0.6000000000000001
68.5,0.003,42,111,2.4000000000000004
69.0,0.005,42,111,3.6
69.5,0.005,42,112,4.2
70.0,0.005,43,112,4.2
70.5,0.003,43,111,3.6
71.0,0.005,43,111,3.6
71.5,0.005,44,110,3.0
72.0,0.005,44,110,3.0
72.5,0.005,44,109,3.6
73.0,0.003,45,109,3.6
73.5,0.006,45,110,3.6
74.0,0.003,45,110,4.2
74.5,0.006,46,110,4.800000000000001
75.0,0.005,46,110,4.800000000000001
75.5,0.006,46,110,4.2
76.0,0.003,47,110,4.2
76.5,0.006,47,109,3.6
77.0,0.006,47,109,3.6
77.5,0.008,48,109,3.6
78.0,0.005,48,109,4.2
78.5,0.006,48,108,3.6
79.0,0.006,49,109,3.6
79.5,0.005,49,109,3.6
80.0,0.008,49,108,3.6
80.5,0.006,50,108,3.6
81.0,0.006,50,108,3.0
81.5,0.003,50,108,3.0
82.0,0.006,51,109,3.0
82.5,0.003,51,108,3.6
83.0,0.006,51,108,3.6
83.5,0.005,52,107,3.0
84.0,0.006,52,108,2.4000000000000004
84.5,0.003,52,108,1.8
85.0,0.006,53,108,1.8
85.5,0.008,53,107,1.8
86.0,0.005,53,107,1.8
86.5,0.005,54,106,1.8
87.0,0.005,54,105,1.2000000000000002
87.5,0.005,54,105,1.8
88.0,0.005,54,104,1.8
88.5,0.008,55,104,1.2000000000000002
89.0,0.005,55,104,0.6000000000000001
89.5,0.006,55,104,0.0
90.0,0.006,56,104,0.0
90.5,0.008,56,104,0.0
91.0,0.006,56,104,0.0
91.5,0.006,57,103,0.0
92.0,0.008,57,103,0.0
92.5,0.006,58,103,0.0
93.0,0.008,58,104,0.0
93.5,0.006,58,104,0.0
94.0,0.008,58,104,0.6000000000000001
94.5,0.005,59,105,0.6000000000000001
95.0,0.006,59,105,0.6000000000000001
95.5,0.006,59,105,0.6000000000000001
96.0,0.006,60,105,0.6000000000000001
96.5,0.006,60,104,0.6000000000000001
97.0,0.006,60,104,0.6000000000000001
97.5,0.005,61,104,0.6000000000000001
98.0,0.006,61,104,1.2000000000000002
98.5,0.003,61,103,2.4000000000000004
99.0,0.005,62,104,3.6
99.5,0.006,62,104,4.2
100.0,0.005,62,104,4.2
100.5,0.008,63,104,3.6
101.0,0.006,63,104,3.6
101.5,0.006,63,103,3.0
102.0,0.005,64,103,3.0
102.5,0.008,64,102,3.6
103.0,0.005,64,102,3.6
103.5,0.01,64,103,4.2
104.0,0.006,65,103,4.2
104.5,0.006,65,103,4.800000000000001
105.0,0.006,65,104,4.800000000000001
105.5,0.008,66,104,4.800000000000001
106.0,0.006,66,104,4.2
106.5,0.008,66,103,3.6
107.0,0.006,67,103,3.6
107.5,0.006,67,103,3.6
108.0,0.005,67,103,3.6
108.5,0.008,68,103,4.2
109.0,0.006,68,103,3.6
109.5,0.008,68,102,3.6
110.0,0.006,68,103,4.2
110.5,0.008,69,103,3.6
111.0,0.005,69,103,3.6
111.5,0.008,69,103,3.0
112.0,0.006,70,104,3.0
112.5,0.006,70,103,3.0
113.0,0.005,70,103,3.0
113.5,0.006,71,103,3.6
114.0,0.005,71,103,3.6
114.5,0.005,71,103,3.0
115.0,0.003,72,103,2.4000000000000004
115.5,0.006,72,103,1.8
116.0,0.005,72,103,1.8
116.5,0.005,73,103,1.8
117.0,0.003,73,102,1.2000000000000002
117.5,0.005,73,101,1.2000000000000002
118.0,0.005,73,101,1.2000000000000002
118.5,0.006,74,100,1.2000000000000002
119.0,0.003,74,100,1.8
119.5,0.006,74,100,1.2000000000000002
120.0,0.006,75,100,0.6000000000000001
120.5,0.006,75,100,0.0
121.0,0.006,75,100,0.0
121.5,0.006,76,100,0.0
122.0,0.006,76,100,0.0
122.5,0.008,76,100,0.0
123.0,0.008,77,100,0.0
123.5,0.006,77,100,0.0
124.0,0.005,77,100,0.0
124.5,0.008,77,101,0.0
125.0,0.006,78,101,0.0
125.5,0.008,78,101,0.6000000000000001
126.0,0.008,78,102,0.6000000000000001
126.5,0.006,79,102,0.6000000000000001
127.0,0.008,79,102,0.6000000000000001
127.5,0.008,79,102,0.6000000000000001
128.0,0.005,80,102,0.6000000000000001
128.5,0.008,80,102,0.6000000000000001
129.0,0.006,80,102,0.6000000000000001
129.5,0.006,80,101,0.6000000000000001
130.0,0.006,81,101,1.8
130.5,0.006,81,101,3.0
131.0,0.006,81,101,4.2
131.5,0.01,82,102,4.2
132.0,0.006,82,102,4.2
132.5,0.005,82,101,3.6
133.0,0.006,83,101,3.6
133.5,0.006,83,100,3.6
134.0,0.005,83,100,3.6
134.5,0.008,83,100,3.6
135.0,0.005,84,100,3.6
135.5,0.006,84,100,4.2
136.0,0.006,84,101,4.2
136.5,0.005,85,101,4.800000000000001
137.0,0.006,85,101,4.800000000000001
137.5,0.01,85,101,4.800000000000001
138.0,0.006,86,102,4.2
138.5,0.006,86,101,4.2
139.0,0.006,86,101,3.6
139.5,0.006,87,101,3.6
140.0,0.008,87,102,4.2
140.5,0.01,87,100,4.2
141.0,0.006,88,101,4.2
141.5,0.006,88,101,4.2
142.0,0.006,88,101,4.2
142.5,0.008,88,101,3.6
143.0,0.008,89,102,3.6
143.5,0.01,89,101,3.6
144.0,0.006,89,101,3.6
144.5,0.008,90,102,3.0
145.0,0.006,90,101,3.6
145.5,0.006,90,102,3.6
146.0,0.008,91,101,3.6
146.5,0.008,91,101,3.0
147.0,0.005,91,102,2.4000000000000004
147.5,0.008,91,102,1.8
148.0,0.008,92,102,1.8
148.5,0.005,92,101,1.8
149.0,0.006,92,101,1.2000000000000002
149.5,0.008,93,100,1.2000000000000002
150.0,0.005,93,100,1.8
150.5,0.006,93,99,1.8
151.0,0.006,94,99,1.8
151.5,0.005,94,99,1.8
152.0,0.005,94,99,0.6000000000000001
152.5,0.01,94,98,0.0
153.0,0.006,95,99,0.0
153.5,0.006,95,99,0.0
154.0,0.006,95,99,0.0
154.5,0.006,96,99,0.0
155.0,0.006,96,98,0.0
155.5,0.008,96,99,0.0
156.0,0.008,97,99,0.0
156.5,0.006,97,99,0.0
157.0,0.008,97,100,0.0
157.5,0.006,97,100,0.0
158.0,0.006,98,100,0.6000000000000001
158.5,0.01,98,101,0.6000000000000001
159.0,0.006,98,101,0.6000000000000001
159.5,0.008,99,101,0.6000000000000001
160.0,0.008,99,101,0.6000000000000001
160.5,0.006,99,101,0.6000000000000001
161.0,0.006,100,100,0.6000000000000001
161.5,0.008,100,100,0.0
162.0,0.005,100,99,2.4000000000000004
162.5,0.006,101,100,3.6
163.0,0.006,101,100,4.2
163.5,0.006,101,101,4.2
164.0,0.006,102,101,3.6
164.5,0.005,102,100,3.6
165.0,0.006,102,100,3.6
165.5,0.008,103,100,3.0
166.0,0.006,103,100,3.6
166.5,0.005,103,99,3.6
167.0,0.008,103,100,3.6
167.5,0.006,104,100,4.2
168.0,0.006,104,100,4.2
168.5,0.008,104,100,4.800000000000001
169.0,0.005,105,101,4.800000000000001
169.5,0.005,105,101,4.800000000000001
170.0,0.006,105,101,4.2
170.5,0.006,106,101,3.6
171.0,0.006,106,101,3.6
171.5,0.008,106,100,3.6
172.0,0.006,107,100,4.2
172.5,0.003,107,100,4.2
173.0,0.008,107,100,3.6
173.5,0.008,107,101,4.2
174.0,0.006,108,100,4.2
174.5,0.008,108,101,3.6
175.0,0.008,108,101,3.6
175.5,0.005,109,101,3.6
176.0,0.008,109,101,3.0
176.5,0.008,109,101,3.0
177.0,0.008,110,101,3.0
177.5,0.008,110,101,3.6
178.0,0.006,110,101,3.6
178.5,0.006,110,101,2.4000000000000004
179.0,0.01,111,101,2.4000000000000004
179.5,0.008,111,101,1.8
180.0,0.008,111,102,1.8
180.5,0.006,112,101,1.8
181.0,0.006,112,101,1.8
181.5,0.003,112,100,1.2000000000000002
182.0,0.006,113,100,1.2000000000000002
182.5,0.005,113,99,1.8
183.0,0.006,113,98,1.8
183.5,0.006,113,98,1.8
184.0,0.005,114,98,0.6000000000000001
184.5,0.005,114,98,0.0
185.0,0.01,114,98,0.0
185.5,0.005,115,99,0.0
186.0,0.008,115,98,0.0
186.5,0.008,115,99,0.0
187.0,0.006,116,99,0.0
187.5,0.006,120,100,0.6000000000000001
188.0,0.008,120,99,2.4000000000000004
188.5,0.006,120,99,3.6
189.0,0.01,121,100,4.2
189.5,0.008,121,100,4.2
190.0,0.005,121,100,3.6
190.5,0.006,122,100,3.6
191.0,0.006,122,99,3.6
191.5,0.005,122,99,3.0
192.0,0.006,122,99,3.0
192.5,0.006,123,99,3.6
193.0,0.005,123,99,3.6
193.5,0.006,123,99,4.2
194.0,0.008,124,100,4.2
194.5,0.005,124,100,4.800000000000001
195.0,0.011,124,100,4.800000000000001
195.5,0.006,125,100,4.800000000000001
196.0,0.006,125,100,4.2
196.5,0.006,125,100,3.6
197.0,0.008,126,100,3.6
197.5,0.006,126,100,3.6
198.0,0.01,126,100,4.2
198.5,0.008,126,100,4.2
199.0,0.006,127,100,4.2
199.5,0.006,127,100,4.2
200.0,0.008,127,100,4.2
200.5,0.006,128,100,3.6
201.0,0.011,128,101,3.6
201.5,0.008,128,101,3.0
202.0,0.008,128,101,3.0
202.5,0.006,129,100,3.0
203.0,0.008,129,101,3.0
203.5,0.006,129,101,3.6
204.0,0.01,130,100,3.6
204.5,0.008,130,100,3.0
205.0,0.008,130,101,2.4000000000000004
205.5,0.006,131,101,1.8
206.0,0.008,131,101,1.8
206.5,0.006,131,101,1.8
207.0,0.008,131,100,1.8
207.5,0.006,132,99,1.8
208.0,0.005,132,99,1.2000000000000002
208.5,0.005,132,98,1.8
209.0,0.006,133,98,1.8
209.5,0.006,133,98,1.8
210.0,0.01,133,98,0.6000000000000001
210.5,0.006,134,98,0.0
211.0,0.006,134,98,0.0
211.5,0.005,134,98,0.0
212.0,0.008,135,98,0.0
212.5,0.006,135,98,0.0
213.0,0.01,135,98,0.0
213.5,0.008,135,98,0.0
214.0,0.006,136,98,0.0
214.5,0.006,136,98,0.0
215.0,0.01,136,99,0.0
215.5,0.008,137,99,0.0
216.0,0.01,137,99,0.6000000000000001
216.5,0.008,137,100,0.6000000000000001
217.0,0.005,137,101,0.6000000000000001
217.5,0.008,138,101,0.6000000000000001
218.0,0.008,138,101,0.0
218.5,0.008,138,100,0.6000000000000001
219.0,0.008,139,100,0.6000000000000001
219.5,0.008,139,100,0.6000000000000001
220.0,0.006,139,100,0.6000000000000001
220.5,0.006,140,99,1.8
221.0,0.008,140,99,3.6
221.5,0.006,140,100,4.2
222.0,0.006,141,100,4.2
222.5,0.008,141,100,4.2
223.0,0.006,141,100,3.6
223.5,0.008,141,100,3.6
224.0,0.006,142,99,3.6
224.5,0.006,142,99,3.6
225.0,0.006,142,99,3.6
225.5,0.006,143,99,3.6
226.0,0.006,143,99,4.2
226.5,0.008,143,99,4.2
227.0,0.01,143,99,4.800000000000001
227.5,0.006,144,100,4.800000000000001
228.0,0.006,144,100,4.800000000000001
228.5,0.006,144,100,4.800000000000001
229.0,0.005,145,100,4.2
229.5,0.008,145,100,3.6
230.0,0.008,145,99,3.6
230.5,0.006,146,100,4.2
231.0,0.008,146,99,4.800000000000001
231.5,0.01,146,100,4.2
232.0,0.006,146,99,4.2
232.5,0.008,147,100,4.2
233.0,0.01,147,100,4.2
233.5,0.008,147,100,3.6
234.0,0.006,148,100,3.6
234.5,0.008,148,100,3.0
235.0,0.006,148,100,3.6
235.5,0.01,149,100,3.0
236.0,0.008,149,100,3.6
236.5,0.006,149,100,3.6
237.0,0.008,150,100,3.0
237.5,0.008,150,100,2.4000000000000004
238.0,0.008,150,100,1.8
238.5,0.008,150,101,1.8
239.0,0.008,151,100,1.8
239.5,0.008,151,100,1.8
240.0,0.006,151,99,1.8
240.5,0.008,152,99,1.8
241.0,0.006,152,98,1.8
241.5,0.008,152,97,1.8
242.0,0.006,152,97,1.8
242.5,0.006,153,97,1.2000000000000002
243.0,0.005,153,97,0.6000000000000001
243.5,0.008,153,97,0.0
244.0,0.006,154,97,0.0
244.5,0.01,154,98,0.0
245.0,0.005,154,98,0.0
245.5,0.006,155,97,0.0
246.0,0.006,155,97,0.0
246.5,0.008,155,98,0.0
247.0,0.006,156,98,0.0
247.5,0.01,156,98,0.0
248.0,0.008,156,99,0.0
248.5,0.006,156,99,0.0
249.0,0.008,157,100,0.6000000000000001
249.5,0.01,157,100,0.6000000000000001
250.0,0.01,157,100,0.6000000000000001
250.5,0.008,158,100,0.6000000000000001
251.0,0.008,158,100,0.6000000000000001
251.5,0.006,158,100,0.6000000000000001
252.0,0.008,158,99,0.6000000000000001
252.5,0.01,159,100,0.6000000000000001
253.0,0.008,159,99,1.2000000000000002
253.5,0.008,159,99,3.0
254.0,0.006,160,99,4.2
254.5,0.006,160,99,4.2
255.0,0.008,160,100,4.2
255.5,0.006,161,100,4.2
256.0,0.006,161,99,3.6
256.5,0.006,161,99,3.6
257.0,0.006,161,99,3.6
257.5,0.006,162,99,3.6
258.0,0.008,162,98,3.6
258.5,0.006,162,99,4.2
259.0,0.006,163,99,4.2
259.5,0.006,163,100,4.800000000000001
260.0,0.006,163,100,4.800000000000001
260.5,0.006,164,100,4.800000000000001
261.0,0.008,164,100,4.800000000000001
261.5,0.005,164,100,4.2
262.0,0.006,164,100,4.2
262.5,0.005,165,100,4.2
263.0,0.01,165,100,4.2
263.5,0.005,165,100,4.2
264.0,0.008,166,100,4.800000000000001
264.5,0.006,166,100,4.2
265.0,0.006,166,100,4.2
265.5,0.006,167,100,4.2
266.0,0.01,167,100,4.2
266.5,0.005,167,101,3.6
267.0,0.01,167,100,3.6
267.5,0.006,168,100,3.0
268.0,0.006,168,101,3.0
268.5,0.006,168,100,3.6
269.0,0.01,169,100,3.6
269.5,0.005,169,100,3.6
270.0,0.01,169,100,2.4000000000000004
270.5,0.008,170,100,2.4000000000000004
271.0,0.008,170,101,1.8
271.5,0.006,170,101,1.8
272.0,0.008,170,100,1.8
272.5,0.006,171,100,1.8
273.0,0.01,171,99,1.8
273.5,0.006,171,99,1.8
274.0,0.005,172,98,1.8
274.5,0.006,172,98,1.8
275.0,0.006,172,98,1.8
275.5,0.003,173,98,0.6000000000000001
276.0,0.008,173,98,0.0
276.5,0.006,173,98,0.0
277.0,0.006,173,98,0.0
277.5,0.006,174,98,0.0
278.0,0.006,174,98,0.0
278.5,0.006,174,98,0.0
279.0,0.005,175,98,0.0
279.5,0.006,175,98,0.6000000000000001
280.0,0.006,175,99,0.0
280.5,0.006,175,99,0.0
281.0,0.006,176,99,0.0
281.5,0.006,176,100,0.6000000000000001
282.0,0.006,176,100,0.6000000000000001
282.5,0.006,177,100,0.6000000000000001
283.0,0.006,177,101,0.6000000000000001
283.5,0.006,177,100,0.6000000000000001
284.0,0.005,178,100,0.6000000000000001
284.5,0.005,178,100,0.6000000000000001
285.0,0.006,178,100,0.6000000000000001
285.5,0.008,179,99,0.6000000000000001
286.0,0.006,179,99,2.4000000000000004
286.5,0.006,179,99,3.6
287.0,0.006,179,99,4.2
287.5,0.003,180,100,4.2
288.0,0.005,180,100,4.2
288.5,0.005,180,100,4.2
289.0,0.008,181,99,3.6
289.5,0.005,181,99,3.6
290.0,0.006,181,99,3.6
290.5,0.005,182,99,3.6
291.0,0.003,182,99,4.2
291.5,0.005,182,99,4.2
292.0,0.005,182,100,4.2
292.5,0.006,183,100,4.800000000000001
293.0,0.005,183,100,5.4
293.5,0.003,183,100,4.800000000000001
294.0,0.003,184,101,4.800000000000001
294.5,0.008,184,100,4.2
295.0,0.005,184,100,4.2
295.5,0.005,185,100,4.2
296.0,0.005,185,100,4.2
296.5,0.003,185,100,4.800000000000001
297.0,0.005,185,100,4.2
297.5,0.008,186,100,4.2
298.0,0.003,186,101,4.2
298.5,0.005,186,101,4.2
299.0,0.005,187,100,3.6
299.5,0.003,187,101,3.6
300.0,0.003,187,101,3.0
300.5,0.006,188,101,3.0
301.0,0.003,188,101,3.0
301.5,0.003,188,101,3.6
302.0,0.008,189,100,3.6
302.5,0.005,189,100,3.0
303.0,0.003,189,100,2.4000000000000004
303.5,0.006,189,101,1.8
304.0,0.005,190,101,1.8
304.5,0.003,190,101,1.8
305.0,0.006,190,100,1.8
305.5,0.002,191,99,1.8
306.0,0.006,191,99,1.2000000000000002
306.5,0.003,191,98,1.8
307.0,0.003,192,98,1.8
307.5,0.003,192,98,1.2000000000000002
308.0,0.002,192,98,0.0
308.5,0.002,193,98,0.0
309.0,0.006,193,98,0.0
309.5,0.003,193,98,0.0
310.0,0.003,194,99,0.0
310.5,0.005,194,98,0.0
311.0,0.002,194,98,0.0
311.5,0.003,194,98,0.0
312.0,0.006,195,99,0.0
312.5,0.003,195,99,0.0
313.0,0.005,195,99,0.0
313.5,0.003,196,99,0.6000000000000001
314.0,0.003,196,100,0.6000000000000001
314.5,0.005,196,101,0.6000000000000001
315.0,0.008,197,101,0.6000000000000001
315.5,0.005,197,101,0.6000000000000001
316.0,0.003,197,100,0.6000000000000001
316.5,0.005,197,100,0.6000000000000001
317.0,0.005,198,100,0.6000000000000001
317.5,0.002,198,100,0.6000000000000001
318.0,0.006,198,99,1.8
318.5,0.005,199,99,3.6
319.0,0.005,199,99,4.2
319.5,0.005,199,100,4.2
320.0,0.003,200,100,4.2
320.5,0.005,200,100,3.6
321.0,0.003,200,100,3.6
321.5,0.005,200,99,3.6
322.0,0.005,201,99,3.6
322.5,0.005,201,99,3.6
323.0,0.003,201,99,3.6
323.5,0.003,202,99,4.2
324.0,0.003,202,100,4.2
324.5,0.002,202,100,4.800000000000001
325.0,0.003,203,100,4.800000000000001
325.5,0.005,203,100,4.800000000000001
326.0,0.0,203,101,4.2
326.5,0.002,204,100,4.2
327.0,0.003,204,100,3.6
327.5,0.003,204,100,3.6
328.0,0.003,204,100,3.6
328.5,0.005,205,100,4.2
329.0,0.003,205,100,4.2
329.5,0.002,205,100,3.6
330.0,0.003,206,100,3.6
330.5,0.003,206,100,3.6
331.0,0.003,206,100,3.6
331.5,0.006,206,100,3.6
332.0,0.003,207,100,3.0
332.5,0.003,207,100,3.0
333.0,0.003,207,100,3.0
333.5,0.003,208,101,3.6
334.0,0.003,208,101,3.6
334.5,0.005,208,100,3.0
335.0,0.005,209,100,2.4000000000000004
335.5,0.003,209,101,1.8
336.0,0.005,209,101,1.8
336.5,0.005,209,101,1.8
337.0,0.003,210,101,1.8
337.5,0.005,210,100,1.8
338.0,0.002,210,99,1.8
338.5,0.003,211,99,1.8
339.0,0.002,211,98,1.8
339.5,0.003,211,98,1.8
340.0,0.002,212,98,1.2000000000000002
340.5,0.006,212,98,0.6000000000000001
341.0,0.003,212,98,0.0
341.5,0.0,213,98,0.0
342.0,0.002,213,99,0.0
342.5,0.005,213,99,0.0
343.0,0.003,213,98,0.0
343.5,0.005,214,98,0.0
344.0,0.002,214,98,0.0
344.5,0.003,214,98,0.0
345.0,0.003,215,99,0.0
345.5,0.006,215,100,0.0
346.0,0.003,215,100,0.6000000000000001
346.5,0.005,215,101,0.6000000000000001
347.0,0.003,216,101,0.6000000000000001
347.5,0.003,216,101,0.6000000000000001
348.0,0.005,216,101,0.6000000000000001
348.5,0.006,217,101,0.6000000000000001
349.0,0.003,217,101,0.6000000000000001
349.5,0.006,217,101,0.0
350.0,0.003,218,100,0.0
350.5,0.005,218,100,1.2000000000000002
351.0,0.005,218,99,3.0
351.5,0.006,219,100,3.6
352.0,0.003,219,101,4.2
352.5,0.006,219,100,3.6
353.0,0.006,219,100,3.6
353.5,0.006,220,100,3.0
354.0,0.003,220,99,3.0
354.5,0.005,220,99,3.6
355.0,0.003,221,99,3.6
355.5,0.006,221,99,3.6
356.0,0.005,221,99,4.2
356.5,0.005,222,100,4.2
357.0,0.005,222,100,4.800000000000001
357.5,0.003,222,100,4.800000000000001
358.0,0.003,222,100,4.800000000000001
358.5,0.005,223,101,4.800000000000001
359.0,0.005,223,101,4.2
359.5,0.003,223,100,3.6
360.0,0.003,224,100,3.6
360.5,0.003,224,101,3.6
361.0,0.003,224,101,4.2
361.5,0.006,225,100,4.2
362.0,0.006,225,100,3.6
362.5,0.005,225,100,3.6
363.0,0.005,225,100,3.6
363.5,0.005,226,101,3.6
364.0,0.005,226,101,3.6
364.5,0.006,226,100,3.0
365.0,0.008,227,101,3.0
365.5,0.005,227,101,3.0
366.0,0.005,227,101,3.0
366.5,0.005,228,101,3.6
367.0,0.005,228,101,3.0
367.5,0.006,228,101,2.4000000000000004
368.0,0.006,229,101,1.8
368.5,0.005,229,101,1.8
369.0,0.005,229,101,1.8
369.5,0.005,229,101,1.8
370.0,0.005,230,100,1.2000000000000002
370.5,0.005,230,99,1.2000000000000002
371.0,0.005,230,99,1.8
371.5,0.003,231,98,1.8
372.0,0.005,231,98,1.8
372.5,0.003,231,98,1.2000000000000002
373.0,0.005,232,98,0.6000000000000001
373.5,0.003,232,98,0.0
374.0,0.005,232,98,0.0
374.5,0.002,232,99,0.0
375.0,0.005,233,99,0.0
375.5,0.003,233,98,0.0
376.0,0.002,233,98,0.0
376.5,0.003,234,98,0.0
377.0,0.005,234,99,0.0
377.5,0.005,234,99,0.0
378.0,0.003,235,100,0.0
378.5,0.003,235,100,0.6000000000000001
379.0,0.005,235,100,0.6000000000000001
379.5,0.005,236,101,0.6000000000000001
380.0,0.003,236,101,0.6000000000000001
380.5,0.005,236,100,0.6000000000000001
381.0,0.005,237,100,0.6000000000000001
381.5,0.005,237,100,0.0
382.0,0.003,237,100,0.0
382.5,0.006,238,99,1.2000000000000002
383.0,0.003,238,99,3.0
383.5,0.006,238,99,3.6
384.0,0.005,238,100,4.2
384.5,0.006,239,100,4.2
385.0,0.003,239,100,3.6
385.5,0.005,239,99,3.6
386.0,0.005,240,99,3.0
386.5,0.006,240,99,3.0
387.0,0.005,240,98,3.6
387.5,0.005,240,98,3.6
388.0,0.005,241,99,4.2
388.5,0.005,241,99,4.2
389.0,0.005,241,99,4.2
389.5,0.005,242,100,4.800000000000001
390.0,0.005,242,100,4.800000000000001
390.5,0.003,242,100,4.800000000000001
391.0,0.003,243,100,4.2
391.5,0.005,243,100,4.2
392.0,0.003,243,100,3.6
392.5,0.005,243,100,3.6
393.0,0.005,244,100,4.2
393.5,0.003,244,100,4.2
394.0,0.003,244,100,3.6
394.5,0.005,245,100,4.2
395.0,0.002,245,100,3.6
395.5,0.005,245,100,3.6
396.0,0.008,246,101,3.6
396.5,0.005,246,101,3.0
397.0,0.003,246,100,3.0
397.5,0.005,247,100,3.0
398.0,0.003,247,101,3.0
398.5,0.005,247,100,3.6
399.0,0.006,247,100,3.0
399.5,0.005,248,100,2.4000000000000004
400.0,0.005,248,100,1.8
400.5,0.006,248,101,1.8
401.0,0.005,249,101,1.8
401.5,0.006,249,100,1.8
402.0,0.005,249,100,1.8
402.5,0.005,250,99,1.2000000000000002
403.0,0.003,250,99,1.2000000000000002
403.5,0.005,0,98,1.2000000000000002
404.0,0.005,0,98,1.2000000000000002
404.5,0.008,1,98,1.2000000000000002
405.0,0.005,1,98,0.6000000000000001
405.5,0.003,1,98,0.0
406.0,0.005,2,97,0.0
406.5,0.005,2,98,0.0
407.0,0.003,2,98,0.0
407.5,0.005,3,98,0.0
408.0,0.005,3,98,0.0
408.5,0.003,3,98,0.0
409.0,0.005,3,97,0.0
409.5,0.005,4,99,0.0
410.0,0.003,4,99,0.0
410.5,0.005,4,99,0.0
411.0,0.005,5,100,0.6000000000000001
411.5,0.002,5,100,0.6000000000000001
412.0,0.003,5,100,0.6000000000000001
412.5,0.005,6,101,0.6000000000000001
413.0,0.003,6,101,0.6000000000000001
413.5,0.005,6,100,0.6000000000000001
414.0,0.005,6,100,0.6000000000000001
414.5,0.003,7,100,0.6000000000000001
415.0,0.005,7,99,0.6000000000000001
415.5,0.005,7,99,2.4000000000000004
416.0,0.005,8,99,3.6
416.5,0.005,8,100,4.2
417.0,0.005,8,100,4.2
417.5,0.003,9,100,3.6
418.0,0.008,9,100,3.6
418.5,0.005,9,99,3.6
419.0,0.005,9,99,3.0
419.5,0.005,10,99,3.0
420.0,0.005,10,99,3.6
420.5,0.003,10,99,3.6
421.0,0.008,11,99,3.6
421.5,0.003,11,100,4.2
422.0,0.003,11,100,4.800000000000001
422.5,0.005,11,100,4.800000000000001
423.0,0.005,12,100,4.2
423.5,0.003,12,101,4.2
424.0,0.005,12,100,3.6
424.5,0.003,13,100,3.6
425.0,0.005,13,100,3.6
425.5,0.003,13,100,3.6
426.0,0.005,14,100,4.2
426.5,0.003,14,100,3.6
427.0,0.008,14,100,3.6
427.5,0.002,15,100,3.6
428.0,0.005,15,101,3.6
428.5,0.003,15,100,3.6
429.0,0.005,15,101,3.0
429.5,0.003,16,101,3.0
430.0,0.008,16,100,3.0
430.5,0.006,16,101,3.0
431.0,0.005,17,101,3.6
431.5,0.005,17,100,3.6
432.0,0.005,17,101,3.0
432.5,0.003,18,101,2.4000000000000004
433.0,0.008,18,101,1.8
433.5,0.005,18,101,1.8
434.0,0.005,19,101,1.8
434.5,0.005,19,101,1.8
435.0,0.006,19,100,1.2000000000000002
435.5,0.005,19,100,1.2000000000000002
436.0,0.008,20,99,1.8
436.5,0.006,20,98,1.8
437.0,0.005,20,98,1.2000000000000002
437.5,0.005,21,98,0.6000000000000001
438.0,0.005,21,98,0.0
438.5,0.003,21,98,0.0
439.0,0.006,21,98,0.0
439.5,0.005,22,99,0.0
440.0,0.005,22,98,0.0
440.5,0.003,22,98,0.0
441.0,0.003,23,99,0.0
441.5,0.002,23,99,0.0
442.0,0.005,23,98,0.0
442.5,0.006,24,99,0.0
443.0,0.005,24,99,0.0
443.5,0.005,24,100,0.6000000000000001
444.0,0.006,24,101,0.6000000000000001
444.5,0.003,25,101,0.6000000000000001
445.0,0.005,25,101,0.6000000000000001
445.5,0.006,25,101,0.6000000000000001
446.0,0.005,26,100,0.6000000000000001
446.5,0.005,26,100,0.0
447.0,0.005,26,100,0.0
447.5,0.002,27,99,0.6000000000000001
448.0,0.006,27,99,2.4000000000000004
448.5,0.005,27,99,3.6
449.0,0.003,27,100,3.6
449.5,0.005,28,100,3.6
450.0,0.005,28,100,3.6
450.5,0.003,28,100,3.6
451.0,0.005,29,99,3.6
451.5,0.005,29,99,3.0
452.0,0.005,29,99,3.0
452.5,0.005,30,98,3.6
453.0,0.006,30,98,3.6
453.5,0.005,30,99,4.2
454.0,0.003,30,99,4.2
454.5,0.006,31,99,4.800000000000001
455.0,0.005,31,100,4.800000000000001
455.5,0.005,31,99,4.800000000000001
456.0,0.005,32,100,4.2
456.5,0.005,32,99,4.2
457.0,0.003,32,99,3.6
457.5,0.003,33,99,4.2
458.0,0.002,33,99,4.2
458.5,0.005,33,99,4.800000000000001
459.0,0.003,33,99,4.2
459.5,0.003,34,99,4.2
460.0,0.003,34,99,4.2
460.5,0.005,34,100,4.2
461.0,0.005,35,100,3.6
461.5,0.006,35,100,3.6
462.0,0.005,35,100,3.0
462.5,0.005,36,100,3.0
463.0,0.003,36,100,3.0
463.5,0.006,36,100,3.6
464.0,0.006,36,100,3.6
464.5,0.005,37,100,3.0
465.0,0.006,37,100,2.4000000000000004
465.5,0.003,37,100,1.8
466.0,0.005,38,100,1.8
466.5,0.006,38,100,1.8
467.0,0.005,38,100,1.8
467.5,0.005,39,99,1.8
468.0,0.005,39,98,1.8
468.5,0.005,39,98,1.8
469.0,0.002,39,97,1.8
469.5,0.008,40,97,1.8
470.0,0.005,40,97,1.2000000000000002
470.5,0.006,40,97,0.6000000000000001
471.0,0.003,41,97,0.0
471.5,0.005,41,97,0.0
472.0,0.002,41,97,0.0
472.5,0.006,42,98,0.0
473.0,0.005,42,97,0.0
473.5,0.006,42,98,0.0
474.0,0.005,42,97,0.0
474.5,0.003,43,98,0.0
475.0,0.003,43,98,0.0
475.5,0.005,43,99,0.0
476.0,0.005,44,99,0.6000000000000001
476.5,0.003,44,100,0.6000000000000001
477.0,0.006,44,100,0.6000000000000001
477.5,0.003,44,101,0.6000000000000001
478.0,0.003,45,101,0.6000000000000001
478.5,0.005,45,100,0.6000000000000001
479.0,0.005,45,100,0.6000000000000001
479.5,0.003,46,100,0.6000000000000001
480.0,0.006,46,100,0.6000000000000001
480.5,0.003,46,99,1.2000000000000002
481.0,0.003,47,99,3.0
481.5,0.005,47,100,4.2
482.0,0.006,47,100,4.2
482.5,0.003,48,100,4.2
483.0,0.006,48,100,3.6
483.5,0.005,48,100,3.6
484.0,0.005,48,99,3.6
484.5,0.005,49,99,3.0
485.0,0.006,49,99,3.6
485.5,0.005,49,99,3.6
486.0,0.006,50,99,4.2
486.5,0.005,50,100,3.6
487.0,0.006,50,100,4.2
487.5,0.005,51,100,4.800000000000001
488.0,0.005,51,101,4.800000000000001
488.5,0.003,51,101,4.800000000000001
489.0,0.006,51,101,3.6
489.5,0.003,52,100,3.6
490.0,0.005,52,100,3.6
490.5,0.003,52,100,3.6
491.0,0.005,53,100,4.2
491.5,0.003,53,100,3.6
492.0,0.005,53,100,3.6
492.5,0.005,54,100,3.6
493.0,0.005,54,100,3.6
493.5,0.003,54,101,3.6
494.0,0.003,54,101,3.0
494.5,0.003,55,101,3.0
495.0,0.006,55,101,3.0
495.5,0.005,55,101,3.0
496.0,0.006,56,101,3.6
496.5,0.003,56,101,3.6
497.0,0.005,56,101,3.0
497.5,0.003,57,101,2.4000000000000004
498.0,0.005,57,101,1.8
498.5,0.005,57,101,1.8
499.0,0.003,58,101,1.8
499.5,0.003,58,101,1.8
500.0,0.006,58,100,1.2000000000000002
500.5,0.005,58,100,1.2000000000000002
501.0,0.006,59,99,1.2000000000000002
501.5,0.005,59,99,1.2000000000000002
502.0,0.006,59,98,1.2000000000000002
502.5,0.003,60,98,1.2000000000000002
503.0,0.005,60,98,0.6000000000000001
503.5,0.003,60,98,0.0
504.0,0.006,60,98,0.0
504.5,0.005,61,98,0.0
505.0,0.005,61,98,0.0
505.5,0.003,61,98,0.0
506.0,0.005,62,98,0.0
506.5,0.003,62,98,0.0
507.0,0.006,62,98,0.0
507.5,0.005,63,99,0.0
508.0,0.005,63,99,0.0
508.5,0.003,63,99,0.0
509.0,0.005,63,100,0.6000000000000001
509.5,0.003,64,100,0.6000000000000001
510.0,0.006,64,101,0.6000000000000001
510.5,0.005,64,101,0.6000000000000001
511.0,0.005,65,100,0.6000000000000001
511.5,0.003,65,100,0.6000000000000001
512.0,0.005,65,100,0.6000000000000001
512.5,0.003,66,100,0.0
513.0,0.006,66,99,1.2000000000000002
513.5,0.006,66,99,3.0
514.0,0.003,66,99,3.6
514.5,0.006,67,100,4.2
515.0,0.005,67,100,4.2
515.5,0.003,67,100,3.6
516.0,0.005,68,100,3.6
516.5,0.005,68,99,3.6
517.0,0.005,68,99,3.0
517.5,0.005,69,99,3.6
518.0,0.006,69,99,3.6
518.5,0.005,69,99,4.2
519.0,0.005,69,99,4.2
519.5,0.005,70,100,4.2
520.0,0.003,70,100,4.800000000000001
520.5,0.005,70,100,4.800000000000001
521.0,0.006,71,100,4.2
521.5,0.003,71,100,4.2
522.0,0.005,71,100,3.6
522.5,0.003,72,100,3.6
523.0,0.005,72,99,3.6
523.5,0.003,72,100,4.2
524.0,0.002,73,100,4.2
524.5,0.003,73,99,3.6
525.0,0.003,73,99,4.2
525.5,0.003,73,100,4.2
526.0,0.005,74,100,3.6
526.5,0.005,74,100,3.6
527.0,0.003,74,100,3.0
527.5,0.005,75,100,3.0
528.0,0.003,75,100,3.0
528.5,0.005,75,100,3.0
529.0,0.006,75,100,3.6
529.5,0.005,76,100,3.6
530.0,0.003,76,100,2.4000000000000004
530.5,0.006,76,100,1.8
531.0,0.005,77,100,1.8
531.5,0.005,77,101,1.8
532.0,0.006,77,100,1.8
532.5,0.003,78,100,1.8
533.0,0.003,78,99,1.8
533.5,0.006,78,98,1.2000000000000002
534.0,0.003,78,98,1.2000000000000002
534.5,0.005,79,97,1.8
535.0,0.008,79,97,1.8
535.5,0.005,79,97,0.6000000000000001
536.0,0.005,80,97,0.0
536.5,0.006,80,97,0.0
537.0,0.003,82,98,0.0
537.5,0.006,82,99,0.0
538.0,0.003,83,99,0.0
538.5,0.005,83,99,0.0
539.0,0.003,83,100,0.6000000000000001
539.5,0.005,83,100,0.6000000000000001
540.0,0.006,84,101,0.6000000000000001
540.5,0.005,84,101,0.6000000000000001
541.0,0.006,84,100,0.6000000000000001
541.5,0.006,85,100,0.6000000000000001
542.0,0.005,85,100,0.6000000000000001
542.5,0.005,85,100,0.6000000000000001
543.0,0.005,86,99,2.4000000000000004
543.5,0.005,86,99,3.6
544.0,0.005,86,100,4.2
544.5,0.006,87,100,4.2
545.0,0.003,87,100,4.2
545.5,0.006,87,100,3.6
546.0,0.005,87,100,3.6
546.5,0.005,88,99,3.6
547.0,0.005,88,99,3.6
547.5,0.008,88,99,3.6
548.0,0.006,89,99,3.6
548.5,0.006,89,99,4.2
549.0,0.01,89,99,4.2
549.5,0.006,90,100,4.800000000000001
550.0,0.006,90,100,4.800000000000001
550.5,0.005,90,100,4.800000000000001
551.0,0.005,90,101,4.2
551.5,0.005,91,100,4.2
552.0,0.006,91,100,3.6
552.5,0.003,91,100,3.6
553.0,0.005,92,100,4.2
553.5,0.005,92,100,4.800000000000001
554.0,0.006,92,100,4.2
554.5,0.003,93,100,4.2
555.0,0.006,93,99,4.2
555.5,0.005,93,100,4.2
556.0,0.005,93,101,3.6
556.5,0.006,94,100,3.6
557.0,0.005,94,100,3.0
557.5,0.003,94,100,3.0
558.0,0.006,95,101,3.0
558.5,0.003,95,100,3.6
559.0,0.005,95,100,3.6
559.5,0.005,96,100,3.0
560.0,0.006,96,101,2.4000000000000004
560.5,0.005,96,101,2.4000000000000004
561.0,0.008,96,101,1.8
561.5,0.005,97,101,1.8
562.0,0.006,97,100,1.8
562.5,0.005,97,99,1.8
563.0,0.003,98,99,1.2000000000000002
563.5,0.005,98,98,1.8
564.0,0.008,98,98,1.8
564.5,0.003,99,97,1.8
565.0,0.006,99,98,1.2000000000000002
565.5,0.005,99,97,0.6000000000000001
566.0,0.006,99,97,0.0
566.5,0.005,100,97,0.0
567.0,0.008,100,98,0.0
567.5,0.005,100,98,0.0
568.0,0.003,101,97,0.0
568.5,0.005,101,98,0.0
569.0,0.005,101,98,0.0
569.5,0.003,102,98,0.0
570.0,0.005,102,98,0.0
570.5,0.005,102,99,0.0
571.0,0.002,102,99,0.6000000000000001
571.5,0.003,103,100,0.6000000000000001
572.0,0.002,103,101,0.6000000000000001
572.5,0.002,103,101,0.6000000000000001
573.0,0.003,104,101,0.6000000000000001
573.5,0.003,104,100,0.6000000000000001
574.0,0.002,104,100,0.6000000000000001
574.5,0.003,105,100,0.6000000000000001
575.0,0.005,105,100,0.6000000000000001
575.5,0.003,105,100,1.8
576.0,0.003,105,99,3.0
576.5,0.005,106,100,4.2
577.0,0.002,106,100,4.2
577.5,0.005,106,100,4.2
578.0,0.005,107,100,3.6
578.5,0.003,107,100,3.6
579.0,0.003,107,99,3.6
579.5,0.003,108,99,3.0
580.0,0.003,108,99,3.6
580.5,0.005,108,99,3.6
581.0,0.005,108,99,4.2
581.5,0.003,109,100,4.2
582.0,0.002,109,100,4.2
582.5,0.005,109,100,4.800000000000001
583.0,0.003,110,100,4.800000000000001
583.5,0.006,110,100,4.2
584.0,0.003,110,100,4.2
584.5,0.002,111,100,3.6
585.0,0.003,111,100,3.6
585.5,0.003,111,100,3.6
586.0,0.002,112,100,4.2
586.5,0.003,112,100,4.2
587.0,0.003,112,99,3.6
587.5,0.003,112,100,4.2
588.0,0.0,113,100,4.2
588.5,0.003,113,100,3.6
589.0,0.002,113,101,3.6
589.5,0.005,114,100,3.6
590.0,0.002,114,100,3.0
590.5,0.002,114,100,3.6
591.0,0.002,114,100,3.6
591.5,0.003,115,100,3.6
592.0,0.002,115,100,3.0
592.5,0.005,115,100,2.4000000000000004
593.0,0.005,116,100,2.4000000000000004
593.5,0.003,116,101,1.8
594.0,0.003,116,101,1.8
594.5,0.006,117,100,1.8
595.0,0.003,117,99,1.8
595.5,0.005,117,99,1.8
596.0,0.002,117,98,1.8
596.5,0.002,118,98,1.8
597.0,0.002,118,97,1.8
597.5,0.005,118,97,1.8
598.0,0.003,119,97,0.6000000000000001
598.5,0.006,119,97,0.0
599.0,0.003,119,97,0.0
599.5,0.003,120,97,0.0
600.0,0.003,120,98,0.0
600.5,0.005,120,98,0.0
601.0,0.003,120,97,0.0
601.5,0.005,121,97,0.0
602.0,0.003,121,97,0.0
602.5,0.003,121,98,0.0
603.0,0.002,122,98,0.0
603.5,0.006,122,98,0.6000000000000001
604.0,0.003,122,99,0.6000000000000001
604.5,0.005,122,100,0.6000000000000001
605.0,0.002,123,100,0.6000000000000001
605.5,0.003,123,100,0.6000000000000001
606.0,0.002,123,100,0.6000000000000001
606.5,0.005,124,100,0.6000000000000001
607.0,0.003,124,100,0.0
607.5,0.005,124,100,0.6000000000000001
608.0,0.005,125,99,0.6000000000000001
608.5,0.003,125,99,2.4000000000000004
609.0,0.003,125,99,3.6
609.5,0.005,126,100,4.2
610.0,0.003,126,100,4.800000000000001
610.5,0.003,126,100,4.2
611.0,0.005,126,100,4.2
611.5,0.003,127,99,3.6
612.0,0.003,127,99,3.6
612.5,0.005,127,99,3.6
613.0,0.005,128,99,3.6
613.5,0.005,128,99,4.2
614.0,0.006,128,99,4.2
614.5,0.005,128,99,4.2
615.0,0.005,129,99,4.800000000000001
615.5,0.005,129,100,4.800000000000001
616.0,0.005,129,100,4.800000000000001
616.5,0.006,130,100,4.2
617.0,0.006,130,100,4.2
617.5,0.003,130,100,3.6
618.0,0.002,131,100,3.6
618.5,0.003,131,100,4.2
619.0,0.005,131,100,4.800000000000001
619.5,0.005,131,100,4.2
620.0,0.006,132,99,4.2
620.5,0.003,132,100,4.2
621.0,0.005,132,100,4.2
621.5,0.003,133,100,3.6
622.0,0.003,133,100,3.6
622.5,0.005,133,100,3.0
623.0,0.005,134,100,3.0
623.5,0.002,134,100,3.0
624.0,0.006,134,100,3.6
624.5,0.003,135,100,4.2
625.0,0.003,135,100,3.0
625.5,0.003,135,100,2.4000000000000004
626.0,0.006,135,100,1.8
626.5,0.003,136,101,1.8
627.0,0.005,136,101,1.8
627.5,0.003,136,100,1.8
628.0,0.005,137,99,1.2000000000000002
628.5,0.003,137,99,1.8
629.0,0.005,137,98,1.8
629.5,0.003,138,98,0.6000000000000001
630.0,0.006,138,98,0.0
630.5,0.003,139,98,0.0
631.0,0.01,139,98,0.0
631.5,0.003,139,98,0.0
632.0,0.005,140,98,0.0
632.5,0.003,140,98,0.0
633.0,0.006,140,98,0.0
633.5,0.003,141,98,0.0
634.0,0.006,141,98,0.0
634.5,0.003,141,99,0.0
635.0,0.002,141,99,0.0
635.5,0.003,142,99,0.6000000000000001
636.0,0.005,142,100,0.6000000000000001
636.5,0.003,142,101,0.6000000000000001
637.0,0.005,143,101,0.6000000000000001
637.5,0.003,143,101,0.6000000000000001
638.0,0.003,143,100,0.6000000000000001
638.5,0.003,143,100,0.6000000000000001
639.0,0.005,144,100,0.6000000000000001
639.5,0.003,144,100,0.6000000000000001
640.0,0.005,144,99,2.4000000000000004
640.5,0.005,145,99,3.0
641.0,0.002,145,99,3.6
641.5,0.003,145,100,4.2
642.0,0.003,146,100,3.6
642.5,0.003,146,100,3.6
643.0,0.005,146,99,3.6
643.5,0.005,146,99,3.0
644.0,0.003,147,99,3.0
644.5,0.005,147,98,3.6
645.0,0.003,147,98,3.6
645.5,0.005,148,99,4.2
646.0,0.005,148,99,4.2
646.5,0.005,148,99,4.800000000000001
647.0,0.003,149,100,4.800000000000001
647.5,0.005,149,100,4.800000000000001
648.0,0.005,149,100,4.800000000000001
648.5,0.005,150,100,4.2
649.0,0.005,150,100,3.6
649.5,0.005,150,100,3.6
650.0,0.005,150,100,4.2
650.5,0.006,151,100,4.2
651.0,0.003,151,100,4.2
651.5,0.003,151,100,4.2
652.0,0.005,152,100,4.2
652.5,0.005,152,100,4.2
653.0,0.005,152,100,3.6
653.5,0.005,152,100,3.6
654.0,0.002,153,101,3.0
654.5,0.005,153,100,3.0
655.0,0.003,153,100,3.0
655.5,0.003,154,101,3.6
656.0,0.005,154,101,3.6
656.5,0.006,154,100,3.0
657.0,0.003,155,100,2.4000000000000004
657.5,0.006,155,101,1.8
658.0,0.003,155,101,1.8
658.5,0.005,156,101,1.8
659.0,0.005,156,100,1.8
659.5,0.006,156,100,1.8
660.0,0.003,156,99,1.8
660.5,0.006,157,99,1.8
661.0,0.003,157,98,1.8
661.5,0.005,157,98,1.8
662.0,0.006,158,98,1.2000000000000002
662.5,0.006,158,98,0.6000000000000001
663.0,0.005,158,98,0.0
663.5,0.005,158,97,0.0
664.0,0.005,159,98,0.0
664.5,0.006,159,98,0.0
665.0,0.006,159,98,0.0
665.5,0.01,160,97,0.0
666.0,0.006,160,98,0.0
666.5,0.005,160,98,0.0
667.0,0.005,161,98,0.0
667.5,0.006,161,99,0.0
668.0,0.005,161,99,0.6000000000000001
668.5,0.008,161,100,0.6000000000000001
669.0,0.005,162,101,0.6000000000000001
669.5,0.006,162,101,0.6000000000000001
670.0,0.005,162,101,0.6000000000000001
670.5,0.005,163,101,0.6000000000000001
671.0,0.003,163,100,0.6000000000000001
671.5,0.008,163,100,0.6000000000000001
672.0,0.005,164,100,0.0
672.5,0.005,164,100,1.2000000000000002
673.0,0.005,164,99,3.0
673.5,0.005,165,99,3.6
674.0,0.003,165,100,4.2
674.5,0.006,165,100,4.2
675.0,0.005,165,100,3.6
675.5,0.005,166,100,3.6
676.0,0.006,166,99,3.6
676.5,0.005,166,99,3.0
677.0,0.006,167,99,3.6
677.5,0.006,167,99,3.6
678.0,0.006,167,99,4.2
678.5,0.005,167,99,4.2
679.0,0.006,168,100,4.2
679.5,0.006,168,100,4.800000000000001
680.0,0.006,168,100,4.800000000000001
680.5,0.008,169,100,4.800000000000001
681.0,0.006,169,100,4.2
681.5,0.003,169,100,3.6
682.0,0.006,170,100,3.6
682.5,0.005,170,100,4.2
683.0,0.005,170,100,4.2
683.5,0.006,170,100,4.2
684.0,0.006,171,100,4.2
684.5,0.005,171,100,4.2
685.0,0.006,171,100,4.2
685.5,0.005,172,101,4.2
686.0,0.006,172,101,3.6
686.5,0.005,172,101,3.0
687.0,0.005,173,101,3.0
687.5,0.002,173,101,3.0
688.0,0.006,173,100,3.6
688.5,0.005,174,101,3.6
689.0,0.005,174,100,3.6
689.5,0.006,174,100,2.4000000000000004
690.0,0.006,174,100,1.8
690.5,0.005,175,101,1.8
691.0,0.006,175,101,1.8
691.5,0.005,175,100,1.8
692.0,0.003,176,100,1.2000000000000002
692.5,0.006,176,99,1.8
693.0,0.006,176,99,1.8
693.5,0.006,177,98,1.8
694.0,0.008,177,98,1.8
694.5,0.006,177,98,1.8
695.0,0.005,177,98,0.6000000000000001
695.5,0.006,178,98,0.0
696.0,0.006,178,98,0.0
696.5,0.006,178,98,0.0
697.0,0.01,179,98,0.0
697.5,0.006,179,98,0.0
698.0,0.005,179,98,0.0
698.5,0.008,180,98,0.0
699.0,0.008,180,98,0.0
699.5,0.005,180,99,0.0
700.0,0.006,180,99,0.0
700.5,0.006,181,99,0.0
701.0,0.005,181,100,0.6000000000000001
701.5,0.006,182,101,0.6000000000000001
702.0,0.003,182,100,0.6000000000000001
702.5,0.005,183,100,0.6000000000000001
703.0,0.006,183,100,0.6000000000000001
703.5,0.006,183,100,0.6000000000000001
704.0,0.005,184,99,3.0
704.5,0.006,184,99,3.6
705.0,0.006,184,100,4.2
705.5,0.005,185,100,4.2
706.0,0.008,185,100,3.6
706.5,0.005,185,100,3.6
707.0,0.005,185,99,3.6
707.5,0.005,186,99,3.6
708.0,0.006,186,99,3.6
708.5,0.006,186,99,3.6
709.0,0.008,187,99,4.2
709.5,0.005,187,99,4.2
710.0,0.006,187,100,4.2
710.5,0.006,188,100,4.800000000000001
711.0,0.006,188,100,4.800000000000001
711.5,0.005,188,100,4.800000000000001
712.0,0.008,189,100,4.2
712.5,0.005,189,100,4.2
713.0,0.005,189,100,3.6
713.5,0.006,189,100,3.6
714.0,0.006,190,100,4.2
714.5,0.005,190,100,4.2
715.0,0.008,190,100,4.2
715.5,0.005,191,100,4.2
716.0,0.005,191,100,4.2
716.5,0.005,191,100,3.6
717.0,0.006,192,101,3.6
717.5,0.005,192,101,3.6
718.0,0.006,192,100,3.6
718.5,0.005,192,101,3.0
719.0,0.003,193,101,3.6
719.5,0.005,193,101,3.6
720.0,0.006,193,100,3.6
720.5,0.005,194,100,3.0
721.0,0.006,194,100,2.4000000000000004
721.5,0.005,194,101,1.8
722.0,0.005,195,101,1.8
722.5,0.006,195,100,1.8
723.0,0.006,195,100,1.8
723.5,0.005,195,99,1.8
724.0,0.006,196,99,1.8
724.5,0.008,196,98,1.8
725.0,0.005,196,98,1.8
725.5,0.006,197,98,1.8
726.0,0.01,197,98,0.6000000000000001
726.5,0.006,197,97,0.0
727.0,0.006,198,98,0.0
727.5,0.006,198,98,0.0
728.0,0.005,198,98,0.0
728.5,0.006,198,98,0.0
729.0,0.01,199,98,0.0
729.5,0.005,199,98,0.0
730.0,0.008,199,98,0.0
730.5,0.01,200,98,0.0
731.0,0.008,200,99,0.0
731.5,0.006,200,99,0.0
732.0,0.01,200,99,0.6000000000000001
732.5,0.008,201,100,0.6000000000000001
733.0,0.006,201,101,0.6000000000000001
733.5,0.008,201,101,0.6000000000000001
734.0,0.008,202,101,0.6000000000000001
734.5,0.003,202,100,0.6000000000000001
735.0,0.006,202,100,0.6000000000000001
735.5,0.005,203,100,0.6000000000000001
736.0,0.005,203,100,0.6000000000000001
736.5,0.006,203,99,1.8
737.0,0.005,204,99,3.6
737.5,0.005,204,100,4.2
738.0,0.008,204,100,4.2
738.5,0.005,204,100,4.2
739.0,0.008,205,100,3.6
739.5,0.008,205,100,3.6
740.0,0.006,205,99,3.0
740.5,0.005,206,99,3.6
741.0,0.01,206,99,3.6
741.5,0.008,206,99,3.6
742.0,0.01,206,99,4.2
742.5,0.01,207,99,4.2
743.0,0.006,207,100,4.800000000000001
743.5,0.006,207,100,4.800000000000001
744.0,0.008,208,100,4.800000000000001
744.5,0.006,208,100,4.2
745.0,0.008,208,100,4.2
745.5,0.008,209,100,4.2
746.0,0.006,209,100,3.6
746.5,0.008,209,100,4.2
747.0,0.008,209,100,4.2
747.5,0.006,210,100,4.2
748.0,0.01,210,99,4.2
748.5,0.008,210,100,4.2
749.0,0.005,211,100,4.2
749.5,0.006,211,100,3.6
750.0,0.006,211,100,3.6
750.5,0.006,212,101,3.0
751.0,0.008,212,101,3.0
751.5,0.008,212,101,3.6
752.0,0.006,213,101,3.6
752.5,0.005,213,100,3.6
753.0,0.006,213,101,3.0
753.5,0.006,213,101,2.4000000000000004
754.0,0.008,214,101,1.8
754.5,0.006,214,101,1.8
755.0,0.006,214,101,1.8
755.5,0.003,215,100,1.8
756.0,0.005,215,100,1.8
756.5,0.006,215,99,1.8
757.0,0.008,216,99,1.8
757.5,0.005,216,98,1.8
758.0,0.005,216,98,1.8
758.5,0.005,216,98,1.2000000000000002
759.0,0.006,217,98,0.6000000000000001
759.5,0.008,217,98,0.0
760.0,0.006,217,98,0.0
760.5,0.005,218,98,0.0
761.0,0.005,218,98,0.0
761.5,0.006,218,98,0.0
762.0,0.008,219,98,0.0
762.5,0.006,219,99,0.0
763.0,0.006,219,98,0.0
763.5,0.008,219,98,0.0
764.0,0.005,220,99,0.0
764.5,0.006,220,99,0.6000000000000001
765.0,0.008,220,100,0.6000000000000001
765.5,0.006,221,101,0.6000000000000001
766.0,0.005,221,101,0.6000000000000001
766.5,0.008,221,101,0.6000000000000001
767.0,0.005,222,101,0.6000000000000001
767.5,0.006,222,100,0.6000000000000001
768.0,0.006,222,100,0.6000000000000001
768.5,0.005,222,100,0.0
769.0,0.005,223,100,1.8
769.5,0.008,223,99,3.0
770.0,0.006,223,100,3.6
770.5,0.006,224,100,4.2
771.0,0.008,227,101,4.800000000000001
771.5,0.006,228,101,4.2
772.0,0.005,228,101,3.6
772.5,0.006,228,100,3.6
773.0,0.006,229,100,3.6
773.5,0.006,229,101,3.6
774.0,0.008,229,100,4.2
774.5,0.008,229,100,4.2
775.0,0.006,230,101,4.2
775.5,0.006,230,101,4.2
776.0,0.008,230,101,3.6
776.5,0.006,231,101,3.6
777.0,0.008,231,101,3.0
777.5,0.006,231,100,3.0
778.0,0.006,232,101,3.0
778.5,0.005,232,101,3.0
779.0,0.006,232,101,3.0
779.5,0.006,232,101,3.6
780.0,0.008,233,101,3.0
780.5,0.006,233,101,2.4000000000000004
781.0,0.008,233,101,1.8
781.5,0.006,234,101,1.8
782.0,0.008,234,101,1.8
782.5,0.006,234,101,1.8
783.0,0.008,235,100,1.8
783.5,0.006,235,100,1.8
784.0,0.008,235,99,1.8
784.5,0.005,235,98,1.2000000000000002
785.0,0.008,236,98,1.8
785.5,0.008,236,98,1.2000000000000002
786.0,0.008,236,98,0.0
786.5,0.006,237,98,0.0
787.0,0.008,237,98,0.0
787.5,0.006,237,98,0.0
788.0,0.006,238,98,0.0
788.5,0.006,238,98,0.0
789.0,0.01,238,98,0.0
789.5,0.006,238,98,0.0
790.0,0.008,239,98,0.0
790.5,0.006,239,98,0.0
791.0,0.008,239,99,0.0
791.5,0.008,240,99,0.6000000000000001
792.0,0.008,240,100,0.6000000000000001
792.5,0.006,240,100,0.6000000000000001
793.0,0.006,240,101,0.6000000000000001
793.5,0.008,241,101,0.6000000000000001
794.0,0.006,241,100,0.6000000000000001
794.5,0.005,241,100,0.6000000000000001
795.0,0.01,242,100,0.6000000000000001
795.5,0.006,242,100,0.6000000000000001
796.0,0.006,242,99,1.2000000000000002
796.5,0.006,243,99,4.2
797.0,0.005,243,100,4.2
797.5,0.01,243,100,4.2
798.0,0.008,244,100,3.6
798.5,0.005,244,100,3.6
799.0,0.006,244,99,3.6
799.5,0.006,245,99,3.0
800.0,0.006,245,99,3.6
800.5,0.006,245,99,3.6
801.0,0.008,246,99,4.2
801.5,0.005,246,99,4.2
802.0,0.008,246,99,4.2
802.5,0.006,247,100,4.800000000000001
803.0,0.008,247,100,4.800000000000001
803.5,0.008,247,100,4.800000000000001
804.0,0.008,247,100,4.2
804.5,0.005,248,100,4.2
805.0,0.006,248,100,4.2
805.5,0.006,248,100,4.2
806.0,0.01,249,100,4.2
806.5,0.006,249,100,4.2
807.0,0.008,249,99,4.2
807.5,0.006,250,100,4.2
808.0,0.008,250,100,4.2
808.5,0.006,250,99,3.6
809.0,0.006,250,100,3.6
809.5,0.005,251,101,3.0
810.0,0.008,251,100,3.0
810.5,0.006,251,100,3.0
811.0,0.01,252,100,3.0
811.5,0.006,252,100,3.6
812.0,0.006,252,100,3.0
812.5,0.005,253,100,2.4000000000000004
813.0,0.006,253,100,1.8
813.5,0.008,253,100,1.8
814.0,0.01,253,100,1.8
814.5,0.005,254,100,1.8
815.0,0.005,254,99,1.8
815.5,0.006,254,99,1.2000000000000002
816.0,0.008,255,98,1.2000000000000002
816.5,0.005,255,98,1.8
817.0,0.008,255,97,1.8
817.5,0.008,256,97,1.2000000000000002
818.0,0.006,256,97,0.6000000000000001
818.5,0.006,256,97,0.0
819.0,0.01,256,97,0.0
819.5,0.006,257,97,0.0
820.0,0.006,257,98,0.0
820.5,0.006,257,98,0.0
821.0,0.006,258,97,0.0
821.5,0.006,258,97,0.0
822.0,0.01,258,98,0.0
822.5,0.008,258,98,0.0
823.0,0.006,259,98,0.0
823.5,0.008,259,99,0.0
824.0,0.011,259,100,0.6000000000000001
824.5,0.008,260,100,0.6000000000000001
825.0,0.008,260,100,0.6000000000000001
825.5,0.006,260,100,0.6000000000000001
826.0,0.006,261,100,0.6000000000000001
826.5,0.006,261,100,0.6000000000000001
827.0,0.008,261,100,0.6000000000000001
827.5,0.006,261,100,0.6000000000000001
828.0,0.008,262,99,0.6000000000000001
828.5,0.006,262,99,2.4000000000000004
829.0,0.008,262,99,3.6
829.5,0.006,263,99,4.2
830.0,0.006,263,100,4.2
830.5,0.006,263,100,3.6
831.0,0.006,264,100,3.6
831.5,0.006,264,99,3.6
832.0,0.006,264,99,3.0
832.5,0.006,264,99,3.6
833.0,0.006,265,99,3.6
833.5,0.006,265,99,3.6
834.0,0.006,265,99,4.2
834.5,0.008,266,99,4.2
835.0,0.005,266,100,4.800000000000001
835.5,0.008,266,100,4.800000000000001
836.0,0.005,267,100,4.800000000000001
836.5,0.006,267,100,4.2
837.0,0.008,267,100,4.2
837.5,0.006,268,100,3.6
838.0,0.005,268,100,3.6
838.5,0.01,268,100,4.2
839.0,0.006,268,100,4.2
839.5,0.008,269,100,4.2
840.0,0.008,269,99,3.6
840.5,0.006,269,100,3.6
841.0,0.008,270,100,3.6
841.5,0.01,270,100,3.6
842.0,0.005,270,100,3.6
842.5,0.006,271,101,3.0
843.0,0.006,271,101,3.0
843.5,0.006,271,101,3.6
844.0,0.006,271,101,3.6
844.5,0.008,272,100,3.6
845.0,0.006,272,101,3.0
845.5,0.006,272,101,2.4000000000000004
846.0,0.006,273,101,1.8
846.5,0.005,273,101,1.8
847.0,0.005,273,101,1.8
847.5,0.008,273,100,1.8
848.0,0.005,274,100,1.8
848.5,0.005,274,99,1.8
849.0,0.006,274,99,1.8
849.5,0.006,275,98,1.8
850.0,0.008,275,98,1.8
850.5,0.008,275,98,0.6000000000000001
851.0,0.005,276,98,0.6000000000000001
851.5,0.006,276,98,0.0
852.0,0.006,276,98,0.0
852.5,0.006,277,98,0.0
853.0,0.006,277,98,0.0
853.5,0.008,277,98,0.0
854.0,0.006,277,98,0.0
854.5,0.006,278,98,0.0
855.0,0.006,278,98,0.0
855.5,0.006,278,99,0.0
856.0,0.006,279,99,0.0
856.5,0.008,279,100,0.6000000000000001
857.0,0.006,279,101,0.6000000000000001
857.5,0.008,279,101,0.6000000000000001
858.0,0.008,280,101,0.6000000000000001
858.5,0.008,280,101,0.6000000000000001
859.0,0.006,280,100,0.6000000000000001
859.5,0.008,281,100,0.6000000000000001
860.0,0.006,281,100,0.6000000000000001
860.5,0.008,281,100,0.6000000000000001
861.0,0.006,282,99,1.8
861.5,0.005,282,99,3.6
862.0,0.005,282,100,4.2
862.5,0.006,282,100,4.2
863.0,0.008,283,100,4.2
863.5,0.006,283,100,3.6
864.0,0.005,283,100,3.6
864.5,0.005,284,99,3.0
865.0,0.005,284,99,3.0
865.5,0.006,284,99,3.6
866.0,0.005,285,99,3.6
866.5,0.008,285,99,3.6
867.0,0.01,285,100,3.6
867.5,0.005,286,100,4.2
868.0,0.005,286,100,4.800000000000001
868.5,0.006,286,100,4.800000000000001
869.0,0.006,286,100,4.2
869.5,0.006,287,100,3.6
870.0,0.01,287,100,3.6
870.5,0.005,287,100,3.6
871.0,0.005,288,100,3.6
871.5,0.006,288,100,4.2
872.0,0.008,288,100,4.2
872.5,0.006,289,100,4.2
873.0,0.01,289,100,4.2
873.5,0.006,289,100,4.2
874.0,0.006,289,101,3.6
874.5,0.006,290,101,3.6
875.0,0.006,290,101,3.0
875.5,0.003,290,101,3.0
876.0,0.011,291,101,3.0
876.5,0.005,291,101,3.6
877.0,0.003,291,100,3.6
877.5,0.005,292,100,3.0
878.0,0.006,292,101,2.4000000000000004
878.5,0.005,292,101,1.8
879.0,0.008,292,101,1.8
879.5,0.003,293,101,1.8
880.0,0.002,293,100,1.8
880.5,0.005,293,100,1.2000000000000002
881.0,0.005,294,99,1.2000000000000002
881.5,0.005,294,99,1.8
882.0,0.006,294,98,1.8
882.5,0.005,295,98,1.8
883.0,0.005,295,98,1.2000000000000002
883.5,0.003,295,98,0.6000000000000001
884.0,0.005,295,98,0.0
884.5,0.005,296,98,0.0
885.0,0.006,296,98,0.0
885.5,0.003,296,98,0.0
886.0,0.005,297,98,0.0
886.5,0.003,297,98,0.0
887.0,0.006,297,98,0.0
887.5,0.003,297,98,0.0
888.0,0.006,298,98,0.0
888.5,0.003,298,99,0.0
889.0,0.008,298,99,0.6000000000000001
889.5,0.005,299,100,0.6000000000000001
890.0,0.006,299,100,0.6000000000000001
890.5,0.005,299,101,0.6000000000000001
891.0,0.005,300,100,0.6000000000000001
891.5,0.005,300,100,0.6000000000000001
892.0,0.006,300,100,0.6000000000000001
892.5,0.005,301,99,0.6000000000000001
893.0,0.005,301,99,0.6000000000000001
893.5,0.003,301,99,1.2000000000000002
894.0,0.005,301,98,3.0
894.5,0.003,302,99,4.2
895.0,0.005,302,100,4.2
895.5,0.005,302,100,4.2
896.0,0.002,303,99,4.2
896.5,0.002,303,99,3.6
897.0,0.005,303,99,3.6
897.5,0.003,303,99,3.6
898.0,0.003,304,99,3.6
898.5,0.003,304,98,3.6
899.0,0.003,304,99,4.2
899.5,0.003,305,99,4.2
900.0,0.005,305,99,4.800000000000001
900.5,0.003,305,100,4.800000000000001
901.0,0.002,306,100,4.800000000000001
901.5,0.003,306,100,4.800000000000001
902.0,0.005,306,100,4.2
902.5,0.005,306,100,4.2
903.0,0.003,307,100,3.6
903.5,0.003,307,100,4.2
904.0,0.002,307,100,4.2
904.5,0.002,308,100,4.2
905.0,0.003,308,100,4.2
905.5,0.005,308,100,4.2
906.0,0.003,309,100,4.2
906.5,0.003,309,100,3.6
907.0,0.003,309,100,3.6
907.5,0.003,310,100,3.0
908.0,0.003,310,100,3.0
908.5,0.005,310,101,3.0
909.0,0.003,310,101,3.0
909.5,0.005,311,101,3.6
910.0,0.003,311,100,3.0
910.5,0.005,311,100,2.4000000000000004
911.0,0.003,312,101,2.4000000000000004
911.5,0.002,312,101,1.8
912.0,0.003,312,101,1.8
912.5,0.003,313,101,1.2000000000000002
913.0,0.002,313,100,1.2000000000000002
913.5,0.005,314,98,1.8
914.0,0.003,314,98,1.2000000000000002
914.5,0.002,315,98,0.6000000000000001
915.0,0.003,315,98,0.0
915.5,0.005,315,98,0.0
916.0,0.003,316,98,0.0
916.5,0.003,316,98,0.0
917.0,0.006,316,98,0.0
917.5,0.003,316,98,0.0
918.0,0.005,317,98,0.0
918.5,0.003,317,98,0.0
919.0,0.003,317,99,0.0
919.5,0.003,318,99,0.0
920.0,0.003,318,99,0.6000000000000001
920.5,0.005,318,100,0.6000000000000001
921.0,0.005,319,100,0.6000000000000001
921.5,0.005,319,101,0.6000000000000001
922.0,0.005,319,101,0.6000000000000001
922.5,0.003,319,100,0.6000000000000001
923.0,0.005,320,100,0.6000000000000001
923.5,0.005,320,100,0.6000000000000001
924.0,0.005,320,100,0.6000000000000001
924.5,0.005,321,100,1.2000000000000002
925.0,0.005,321,99,2.4000000000000004
925.5,0.003,321,99,3.6
926.0,0.003,321,100,4.2
926.5,0.005,322,100,4.2
927.0,0.005,322,100,3.6
927.5,0.005,322,100,3.6
928.0,0.005,323,99,3.0
928.5,0.003,323,99,3.0
929.0,0.003,323,99,3.6
929.5,0.002,324,99,3.6
930.0,0.006,324,99,3.6
930.5,0.003,324,100,3.6
931.0,0.003,325,100,4.2
931.5,0.005,325,100,4.800000000000001
932.0,0.003,325,100,4.800000000000001
932.5,0.003,326,100,4.2
933.0,0.006,326,101,3.6
933.5,0.005,326,100,3.6
934.0,0.003,326,100,3.6
934.5,0.003,327,100,3.6
935.0,0.005,327,100,4.2
935.5,0.005,327,100,4.2
936.0,0.006,328,100,3.6
936.5,0.005,328,100,4.2
937.0,0.003,328,100,3.6
937.5,0.005,328,100,3.6
938.0,0.005,329,101,3.6
938.5,0.008,329,101,3.0
939.0,0.005,330,101,3.6
939.5,0.005,331,101,3.0
940.0,0.005,331,100,2.4000000000000004
940.5,0.01,331,101,1.8
941.0,0.005,331,101,1.8
941.5,0.002,332,101,1.8
942.0,0.005,332,101,1.8
942.5,0.003,332,100,1.8
943.0,0.003,333,99,1.2000000000000002
943.5,0.005,333,99,1.8
944.0,0.005,333,98,1.8
944.5,0.002,334,98,1.8
945.0,0.003,334,98,1.8
945.5,0.003,334,98,0.6000000000000001
946.0,0.003,335,98,0.0
946.5,0.006,335,98,0.0
947.0,0.005,335,98,0.0
947.5,0.005,335,98,0.0
948.0,0.005,336,98,0.0
948.5,0.005,336,98,0.0
949.0,0.003,336,98,0.0
949.5,0.005,337,98,0.0
950.0,0.005,337,98,0.0
950.5,0.003,337,100,0.0
951.0,0.006,337,99,0.6000000000000001
951.5,0.005,338,100,0.6000000000000001
952.0,0.003,338,101,0.6000000000000001
952.5,0.006,338,101,0.6000000000000001
953.0,0.005,339,101,0.6000000000000001
953.5,0.005,339,101,0.6000000000000001
954.0,0.006,339,100,0.6000000000000001
954.5,0.006,340,100,0.6000000000000001
955.0,0.006,340,100,0.6000000000000001
955.5,0.003,340,100,0.6000000000000001
956.0,0.005,341,99,2.4000000000000004
956.5,0.003,341,99,3.6
957.0,0.005,341,100,4.2
957.5,0.005,341,100,4.2
958.0,0.005,342,100,3.6
958.5,0.003,342,100,3.6
959.0,0.005,342,99,3.6
959.5,0.005,343,99,3.6
960.0,0.008,343,99,3.6
960.5,0.003,343,99,3.6
961.0,0.005,344,99,3.6
961.5,0.003,344,100,3.6
962.0,0.005,344,100,4.2
962.5,0.003,344,100,4.800000000000001
963.0,0.008,345,100,4.800000000000001
963.5,0.003,345,100,4.2
964.0,0.006,345,101,4.2
964.5,0.005,346,100,3.6
965.0,0.005,346,100,3.6
965.5,0.002,346,100,3.6
966.0,0.01,346,100,3.6
966.5,0.005,347,100,4.2
967.0,0.005,347,100,3.6
967.5,0.005,347,100,3.6
968.0,0.005,348,100,3.6
968.5,0.005,348,101,3.6
969.0,0.01,348,101,3.6
969.5,0.006,349,101,3.0
970.0,0.005,349,101,3.0
970.5,0.006,349,101,3.0
971.0,0.005,350,101,3.0
971.5,0.005,350,101,3.6
972.0,0.01,350,101,3.6
972.5,0.006,350,100,2.4000000000000004
973.0,0.005,351,101,1.8
973.5,0.005,351,101,1.8
974.0,0.003,351,101,1.8
974.5,0.003,352,101,1.8
975.0,0.006,352,100,1.8
975.5,0.005,352,100,1.2000000000000002
976.0,0.005,353,99,1.2000000000000002
976.5,0.003,353,99,1.8
977.0,0.005,353,98,1.8
977.5,0.003,353,98,1.8
978.0,0.006,354,98,0.6000000000000001
978.5,0.005,354,98,0.0
979.0,0.003,354,98,0.0
979.5,0.003,355,98,0.0
980.0,0.005,355,98,0.0
980.5,0.003,355,98,0.0
981.0,0.005,355,98,0.0
981.5,0.005,356,98,0.0
982.0,0.003,356,98,0.0
982.5,0.005,356,98,0.0
983.0,0.005,357,99,0.0
983.5,0.003,357,99,0.0
984.0,0.003,357,99,0.6000000000000001
984.5,0.005,358,100,0.6000000000000001
985.0,0.003,358,100,0.6000000000000001
985.5,0.005,358,101,0.6000000000000001
986.0,0.006,359,100,0.6000000000000001
986.5,0.003,359,100,0.0
987.0,0.003,359,100,0.0
987.5,0.006,359,100,0.6000000000000001
988.0,0.005,360,100,0.6000000000000001
988.5,0.005,360,99,1.8
989.0,0.006,0,99,3.6
989.5,0.003,1,99,4.2
990.0,0.005,1,100,4.2
990.5,0.006,1,100,3.6
991.0,0.003,2,100,3.6
991.5,0.005,2,99,3.6
992.0,0.003,2,99,3.6
992.5,0.005,2,99,3.6
993.0,0.002,3,98,3.6
993.5,0.005,3,99,3.6
994.0,0.003,3,99,4.2
994.5,0.005,4,99,4.2
995.0,0.003,4,99,4.800000000000001
995.5,0.003,4,100,4.800000000000001
996.0,0.005,5,100,4.800000000000001
996.5,0.005,5,100,4.2
997.0,0.003,5,100,4.2
997.5,0.005,5,100,3.6
998.0,0.005,6,100,3.6
998.5,0.005,6,100,3.6
999.0,0.005,6,100,4.2
999.5,0.005,7,100,3.6
1000.0,0.005,7,100,3.6
1000.5,0.005,7,100,4.2
1001.0,0.006,8,100,3.6
1001.5,0.003,8,100,3.6
1002.0,0.002,8,101,3.6
1002.5,0.008,8,100,3.0
1003.0,0.006,9,100,3.0
1003.5,0.005,9,101,3.0
1004.0,0.005,9,100,3.0
1004.5,0.005,10,100,3.6
1005.0,0.003,10,100,2.4000000000000004
1005.5,0.006,10,100,2.4000000000000004
1006.0,0.006,11,101,1.8
1006.5,0.006,11,101,1.8
1007.0,0.008,11,101,1.8
1007.5,0.003,11,100,1.8
1008.0,0.003,12,100,1.2000000000000002
1008.5,0.006,12,99,1.8
1009.0,0.005,12,99,1.2000000000000002
1009.5,0.006,13,98,1.2000000000000002
1010.0,0.003,13,98,1.8
1010.5,0.003,13,98,1.2000000000000002
1011.0,0.003,14,98,0.6000000000000001
1011.5,0.006,14,98,0.0
1012.0,0.005,14,98,0.0
1012.5,0.006,14,98,0.0
1013.0,0.005,15,98,0.0
1013.5,0.003,15,98,0.0
1014.0,0.003,15,98,0.0
1014.5,0.006,16,98,0.0
1015.0,0.006,16,98,0.0
1015.5,0.003,16,99,0.0
1016.0,0.006,16,99,0.0
1016.5,0.005,17,99,0.6000000000000001
1017.0,0.005,17,100,0.6000000000000001
1017.5,0.005,17,101,0.6000000000000001
1018.0,0.006,18,101,0.6000000000000001
1018.5,0.005,18,101,0.6000000000000001
1019.0,0.006,18,100,0.6000000000000001
1019.5,0.003,19,100,0.6000000000000001
1020.0,0.003,19,100,0.6000000000000001
1020.5,0.005,19,100,0.6000000000000001
1021.0,0.006,19,100,2.4000000000000004
1021.5,0.005,20,99,3.0
1022.0,0.008,20,100,4.2
1022.5,0.005,20,100,4.2
1023.0,0.005,21,100,3.6
1023.5,0.005,21,100,3.6
1024.0,0.005,21,100,3.0
1024.5,0.005,22,99,3.0
1025.0,0.006,22,99,3.0
1025.5,0.005,22,99,3.0
1026.0,0.005,23,99,3.6
1026.5,0.005,23,99,4.2
1027.0,0.006,23,100,4.2
1027.5,0.003,23,100,4.2
1028.0,0.005,24,100,4.800000000000001
1028.5,0.005,24,100,4.800000000000001
1029.0,0.005,24,100,4.2
1029.5,0.003,25,100,4.2
1030.0,0.005,25,100,3.6
1030.5,0.003,25,100,3.6
1031.0,0.006,26,100,3.6
1031.5,0.003,26,101,4.2
1032.0,0.005,26,100,4.2
1032.5,0.003,26,99,3.6
1033.0,0.005,27,100,3.6
1033.5,0.005,27,100,3.6
1034.0,0.006,27,100,3.6
1034.5,0.006,28,100,3.0
1035.0,0.005,28,100,3.0
1035.5,0.003,28,100,3.0
1036.0,0.006,29,101,3.0
1036.5,0.005,29,101,3.0
1037.0,0.006,29,100,3.6
1037.5,0.008,29,100,3.0
1038.0,0.006,30,100,2.4000000000000004
1038.5,0.003,30,101,1.8
1039.0,0.005,30,101,1.8
1039.5,0.003,31,101,1.8
1040.0,0.006,31,100,1.8
1040.5,0.005,31,100,1.8
1041.0,0.005,32,99,1.8
1041.5,0.005,32,99,1.2000000000000002
1042.0,0.005,32,98,1.8
1042.5,0.003,33,98,1.8
1043.0,0.006,33,98,1.2000000000000002
1043.5,0.003,33,98,0.6000000000000001
1044.0,0.002,33,98,0.0
1044.5,0.005,34,98,0.0
1045.0,0.003,34,98,0.0
1045.5,0.005,34,98,0.0
1046.0,0.01,35,98,0.0
1046.5,0.005,35,98,0.0
1047.0,0.003,35,98,0.0
1047.5,0.005,35,98,0.0
1048.0,0.003,36,99,0.0
1048.5,0.005,36,99,0.0
1049.0,0.006,36,99,0.6000000000000001
1049.5,0.006,37,100,0.6000000000000001
1050.0,0.005,37,100,0.6000000000000001
1050.5,0.005,37,101,0.6000000000000001
1051.0,0.006,38,101,0.6000000000000001
1051.5,0.005,38,101,0.6000000000000001
1052.0,0.006,38,100,0.6000000000000001
1052.5,0.006,39,100,0.0
1053.0,0.005,39,100,0.0
1053.5,0.005,39,99,1.2000000000000002
1054.0,0.005,39,99,2.4000000000000004
1054.5,0.005,40,100,3.6
1055.0,0.008,40,100,4.2
1055.5,0.006,40,100,3.6
1056.0,0.005,41,100,3.6
1056.5,0.006,41,100,3.0
1057.0,0.006,41,99,3.0
1057.5,0.003,41,99,3.0
1058.0,0.003,44,100,3.6
1058.5,0.005,44,100,3.6
1059.0,0.005,45,100,3.6
1059.5,0.003,45,100,3.6
1060.0,0.005,45,100,4.2
1060.5,0.003,46,100,4.2
1061.0,0.005,46,100,3.6
1061.5,0.006,46,100,3.6
1062.0,0.005,47,100,3.6
1062.5,0.005,47,100,3.6
1063.0,0.005,47,100,3.0
1063.5,0.006,48,101,3.0
1064.0,0.006,48,101,3.0
1064.5,0.005,48,101,3.0
1065.0,0.005,48,101,3.0
1065.5,0.005,49,101,3.6
1066.0,0.005,49,100,3.0
1066.5,0.005,49,100,2.4000000000000004
1067.0,0.006,50,101,1.8
1067.5,0.006,50,101,1.8
1068.0,0.005,50,101,1.8
1068.5,0.005,51,101,1.2000000000000002
1069.0,0.005,51,100,1.2000000000000002
1069.5,0.005,51,99,1.2000000000000002
1070.0,0.006,51,99,1.2000000000000002
1070.5,0.006,52,98,1.8
1071.0,0.003,52,98,1.8
1071.5,0.005,52,98,1.2000000000000002
1072.0,0.005,53,98,0.6000000000000001
1072.5,0.003,53,98,0.0
1073.0,0.003,53,98,0.0
1073.5,0.005,54,98,0.0
1074.0,0.003,54,98,0.0
1074.5,0.005,54,98,0.0
1075.0,0.005,54,98,0.0
1075.5,0.003,55,98,0.0
1076.0,0.005,55,98,0.0
1076.5,0.006,55,98,0.0
1077.0,0.003,56,99,0.0
1077.5,0.005,56,99,0.0
1078.0,0.005,56,100,0.6000000000000001
1078.5,0.005,56,101,0.6000000000000001
1079.0,0.005,57,101,0.6000000000000001
1079.5,0.008,57,101,0.6000000000000001
1080.0,0.005,57,101,0.6000000000000001
1080.5,0.005,58,100,0.6000000000000001
1081.0,0.005,58,100,0.6000000000000001
1081.5,0.005,58,100,0.0
1082.0,0.005,59,100,0.6000000000000001
1082.5,0.006,59,99,2.4000000000000004
1083.0,0.005,59,99,3.6
1083.5,0.006,59,100,3.6
1084.0,0.005,60,100,3.6
1084.5,0.006,60,100,3.6
1085.0,0.003,60,100,3.0
1085.5,0.006,61,99,3.0
1086.0,0.005,61,99,3.0
1086.5,0.008,61,99,3.0
1087.0,0.005,62,99,3.0
1087.5,0.005,62,99,3.6
1088.0,0.005,62,100,3.6
1088.5,0.006,63,100,4.2
1089.0,0.003,63,100,4.800000000000001
1089.5,0.003,63,100,4.800000000000001
1090.0,0.006,63,100,4.2
1090.5,0.003,64,101,3.6
1091.0,0.003,64,100,3.6
1091.5,0.006,64,100,3.6
1092.0,0.003,65,100,3.6
1092.5,0.005,65,100,3.6
1093.0,0.005,65,100,3.6
1093.5,0.003,66,100,3.6
1094.0,0.005,66,100,3.6
1094.5,0.006,66,100,4.2
1095.0,0.005,66,101,3.6
1095.5,0.003,67,101,3.6
1096.0,0.006,67,100,3.0
1096.5,0.003,67,101,3.0
1097.0,0.005,68,101,3.0
1097.5,0.005,68,101,3.0
1098.0,0.005,68,101,3.6
1098.5,0.005,68,100,3.6
1099.0,0.006,69,100,2.4000000000000004
1099.5,0.005,69,101,1.8
1100.0,0.006,69,101,1.8
1100.5,0.006,70,101,1.8
1101.0,0.005,70,101,1.8
1101.5,0.005,70,100,1.8
1102.0,0.006,71,100,1.2000000000000002
1102.5,0.003,71,99,1.2000000000000002
1103.0,0.006,71,99,1.8
1103.5,0.006,72,98,1.8
1104.0,0.003,72,98,1.2000000000000002
1104.5,0.003,72,98,0.6000000000000001
1105.0,0.005,72,98,0.0
1105.5,0.002,73,98,0.0
1106.0,0.005,73,98,0.0
1106.5,0.005,73,99,0.0
1107.0,0.005,74,99,0.0
1107.5,0.003,74,98,0.0
1108.0,0.006,74,98,0.0
1108.5,0.003,75,99,0.0
1109.0,0.003,75,99,0.0
1109.5,0.005,75,99,0.0
1110.0,0.006,75,99,0.6000000000000001
1110.5,0.003,76,100,0.6000000000000001
1111.0,0.008,76,100,0.6000000000000001
1111.5,0.005,76,101,0.6000000000000001
1112.0,0.005,77,101,0.6000000000000001
1112.5,0.005,77,101,0.6000000000000001
1113.0,0.005,77,100,0.6000000000000001
1113.5,0.003,78,100,0.6000000000000001
1114.0,0.006,78,100,0.6000000000000001
1114.5,0.005,78,100,0.6000000000000001
1115.0,0.006,78,99,3.0
1115.5,0.006,79,99,3.6
1116.0,0.006,79,100,4.2
1116.5,0.003,79,100,3.6
1117.0,0.008,80,100,3.6
1117.5,0.005,80,100,3.6
1118.0,0.006,80,99,3.0
1118.5,0.005,81,99,3.0
1119.0,0.006,81,99,3.0
1119.5,0.003,81,99,3.6
1120.0,0.008,81,99,3.6
1120.5,0.005,82,99,3.6
1121.0,0.006,82,99,4.2
1121.5,0.005,82,99,4.800000000000001
1122.0,0.005,83,100,4.800000000000001
1122.5,0.002,83,100,4.2
1123.0,0.005,83,100,4.2
1123.5,0.003,83,100,3.6
1124.0,0.003,84,100,3.6
1124.5,0.005,84,100,3.6
1125.0,0.003,84,100,4.2
1125.5,0.003,85,100,4.2
1126.0,0.005,85,100,4.2
1126.5,0.005,85,100,3.6
1127.0,0.003,86,100,3.6
1127.5,0.005,86,100,3.6
1128.0,0.005,86,100,3.6
1128.5,0.003,87,100,3.0
1129.0,0.006,87,100,3.0
1129.5,0.006,87,100,3.0
1130.0,0.005,87,100,3.0
1130.5,0.005,88,100,3.0
1131.0,0.003,88,100,3.6
1131.5,0.002,88,100,3.0
1132.0,0.003,89,100,2.4000000000000004
1132.5,0.006,89,100,1.8
1133.0,0.005,89,101,1.8
1133.5,0.005,90,100,1.8
1134.0,0.005,90,100,1.8
1134.5,0.003,90,99,1.8
1135.0,0.005,90,99,1.8
1135.5,0.005,91,98,1.8
1136.0,0.003,91,98,1.8
1136.5,0.006,91,98,1.8
1137.0,0.005,92,98,0.6000000000000001
1137.5,0.003,92,98,0.0
1138.0,0.005,92,98,0.0
1138.5,0.005,93,98,0.0
1139.0,0.005,93,98,0.0
1139.5,0.005,93,98,0.0
1140.0,0.003,93,98,0.0
1140.5,0.003,94,99,0.0
1141.0,0.003,94,98,0.0
1141.5,0.005,94,98,0.0
1142.0,0.003,95,99,0.0
1142.5,0.006,95,99,0.0
1143.0,0.003,95,100,0.0
1143.5,0.003,96,100,0.6000000000000001
1144.0,0.003,96,101,0.6000000000000001
1144.5,0.005,96,101,0.6000000000000001
1145.0,0.005,96,101,0.6000000000000001
1145.5,0.006,97,100,0.6000000000000001
1146.0,0.006,97,100,0.6000000000000001
1146.5,0.003,97,100,0.6000000000000001
1147.0,0.002,98,100,0.0
1147.5,0.005,98,99,1.8
1148.0,0.003,98,99,3.6
1148.5,0.006,99,100,3.6
1149.0,0.006,99,100,3.6
1149.5,0.005,99,100,3.6
1150.0,0.003,99,100,3.6
1150.5,0.005,100,100,3.0
1151.0,0.005,100,99,3.0
1151.5,0.008,100,99,3.0
1152.0,0.005,101,99,3.0
1152.5,0.003,101,99,3.6
1153.0,0.003,101,99,3.6
1153.5,0.005,102,100,3.6
1154.0,0.005,102,100,4.2
1154.5,0.006,102,100,4.800000000000001
1155.0,0.005,102,100,4.2
1155.5,0.005,103,100,3.6
1156.0,0.002,103,100,3.6
1156.5,0.003,103,100,3.6
1157.0,0.003,104,100,3.0
1157.5,0.006,104,100,3.6
1158.0,0.003,104,100,4.2
1158.5,0.003,105,100,3.6
1159.0,0.003,105,100,3.6
1159.5,0.005,105,100,3.6
1160.0,0.003,105,100,3.6
1160.5,0.006,106,100,3.6
1161.0,0.005,106,100,3.0
1161.5,0.002,106,100,3.0
1162.0,0.005,107,100,3.0
1162.5,0.003,107,101,3.0
1163.0,0.003,107,101,3.0
1163.5,0.006,108,100,3.6
1164.0,0.005,108,100,3.0
1164.5,0.002,108,100,2.4000000000000004
1165.0,0.002,108,100,1.8
1165.5,0.006,109,101,1.8
1166.0,0.003,109,100,1.8
1166.5,0.006,109,100,1.8
1167.0,0.003,110,99,1.8
1167.5,0.003,110,99,1.8
1168.0,0.005,110,98,1.8
1168.5,0.005,111,98,1.8
1169.0,0.005,111,97,1.8
1169.5,0.005,111,97,1.2000000000000002
1170.0,0.003,111,97,0.6000000000000001
1170.5,0.002,112,97,0.0
1171.0,0.002,112,97,0.0
1171.5,0.003,112,98,0.0
1172.0,0.003,113,98,0.0
1172.5,0.003,113,98,0.0
1173.0,0.003,113,98,0.0
1173.5,0.002,114,98,0.0
1174.0,0.003,114,98,0.0
1174.5,0.003,114,98,0.0
1175.0,0.005,114,99,0.0
1175.5,0.002,115,99,0.0
1176.0,0.003,115,100,0.6000000000000001
1176.5,0.002,115,100,0.6000000000000001
1177.0,0.005,116,100,0.6000000000000001
1177.5,0.003,118,99,4.2
1178.0,0.005,119,99,3.6
1178.5,0.002,119,99,3.6
1179.0,0.005,119,99,3.6
1179.5,0.005,120,98,3.0
1180.0,0.003,120,98,3.0
1180.5,0.005,120,98,3.0
1181.0,0.006,120,98,3.6
1181.5,0.003,121,98,3.6
1182.0,0.005,121,99,3.6
1182.5,0.005,121,99,4.2
1183.0,0.003,122,99,4.800000000000001
1183.5,0.002,122,100,4.800000000000001
1184.0,0.006,122,100,4.2
1184.5,0.003,122,100,4.2
1185.0,0.002,123,99,3.6
1185.5,0.003,123,99,3.6
1186.0,0.003,123,99,3.6
1186.5,0.002,124,99,4.2
1187.0,0.005,124,100,4.2
1187.5,0.003,124,99,3.6
1188.0,0.002,125,99,4.2
1188.5,0.005,125,100,4.2
1189.0,0.003,125,100,3.6
1189.5,0.003,126,100,3.6
1190.0,0.003,126,100,3.0
1190.5,0.003,126,100,3.0
1191.0,0.003,126,100,3.0
1191.5,0.003,127,100,3.0
1192.0,0.003,127,100,3.6
1192.5,0.003,127,100,3.6
1193.0,0.003,128,100,2.4000000000000004
1193.5,0.005,128,100,2.4000000000000004
1194.0,0.002,128,100,1.8
1194.5,0.005,128,101,1.8
1195.0,0.003,129,100,1.2000000000000002
1195.5,0.005,129,100,1.2000000000000002
1196.0,0.003,129,99,1.2000000000000002
1196.5,0.003,130,99,1.2000000000000002
1197.0,0.003,130,98,1.2000000000000002
1197.5,0.005,130,97,1.8
1198.0,0.003,131,97,1.8
1198.5,0.005,131,97,0.6000000000000001
1199.0,0.002,131,97,0.0
1199.5,0.005,131,97,0.0
1200.0,0.003,132,97,0.0
1200.5,0.005,132,98,0.0
1201.0,0.003,132,98,0.0
1201.5,0.005,133,97,0.0
1202.0,0.002,133,98,0.0
1202.5,0.003,133,98,0.0
1203.0,0.003,134,99,0.0
1203.5,0.003,134,99,0.6000000000000001
1204.0,0.003,135,100,0.6000000000000001
1204.5,0.005,135,100,0.6000000000000001
1205.0,0.003,135,100,0.6000000000000001
1205.5,0.005,136,100,0.6000000000000001
1206.0,0.003,136,100,0.6000000000000001
1206.5,0.005,136,100,0.6000000000000001
1207.0,0.003,136,100,0.6000000000000001
1207.5,0.005,137,99,0.6000000000000001
1208.0,0.003,137,99,1.8
1208.5,0.005,137,99,3.0
1209.0,0.003,138,99,4.2
1209.5,0.005,138,100,4.2
1210.0,0.003,138,100,4.2
1210.5,0.005,139,100,3.6
1211.0,0.003,139,99,3.6
1211.5,0.006,139,99,3.6
1212.0,0.003,140,99,3.6
1212.5,0.006,140,99,3.6
1213.0,0.005,140,99,3.6
1213.5,0.003,140,99,4.2
1214.0,0.003,141,99,4.2
1214.5,0.006,141,99,4.2
1215.0,0.003,141,100,4.800000000000001
1215.5,0.003,142,100,4.800000000000001
1216.0,0.005,142,100,4.2
1216.5,0.002,142,100,4.2
1217.0,0.003,143,100,3.6
1217.5,0.005,143,100,3.6
1218.0,0.003,143,100,3.6
1218.5,0.003,143,100,4.2
1219.0,0.003,144,99,4.2
1219.5,0.003,144,100,3.6
1220.0,0.003,144,100,4.2
1220.5,0.005,145,100,3.6
1221.0,0.005,145,100,3.6
1221.5,0.002,145,101,3.0
1222.0,0.005,146,100,3.0
1222.5,0.003,146,100,3.0
1223.0,0.003,146,101,3.0
1223.5,0.005,146,100,3.0
1224.0,0.003,147,100,3.6
1224.5,0.003,147,100,3.0
1225.0,0.006,147,100,2.4000000000000004
1225.5,0.003,148,101,1.8
1226.0,0.002,148,101,1.8
1226.5,0.003,148,101,1.8
1227.0,0.005,149,100,1.2000000000000002
1227.5,0.003,149,100,1.2000000000000002
1228.0,0.006,149,99,1.8
1228.5,0.003,149,99,1.2000000000000002
1229.0,0.003,150,98,1.2000000000000002
1229.5,0.006,150,98,1.8
1230.0,0.005,150,98,1.2000000000000002
1230.5,0.003,151,98,0.6000000000000001
1231.0,0.006,151,98,0.0
1231.5,0.003,151,98,0.0
1232.0,0.003,151,98,0.0
1232.5,0.006,152,98,0.0
1233.0,0.005,152,98,0.0
1233.5,0.003,152,98,0.0
1234.0,0.006,153,98,0.0
1234.5,0.002,153,98,0.0
1235.0,0.003,153,98,0.0
1235.5,0.003,154,99,0.0
1236.0,0.005,154,99,0.0
1236.5,0.003,154,100,0.6000000000000001
1237.0,0.006,155,100,0.6000000000000001
1237.5,0.003,155,101,0.6000000000000001
1238.0,0.005,155,101,0.6000000000000001
1238.5,0.003,155,100,0.6000000000000001
1239.0,0.005,156,100,0.6000000000000001
1239.5,0.003,156,100,0.0
1240.0,0.005,156,100,0.0
1240.5,0.005,157,99,1.8
1241.0,0.005,157,99,3.0
1241.5,0.006,157,99,3.6
1242.0,0.005,158,100,4.2
1242.5,0.003,158,100,4.2
1243.0,0.005,158,100,3.6
1243.5,0.005,158,99,3.6
1244.0,0.005,159,99,3.6
1244.5,0.005,159,99,3.0
1245.0,0.005,159,99,3.6
1245.5,0.005,160,99,3.6
1246.0,0.005,160,99,4.2
1246.5,0.006,160,99,4.2
1247.0,0.005,161,100,4.2
1247.5,0.005,161,100,4.800000000000001
1248.0,0.003,161,100,4.800000000000001
1248.5,0.003,161,100,4.2
1249.0,0.006,162,100,3.6
1249.5,0.006,162,100,3.6
1250.0,0.003,162,100,3.6
1250.5,0.005,163,100,3.6
1251.0,0.003,163,100,4.2
1251.5,0.002,163,100,4.2
1252.0,0.005,164,100,3.6
1252.5,0.006,164,100,3.6
1253.0,0.003,164,100,3.6
1253.5,0.003,164,100,3.6
1254.0,0.005,165,100,3.6
1254.5,0.003,165,101,3.0
1255.0,0.005,165,101,3.0
1255.5,0.005,166,100,3.0
1256.0,0.003,166,101,3.0
1256.5,0.005,166,100,3.6
1257.0,0.005,167,100,3.6
1257.5,0.005,167,100,2.4000000000000004
1258.0,0.005,167,101,2.4000000000000004
1258.5,0.005,167,101,1.8
1259.0,0.005,168,101,1.8
1259.5,0.005,168,100,1.8
1260.0,0.005,168,100,1.8
1260.5,0.003,169,99,1.8
1261.0,0.003,169,99,1.8
1261.5,0.005,169,98,1.8
1262.0,0.005,170,98,1.8
1262.5,0.003,170,98,1.8
1263.0,0.005,170,97,0.6000000000000001
1263.5,0.003,170,98,0.0
1264.0,0.005,171,98,0.0
1264.5,0.006,171,98,0.0
1265.0,0.005,171,98,0.0
1265.5,0.005,172,98,0.0
1266.0,0.005,172,98,0.0
1266.5,0.005,172,98,0.0
1267.0,0.003,173,98,0.0
1267.5,0.006,173,98,0.0
1268.0,0.005,173,99,0.0
1268.5,0.005,173,99,0.0
1269.0,0.005,174,99,0.6000000000000001
1269.5,0.005,174,100,0.6000000000000001
1270.0,0.003,174,100,0.6000000000000001
1270.5,0.005,175,100,0.6000000000000001
1271.0,0.005,175,100,0.6000000000000001
1271.5,0.005,175,100,0.6000000000000001
1272.0,0.005,175,100,0.6000000000000001
1272.5,0.006,176,100,0.6000000000000001
1273.0,0.003,176,100,0.6000000000000001
1273.5,0.008,176,99,3.0
1274.0,0.006,177,99,3.6
1274.5,0.006,177,100,4.2
1275.0,0.008,177,100,4.2
1275.5,0.006,178,100,4.2
1276.0,0.003,178,100,3.6
1276.5,0.006,178,99,3.6
1277.0,0.006,179,99,3.6
1277.5,0.01,179,99,3.6
1278.0,0.008,179,99,3.6
1278.5,0.006,179,99,3.6
1279.0,0.006,180,99,4.2
1279.5,0.008,180,100,4.2
1280.0,0.005,180,100,4.800000000000001
1280.5,0.008,181,100,4.800000000000001
1281.0,0.006,181,100,4.800000000000001
1281.5,0.005,181,100,4.2
1282.0,0.005,181,100,4.2
1282.5,0.005,182,100,3.6
1283.0,0.005,182,100,3.6
1283.5,0.008,182,100,4.2
1284.0,0.006,183,100,4.800000000000001
1284.5,0.003,183,100,4.2
1285.0,0.003,183,100,4.2
1285.5,0.008,184,100,4.2
1286.0,0.003,184,100,3.6
1286.5,0.01,184,101,3.6
1287.0,0.006,185,100,3.6
1287.5,0.005,185,101,3.0
1288.0,0.005,185,101,3.0
1288.5,0.008,185,101,3.0
1289.0,0.006,186,101,3.6
1289.5,0.008,186,100,3.6
1290.0,0.006,186,100,3.0
1290.5,0.005,187,101,2.4000000000000004
1291.0,0.005,187,101,1.8
1291.5,0.006,187,101,1.8
1292.0,0.006,188,101,1.8
1292.5,0.008,188,100,1.8
1293.0,0.008,188,100,1.2000000000000002
1293.5,0.005,188,99,1.8
1294.0,0.005,189,99,1.8
1294.5,0.01,189,98,1.8
1295.0,0.006,189,98,1.8
1295.5,0.006,190,98,1.2000000000000002
1296.0,0.008,190,98,0.0
1296.5,0.005,190,98,0.0
1297.0,0.006,191,98,0.0
1297.5,0.006,191,98,0.0
1298.0,0.008,191,98,0.0
1298.5,0.006,191,98,0.0
1299.0,0.008,192,98,0.0
1299.5,0.005,192,98,0.0
1300.0,0.006,192,98,0.0
1300.5,0.006,193,99,0.0
1301.0,0.006,193,99,0.0
1301.5,0.005,193,99,0.6000000000000001
1302.0,0.008,194,100,0.6000000000000001
1302.5,0.006,194,100,0.6000000000000001
1303.0,0.006,194,100,0.6000000000000001
1303.5,0.006,194,101,0.6000000000000001
1304.0,0.006,195,100,0.6000000000000001
1304.5,0.006,195,100,0.6000000000000001
1305.0,0.008,195,100,0.6000000000000001
1305.5,0.005,196,100,0.6000000000000001
1306.0,0.008,196,99,1.8
1306.5,0.006,196,99,3.0
1307.0,0.008,197,100,4.2
1307.5,0.006,197,100,4.2
1308.0,0.008,197,100,4.2
1308.5,0.006,197,100,3.6
1309.0,0.008,198,100,3.6
1309.5,0.006,198,99,3.6
1310.0,0.006,198,99,3.6
1310.5,0.006,199,99,3.6
1311.0,0.01,199,99,3.6
1311.5,0.006,199,99,4.2
1312.0,0.008,199,99,3.6
1312.5,0.008,200,100,4.2
1313.0,0.008,200,100,4.800000000000001
1313.5,0.006,200,100,4.800000000000001
1314.0,0.01,201,100,4.2
1314.5,0.008,201,100,4.2
1315.0,0.008,201,100,3.6
1315.5,0.008,202,100,3.6
1316.0,0.006,202,100,4.2
1316.5,0.006,202,100,4.2
1317.0,0.008,203,100,4.2
1317.5,0.005,203,100,4.2
1318.0,0.005,203,100,4.2
1318.5,0.008,203,100,4.2
1319.0,0.006,204,100,3.6
1319.5,0.006,204,101,3.0
1320.0,0.008,204,100,3.0
1320.5,0.008,205,101,3.0
1321.0,0.006,205,101,3.0
1321.5,0.008,207,101,1.8
1322.0,0.006,207,100,1.8
1322.5,0.006,207,100,1.8
1323.0,0.006,208,99,1.8
1323.5,0.008,208,99,1.2000000000000002
1324.0,0.006,208,98,1.2000000000000002
1324.5,0.006,209,98,1.8
1325.0,0.008,209,97,1.8
1325.5,0.006,209,98,1.2000000000000002
1326.0,0.008,209,97,0.0
1326.5,0.008,210,98,0.0
1327.0,0.008,210,97,0.0
1327.5,0.006,210,98,0.0
1328.0,0.008,211,98,0.0
1328.5,0.008,211,98,0.0
1329.0,0.006,211,98,0.0
1329.5,0.008,212,97,0.0
1330.0,0.005,212,98,0.0
1330.5,0.005,212,98,0.0
1331.0,0.01,212,99,0.0
1331.5,0.008,213,99,0.0
1332.0,0.006,213,100,0.6000000000000001
1332.5,0.006,213,100,0.6000000000000001
1333.0,0.006,214,101,0.6000000000000001
1333.5,0.005,214,101,0.6000000000000001
1334.0,0.008,214,100,0.6000000000000001
1334.5,0.006,214,100,0.6000000000000001
1335.0,0.006,215,100,0.6000000000000001
1335.5,0.006,215,100,0.6000000000000001
1336.0,0.006,215,100,1.2000000000000002
1336.5,0.005,216,99,3.0
1337.0,0.008,216,100,3.6
1337.5,0.008,216,100,4.2
1338.0,0.006,217,100,4.2
1338.5,0.008,217,100,3.6
1339.0,0.01,217,100,3.6
1339.5,0.008,218,99,3.0
1340.0,0.006,218,99,3.0
1340.5,0.008,218,99,3.6
1341.0,0.01,218,99,3.6
1341.5,0.008,219,99,3.6
1342.0,0.008,219,100,3.6
1342.5,0.008,219,100,4.2
1343.0,0.01,220,100,4.800000000000001
1343.5,0.008,220,101,4.800000000000001
1344.0,0.008,220,101,4.2
1344.5,0.01,221,101,4.2
1345.0,0.008,221,100,3.6
1345.5,0.006,221,100,3.6
1346.0,0.01,221,100,4.2
1346.5,0.006,222,100,4.2
1347.0,0.01,222,100,4.2
1347.5,0.008,222,100,3.6
1348.0,0.006,223,100,4.2
1348.5,0.005,223,100,3.6
1349.0,0.006,223,101,3.6
1349.5,0.006,224,101,3.0
1350.0,0.006,224,101,3.0
1350.5,0.006,224,100,3.0
1351.0,0.006,224,101,3.0
1351.5,0.006,225,101,3.6
1352.0,0.01,225,101,3.6
1352.5,0.008,225,101,3.6
1353.0,0.008,226,101,2.4000000000000004
1353.5,0.008,226,101,2.4000000000000004
1354.0,0.008,226,101,1.8
1354.5,0.008,227,101,1.8
1355.0,0.008,227,101,1.8
1355.5,0.006,227,100,1.8
1356.0,0.008,228,99,1.8
1356.5,0.006,228,99,1.8
1357.0,0.008,228,98,1.8
1357.5,0.006,228,98,1.8
1358.0,0.008,229,98,1.2000000000000002
1358.5,0.008,229,98,0.6000000000000001
1359.0,0.006,229,98,0.0
1359.5,0.008,230,98,0.0
1360.0,0.008,230,98,0.0
1360.5,0.008,230,98,0.0
1361.0,0.01,230,98,0.0
1361.5,0.006,231,98,0.0
1362.0,0.005,231,98,0.0
1362.5,0.008,231,98,0.0
1363.0,0.008,232,99,0.0
1363.5,0.006,232,99,0.0
1364.0,0.008,232,99,0.6000000000000001
1364.5,0.008,233,100,0.6000000000000001
1365.0,0.008,233,100,0.6000000000000001
1365.5,0.008,233,100,0.6000000000000001
1366.0,0.008,234,101,0.6000000000000001
1366.5,0.006,234,100,0.6000000000000001
1367.0,0.008,234,100,0.6000000000000001
1367.5,0.008,234,100,0.6000000000000001
1368.0,0.005,235,100,0.6000000000000001
1368.5,0.006,235,99,1.2000000000000002
1369.0,0.006,235,99,3.0
1369.5,0.008,236,99,3.6
1370.0,0.008,236,100,4.2
1370.5,0.008,236,100,4.2
1371.0,0.006,236,100,3.6
1371.5,0.006,237,99,3.6
1372.0,0.008,237,99,3.6
1372.5,0.008,238,99,3.0
1373.0,0.006,238,99,3.6
1373.5,0.006,238,99,3.6
1374.0,0.01,239,99,4.2
1374.5,0.008,239,100,4.2
1375.0,0.008,239,100,4.800000000000001
1375.5,0.006,239,100,4.800000000000001
1376.0,0.008,240,100,4.2
1376.5,0.005,240,100,4.2
1377.0,0.008,240,100,3.6
1377.5,0.01,241,100,3.6
1378.0,0.008,241,100,3.6
1378.5,0.008,241,100,4.2
1379.0,0.006,242,100,4.2
1379.5,0.006,242,100,3.6
1380.0,0.01,242,100,3.6
1380.5,0.006,243,100,4.2
1381.0,0.008,243,100,3.6
1381.5,0.006,243,100,3.6
1382.0,0.006,243,101,3.6
1382.5,0.008,244,100,3.0
1383.0,0.011,244,100,3.0
1383.5,0.005,244,100,3.6
1384.0,0.008,245,100,3.6
1384.5,0.006,245,100,3.6
1385.0,0.008,245,100,3.0
1385.5,0.006,246,100,1.8
1386.0,0.011,246,100,1.8
1386.5,0.008,246,101,1.8
1387.0,0.006,246,100,1.8
1387.5,0.006,247,100,1.8
1388.0,0.006,247,99,1.8
1388.5,0.006,247,99,1.8
1389.0,0.008,248,99,1.8
1389.5,0.008,248,98,1.8
1390.0,0.005,248,98,1.8
1390.5,0.01,248,98,0.6000000000000001
1391.0,0.008,249,98,0.6000000000000001
1391.5,0.008,249,98,0.0
1392.0,0.008,249,98,0.0
1392.5,0.008,250,98,0.0
1393.0,0.006,250,99,0.0
1393.5,0.008,250,98,0.0
1394.0,0.008,251,99,0.0
1394.5,0.008,251,99,0.6000000000000001
1395.0,0.006,251,99,0.0
1395.5,0.008,251,100,0.0
1396.0,0.006,252,100,0.0
1396.5,0.008,252,100,0.6000000000000001
1397.0,0.006,252,101,0.6000000000000001
1397.5,0.006,253,101,0.6000000000000001
1398.0,0.006,253,101,0.6000000000000001
1398.5,0.005,253,101,0.6000000000000001
1399.0,0.006,254,101,0.6000000000000001
1399.5,0.006,254,100,0.6000000000000001
1400.0,0.006,254,100,0.0
1400.5,0.005,254,100,1.2000000000000002
1401.0,0.005,255,100,2.4000000000000004
1401.5,0.006,255,100,3.6
1402.0,0.006,255,100,4.2
1402.5,0.008,256,101,4.2
1403.0,0.008,256,100,3.6
1403.5,0.008,256,100,3.6
1404.0,0.006,257,100,3.0
1404.5,0.008,257,99,3.0
1405.0,0.008,257,99,3.0
1405.5,0.008,258,99,3.6
1406.0,0.008,258,99,3.6
1406.5,0.006,258,99,4.2
1407.0,0.006,258,100,4.2
1407.5,0.008,259,100,4.800000000000001
1408.0,0.008,259,100,4.800000000000001
1408.5,0.013,259,100,4.2
1409.0,0.006,260,100,4.2
1409.5,0.006,260,100,3.6
1410.0,0.006,260,100,3.6
1410.5,0.008,261,100,3.6
1411.0,0.006,261,100,3.6
1411.5,0.01,261,100,4.2
1412.0,0.008,261,100,3.6
1412.5,0.006,262,100,3.6
1413.0,0.005,262,100,4.2
1413.5,0.008,262,101,3.6
1414.0,0.008,263,100,3.6
1414.5,0.008,263,100,3.0
1415.0,0.006,263,101,3.0
1415.5,0.006,264,100,3.0
1416.0,0.005,264,101,3.0
1416.5,0.01,264,101,3.6
1417.0,0.006,264,100,3.6
1417.5,0.01,265,100,3.0
1418.0,0.005,265,100,2.4000000000000004
1418.5,0.008,265,101,1.8
1419.0,0.006,266,101,1.8
1419.5,0.008,266,101,1.8
1420.0,0.008,266,100,1.8
1420.5,0.008,267,99,1.8
1421.0,0.006,267,99,1.8
1421.5,0.008,267,98,1.8
1422.0,0.006,268,98,1.8
1422.5,0.008,268,98,1.8
1423.0,0.006,268,98,1.2000000000000002
1423.5,0.01,268,98,0.6000000000000001
1424.0,0.01,269,98,0.0
1424.5,0.008,269,98,0.0
1425.0,0.005,269,98,0.0
1425.5,0.008,270,98,0.0
1426.0,0.008,270,98,0.0
1426.5,0.011,270,98,0.0
1427.0,0.01,270,98,0.0
1427.5,0.008,271,98,0.0
1428.0,0.006,271,98,0.0
1428.5,0.01,271,99,0.0
1429.0,0.006,272,100,0.6000000000000001
1429.5,0.01,272,100,0.6000000000000001
1430.0,0.008,272,101,0.6000000000000001
1430.5,0.008,272,101,0.6000000000000001
1431.0,0.005,273,101,0.6000000000000001
1431.5,0.008,273,101,0.6000000000000001
1432.0,0.006,273,100,0.6000000000000001
1432.5,0.008,274,100,0.6000000000000001
1433.0,0.008,274,100,0.6000000000000001
1433.5,0.006,274,99,1.8
1434.0,0.003,275,99,3.0
1434.5,0.008,275,100,4.2
1435.0,0.008,275,100,4.2
1435.5,0.008,276,100,3.6
1436.0,0.008,276,100,3.6
1436.5,0.006,276,100,3.6
1437.0,0.006,276,99,3.0
1437.5,0.006,277,99,3.0
1438.0,0.008,277,99,3.6
1438.5,0.008,277,99,3.6
1439.0,0.008,278,99,3.6
1439.5,0.008,278,100,4.2
1440.0,0.005,278,100,4.800000000000001
1440.5,0.006,279,100,4.800000000000001
1441.0,0.006,279,100,4.2
1441.5,0.006,279,101,4.2
1442.0,0.008,279,100,3.6
1442.5,0.006,280,100,3.6
1443.0,0.008,280,100,3.6
1443.5,0.006,280,100,3.6
1444.0,0.008,281,100,4.2
1444.5,0.008,281,100,3.6
1445.0,0.008,281,100,4.2
1445.5,0.008,282,100,4.2
1446.0,0.006,282,100,3.6
1446.5,0.006,282,100,3.6
1447.0,0.006,282,101,3.0
1447.5,0.01,283,100,3.0
1448.0,0.006,283,100,3.0
1448.5,0.003,283,101,3.0
1449.0,0.005,284,101,3.0
1449.5,0.006,284,100,3.6
1450.0,0.006,284,100,3.0
1450.5,0.006,285,100,2.4000000000000004
1451.0,0.006,285,101,1.8
1451.5,0.006,285,101,1.8
1452.0,0.006,286,101,1.8
1452.5,0.006,286,100,1.8
1453.0,0.005,286,100,1.2000000000000002
1453.5,0.008,286,99,1.2000000000000002
1454.0,0.006,287,99,1.8
1454.5,0.006,287,98,1.8
1455.0,0.006,287,98,1.8
1455.5,0.008,288,98,1.2000000000000002
1456.0,0.006,288,98,0.6000000000000001
1456.5,0.005,288,98,0.0
1457.0,0.008,288,98,0.0
1457.5,0.006,289,98,0.0
1458.0,0.008,289,98,0.0
1458.5,0.008,289,98,0.0
1459.0,0.006,290,98,0.0
1459.5,0.006,290,98,0.0
1460.0,0.008,290,98,0.0
1460.5,0.008,291,99,0.0
1461.0,0.008,291,99,0.0
1461.5,0.006,291,99,0.6000000000000001
1462.0,0.005,291,100,0.6000000000000001
1462.5,0.005,292,100,0.6000000000000001
1463.0,0.006,292,101,0.6000000000000001
1463.5,0.005,292,101,0.6000000000000001
1464.0,0.008,293,100,0.6000000000000001
1464.5,0.006,293,100,0.6000000000000001
1465.0,0.006,293,100,0.6000000000000001
1465.5,0.003,294,100,0.0
1466.0,0.006,294,99,1.8
1466.5,0.005,294,99,3.0
1467.0,0.006,294,99,3.6
1467.5,0.006,295,100,4.2
1468.0,0.005,295,100,4.2
1468.5,0.005,295,100,3.6
1469.0,0.008,296,99,3.6
1469.5,0.005,296,99,3.6
1470.0,0.008,296,99,3.6
1470.5,0.008,297,98,3.6
1471.0,0.005,297,98,3.6
1471.5,0.005,297,99,4.2
1472.0,0.005,297,99,4.2
1472.5,0.005,298,99,4.800000000000001
1473.0,0.005,298,100,4.800000000000001
1473.5,0.008,298,100,4.800000000000001
1474.0,0.006,299,100,4.2
1474.5,0.005,299,100,4.2
1475.0,0.005,299,100,3.6
1475.5,0.005,300,100,3.6
1476.0,0.005,300,100,3.6
1476.5,0.006,300,100,4.2
1477.0,0.005,300,100,4.2
1477.5,0.003,301,99,3.6
1478.0,0.005,301,100,3.6
1478.5,0.005,301,100,3.6
1479.0,0.005,302,100,3.6
1479.5,0.005,302,100,3.6
1480.0,0.003,302,101,3.0
1480.5,0.003,303,100,3.0
1481.0,0.003,303,100,3.0
1481.5,0.003,303,101,3.0
1482.0,0.003,303,100,3.6
1482.5,0.005,304,100,3.0
1483.0,0.005,304,100,2.4000000000000004
1483.5,0.005,304,101,1.8
1484.0,0.003,305,101,1.8
1484.5,0.003,305,101,1.8
1485.0,0.003,305,100,1.8
1485.5,0.005,306,100,1.2000000000000002
1486.0,0.003,306,99,1.2000000000000002
1486.5,0.006,306,99,1.2000000000000002
1487.0,0.003,306,98,1.8
1487.5,0.003,307,98,1.8
1488.0,0.005,307,98,1.2000000000000002
1488.5,0.006,307,98,0.6000000000000001
1489.0,0.005,308,98,0.0
1489.5,0.003,308,98,0.0
1490.0,0.003,308,98,0.0
1490.5,0.003,309,98,0.0
1491.0,0.005,309,98,0.0
1491.5,0.005,309,98,0.0
1492.0,0.006,309,98,0.0
1492.5,0.005,310,98,0.0
1493.0,0.003,310,98,0.0
1493.5,0.003,310,99,0.0
1494.0,0.005,311,99,0.6000000000000001
1494.5,0.003,311,100,0.6000000000000001
1495.0,0.005,311,100,0.6000000000000001
1495.5,0.005,312,101,0.6000000000000001
1496.0,0.006,312,101,0.6000000000000001
1496.5,0.005,312,100,0.6000000000000001
1497.0,0.003,312,100,0.6000000000000001
1497.5,0.003,313,100,0.6000000000000001
1498.0,0.002,313,100,0.0
1498.5,0.005,313,100,0.6000000000000001
1499.0,0.003,314,99,2.4000000000000004
1499.5,0.005,314,99,3.6
1500.0,0.003,314,100,4.2
1500.5,0.005,315,100,4.2
1501.0,0.003,315,100,3.6
1501.5,0.006,315,100,3.6
1502.0,0.006,315,99,3.6
1502.5,0.003,316,99,3.0
1503.0,0.003,316,99,3.6
1503.5,0.005,316,99,3.6
1504.0,0.003,317,99,4.2
1504.5,0.01,317,99,3.6
1505.0,0.005,317,99,4.2
1505.5,0.005,318,99,4.800000000000001
1506.0,0.005,318,100,4.800000000000001
1506.5,0.003,318,100,4.800000000000001
1507.0,0.003,318,100,4.800000000000001
1507.5,0.006,319,100,3.6
1508.0,0.005,319,100,3.6
1508.5,0.003,319,100,3.6
1509.0,0.005,320,100,4.2
1509.5,0.006,320,100,4.2
1510.0,0.003,320,100,3.6
1510.5,0.006,321,99,4.2
1511.0,0.005,321,99,4.2
1511.5,0.003,321,100,3.6
1512.0,0.003,321,100,3.6
1512.5,0.006,322,100,3.0
1513.0,0.005,322,100,3.0
1513.5,0.002,322,100,3.0
1514.0,0.003,323,100,3.6
1514.5,0.003,323,100,3.6
1515.0,0.003,323,100,3.6
1515.5,0.003,324,100,3.0
1516.0,0.003,324,100,2.4000000000000004
1516.5,0.003,324,100,1.8
1517.0,0.003,325,100,1.8
1517.5,0.003,325,100,1.8
1518.0,0.002,325,99,1.8
1518.5,0.003,325,99,1.8
1519.0,0.002,326,98,1.8
1519.5,0.003,326,98,1.8
1520.0,0.005,326,97,1.8
1520.5,0.003,327,97,1.8
1521.0,0.005,327,97,1.2000000000000002
1521.5,0.005,327,97,0.6000000000000001
1522.0,0.003,327,97,0.0
1522.5,0.005,328,97,0.0
1523.0,0.005,328,98,0.0
1523.5,0.002,328,98,0.0
1524.0,0.005,329,97,0.0
1524.5,0.006,329,98,0.0
1525.0,0.003,329,97,0.0
1525.5,0.005,330,98,0.0
1526.0,0.006,330,98,0.0
1526.5,0.005,330,99,0.0
1527.0,0.005,330,99,0.6000000000000001
1527.5,0.005,331,100,0.6000000000000001
1528.0,0.002,331,100,0.6000000000000001
1528.5,0.003,331,100,0.6000000000000001
1529.0,0.006,332,100,0.6000000000000001
1529.5,0.005,332,100,0.6000000000000001
1530.0,0.003,332,100,0.6000000000000001
1530.5,0.005,332,100,0.0
1531.0,0.003,333,99,0.6000000000000001
1531.5,0.002,333,99,1.8
1532.0,0.005,333,99,3.0
1532.5,0.003,334,99,4.2
1533.0,0.003,334,100,4.2
1533.5,0.005,334,100,4.2
1534.0,0.005,335,100,3.6
1534.5,0.003,335,99,3.6
1535.0,0.003,335,99,3.6
1535.5,0.005,336,99,3.6
1536.0,0.005,336,98,3.6
1536.5,0.003,336,98,3.6
1537.0,0.003,336,99,4.2
1537.5,0.003,337,99,4.2
1538.0,0.006,337,99,4.800000000000001
1538.5,0.005,337,100,4.800000000000001
1539.0,0.008,338,100,4.800000000000001
1539.5,0.005,338,100,4.800000000000001
1540.0,0.003,338,100,4.2
1540.5,0.003,339,100,4.2
1541.0,0.006,339,100,3.6
1541.5,0.005,339,100,4.2
1542.0,0.006,339,100,4.2
1542.5,0.006,340,100,4.2
1543.0,0.005,340,99,4.2
1543.5,0.003,340,100,4.2
1544.0,0.006,341,100,3.6
1544.5,0.005,341,100,3.6
1545.0,0.005,341,100,3.6
1545.5,0.005,341,100,3.0
1546.0,0.003,342,100,3.0
1546.5,0.003,342,101,3.0
1547.0,0.005,342,100,3.6
1547.5,0.006,343,101,3.6
1548.0,0.003,343,100,3.0
1548.5,0.005,343,100,2.4000000000000004
1549.0,0.003,344,101,1.8
1549.5,0.002,344,101,1.8
1550.0,0.005,344,101,1.8
1550.5,0.008,345,100,1.8
1551.0,0.002,345,100,1.8
1551.5,0.005,345,99,1.8
1552.0,0.003,345,99,1.8
1552.5,0.002,346,98,1.8
1553.0,0.005,346,98,1.8
1553.5,0.005,346,98,1.2000000000000002
1554.0,0.003,347,98,0.6000000000000001
1554.5,0.003,347,98,0.0
1555.0,0.005,347,98,0.0
1555.5,0.005,348,98,0.0
1556.0,0.005,348,98,0.0
1556.5,0.005,348,98,0.0
1557.0,0.005,348,98,0.0
1557.5,0.005,349,98,0.0
1558.0,0.005,349,98,0.0
1558.5,0.005,349,99,0.0
1559.0,0.005,350,99,0.0
1559.5,0.008,350,99,0.0
1560.0,0.006,350,100,0.6000000000000001
1560.5,0.006,350,100,0.6000000000000001
1561.0,0.006,351,101,0.6000000000000001
1561.5,0.003,351,101,0.6000000000000001
1562.0,0.005,351,101,0.6000000000000001
1562.5,0.006,352,100,0.6000000000000001
1563.0,0.003,352,100,0.6000000000000001
1563.5,0.005,352,100,0.6000000000000001
1564.0,0.005,353,100,1.2000000000000002
1564.5,0.003,353,99,3.0
1565.0,0.003,353,99,3.6
1565.5,0.005,354,100,4.2
1566.0,0.003,354,100,4.2
1566.5,0.006,354,100,3.6
1567.0,0.005,354,100,3.6
1567.5,0.005,355,99,3.0
1568.0,0.005,355,99,3.0
1568.5,0.006,355,99,3.6
1569.0,0.005,356,99,3.6
1569.5,0.008,356,99,3.6
1570.0,0.005,356,99,3.6
1570.5,0.003,356,99,4.2
1571.0,0.003,357,100,4.800000000000001
1571.5,0.003,357,100,4.800000000000001
1572.0,0.005,357,100,4.800000000000001
1572.5,0.01,358,100,4.2
1573.0,0.006,358,100,4.2
1573.5,0.003,358,100,3.6
1574.0,0.005,359,100,4.2
1574.5,0.005,359,100,4.2
1575.0,0.005,359,100,4.2
1575.5,0.008,360,100,4.2
1576.0,0.006,360,100,3.6
1576.5,0.003,0,100,4.2
1577.0,0.005,0,100,3.6
1577.5,0.005,1,100,3.0
1578.0,0.003,1,101,3.0
1578.5,0.006,1,100,3.0
1579.0,0.006,2,100,3.0
1579.5,0.002,2,101,3.0
1580.0,0.005,2,100,3.6
1580.5,0.003,2,100,3.6
1581.0,0.003,3,101,2.4000000000000004
1581.5,0.006,3,101,1.8
1582.0,0.006,3,101,1.8
1582.5,0.003,4,101,1.8
1583.0,0.003,4,101,1.8
1583.5,0.003,4,100,1.8
1584.0,0.003,5,99,1.8
1584.5,0.003,5,99,1.8
1585.0,0.005,5,99,1.8
1585.5,0.003,5,98,1.8
1586.0,0.003,6,98,1.8
1586.5,0.003,6,98,0.6000000000000001
1587.0,0.003,6,98,0.0
1587.5,0.003,7,98,0.0
1588.0,0.005,7,98,0.0
1588.5,0.005,7,99,0.0
1589.0,0.005,8,98,0.0
1589.5,0.003,8,98,0.0
1590.0,0.003,8,99,0.0
1590.5,0.005,8,98,0.0
1591.0,0.006,9,99,0.0
1591.5,0.005,9,99,0.0
1592.0,0.005,9,99,0.0
1592.5,0.005,10,100,0.6000000000000001
1593.0,0.006,10,101,0.6000000000000001
1593.5,0.006,10,101,0.6000000000000001
1594.0,0.006,11,101,0.6000000000000001
1594.5,0.005,11,101,0.6000000000000001
1595.0,0.005,11,100,0.6000000000000001
1595.5,0.005,11,100,0.6000000000000001
1596.0,0.005,12,100,0.6000000000000001
1596.5,0.003,12,100,1.2000000000000002
1597.0,0.005,12,99,2.4000000000000004
1597.5,0.003,13,100,3.6
1598.0,0.003,13,100,4.2
1598.5,0.003,13,100,4.2
1599.0,0.005,14,100,3.6
1599.5,0.005,14,100,3.6
1600.0,0.005,14,99,3.0
1600.5,0.005,15,99,3.0
1601.0,0.006,15,99,3.0
1601.5,0.003,15,99,3.6
1602.0,0.005,16,100,4.2
1602.5,0.006,16,100,4.2
1603.0,0.006,17,100,4.2
1603.5,0.005,17,100,4.2
1604.0,0.005,17,100,3.6
1604.5,0.005,17,100,3.6
1605.0,0.006,18,100,3.6
1605.5,0.005,18,100,3.6
1606.0,0.006,18,100,4.2
1606.5,0.005,19,100,4.2
1607.0,0.006,19,100,3.6
1607.5,0.005,19,100,3.6
1608.0,0.005,20,100,4.2
1608.5,0.006,20,100,3.6
1609.0,0.006,20,100,3.6
1609.5,0.006,20,101,3.0
1610.0,0.006,21,101,3.0
1610.5,0.005,21,100,3.0
1611.0,0.006,21,101,3.0
1611.5,0.006,22,101,3.6
1612.0,0.006,22,100,3.6
1612.5,0.005,22,100,2.4000000000000004
1613.0,0.006,23,100,1.8
1613.5,0.005,23,101,1.8
1614.0,0.005,23,101,1.8
1614.5,0.006,24,101,1.8
1615.0,0.006,24,100,1.8
1615.5,0.006,24,99,1.2000000000000002
1616.0,0.006,24,99,1.2000000000000002
1616.5,0.005,25,98,1.2000000000000002
1617.0,0.005,25,98,1.8
1617.5,0.006,25,98,1.2000000000000002
1618.0,0.01,26,98,0.6000000000000001
1618.5,0.005,26,98,0.0
1619.0,0.005,26,98,0.0
1619.5,0.006,26,98,0.0
1620.0,0.008,27,98,0.0
1620.5,0.006,27,98,0.0
1621.0,0.008,27,98,0.0
1621.5,0.008,28,98,0.0
1622.0,0.005,28,98,0.0
1622.5,0.005,28,98,0.0
1623.0,0.01,29,99,0.0
1623.5,0.008,29,99,0.6000000000000001
1624.0,0.008,29,100,0.6000000000000001
1624.5,0.008,29,100,0.6000000000000001
1625.0,0.005,30,101,0.6000000000000001
1625.5,0.006,30,101,0.6000000000000001
1626.0,0.006,30,101,0.0
1626.5,0.006,31,100,0.6000000000000001
1627.0,0.006,31,100,0.0
1627.5,0.005,31,100,0.0
1628.0,0.005,32,100,0.6000000000000001
1628.5,0.006,32,99,1.8
1629.0,0.006,32,99,3.6
1629.5,0.006,32,100,4.2
1630.0,0.006,33,100,4.2
1630.5,0.003,33,100,3.6
1631.0,0.003,33,100,3.6
1631.5,0.005,34,99,3.6
1632.0,0.005,34,99,3.0
1632.5,0.005,34,99,3.0
1633.0,0.006,35,99,3.6
1633.5,0.005,35,99,3.6
1634.0,0.005,35,99,4.2
1634.5,0.006,35,100,3.6
1635.0,0.006,36,100,4.800000000000001
1635.5,0.005,36,100,4.800000000000001
1636.0,0.006,36,100,4.800000000000001
1636.5,0.006,37,101,4.2
1637.0,0.006,37,100,3.6
1637.5,0.008,37,100,3.6
1638.0,0.005,38,100,3.6
1638.5,0.006,38,100,3.6
1639.0,0.006,38,100,4.2
1639.5,0.005,39,100,3.6
1640.0,0.005,39,100,3.6
1640.5,0.008,39,100,3.6
1641.0,0.006,39,100,3.6
1641.5,0.006,40,101,3.6
1642.0,0.006,40,101,3.0
1642.5,0.006,40,101,3.0
1643.0,0.006,41,101,3.0
1643.5,0.008,41,101,3.0
1644.0,0.005,41,101,3.0
1644.5,0.006,42,101,3.0
1645.0,0.005,42,100,2.4000000000000004
1645.5,0.006,42,101,2.4000000000000004
1646.0,0.005,42,101,1.8
1646.5,0.008,43,101,1.8
1647.0,0.002,43,101,1.8
1647.5,0.003,43,100,1.8
1648.0,0.005,44,100,1.8
1648.5,0.006,44,99,1.2000000000000002
1649.0,0.006,44,99,1.2000000000000002
1649.5,0.008,45,98,1.8
1650.0,0.005,45,98,1.2000000000000002
1650.5,0.005,45,98,0.6000000000000001
1651.0,0.005,45,98,0.0
1651.5,0.006,46,98,0.0
1652.0,0.005,46,98,0.0
1652.5,0.006,46,98,0.0
1653.0,0.005,47,98,0.0
1653.5,0.005,47,98,0.0
1654.0,0.005,47,98,0.0
1654.5,0.008,48,98,0.0
1655.0,0.005,48,99,0.0
1655.5,0.005,48,99,0.0
1656.0,0.005,48,99,0.0
1656.5,0.006,49,100,0.6000000000000001
1657.0,0.006,49,100,0.6000000000000001
1657.5,0.008,49,101,0.6000000000000001
1658.0,0.006,50,101,0.6000000000000001
1658.5,0.006,50,101,0.6000000000000001
1659.0,0.008,50,101,0.6000000000000001
1659.5,0.005,51,100,0.6000000000000001
1660.0,0.006,51,100,0.6000000000000001
1660.5,0.006,51,100,0.6000000000000001
1661.0,0.005,51,99,1.8
1661.5,0.005,52,99,3.6
1662.0,0.005,52,100,3.6
1662.5,0.005,52,100,3.6
1663.0,0.006,53,100,3.6
1663.5,0.003,53,100,3.6
1664.0,0.003,53,100,3.6
1664.5,0.005,54,99,3.0
1665.0,0.005,54,99,3.6
1665.5,0.005,54,99,3.6
1666.0,0.005,54,99,3.6
1666.5,0.005,55,99,4.2
1667.0,0.003,55,100,4.2
1667.5,0.005,55,100,4.800000000000001
1668.0,0.005,56,100,4.800000000000001
1668.5,0.005,56,100,4.800000000000001
1669.0,0.005,56,100,4.2
1669.5,0.005,57,100,4.2
1670.0,0.005,57,100,3.6
1670.5,0.003,57,100,3.6
1671.0,0.006,57,100,3.6
1671.5,0.005,58,100,4.2
1672.0,0.008,58,100,4.2
1672.5,0.003,58,100,3.6
1673.0,0.003,59,100,4.2
1673.5,0.005,59,100,3.6
1674.0,0.006,59,101,3.6
1674.5,0.005,60,101,3.6
1675.0,0.006,60,100,3.0
1675.5,0.005,60,100,3.0
1676.0,0.003,60,101,3.0
1676.5,0.003,61,101,3.6
1677.0,0.006,61,101,3.6
1677.5,0.006,61,100,3.0
1678.0,0.006,62,100,2.4000000000000004
1678.5,0.005,62,101,1.8
1679.0,0.003,62,101,1.8
1679.5,0.003,63,101,1.8
1680.0,0.006,63,100,1.8
1680.5,0.005,63,100,1.8
1681.0,0.003,63,99,1.8
1681.5,0.005,64,99,1.8
1682.0,0.003,64,98,1.8
1682.5,0.002,64,98,1.8
1683.0,0.006,65,98,1.2000000000000002
1683.5,0.003,65,98,0.6000000000000001
1684.0,0.005,65,98,0.0
1684.5,0.008,66,98,0.0
1685.0,0.003,66,98,0.0
1685.5,0.002,66,98,0.0
1686.0,0.006,66,98,0.0
1686.5,0.005,67,98,0.0
1687.0,0.005,67,98,0.0
1687.5,0.005,67,98,0.0
1688.0,0.005,68,99,0.0
1688.5,0.005,68,99,0.0
1689.0,0.006,68,99,0.6000000000000001
1689.5,0.005,69,100,0.6000000000000001
1690.0,0.006,69,101,0.6000000000000001
1690.5,0.006,69,101,0.6000000000000001
1691.0,0.005,69,101,0.6000000000000001
1691.5,0.003,70,100,0.6000000000000001
1692.0,0.008,70,100,0.6000000000000001
1692.5,0.005,70,100,0.6000000000000001
1693.0,0.005,71,100,0.6000000000000001
1693.5,0.006,71,100,1.8
1694.0,0.003,71,99,3.6
1694.5,0.003,72,100,3.6
1695.0,0.006,72,100,4.2
1695.5,0.005,72,100,3.6
1696.0,0.005,73,100,3.6
1696.5,0.005,73,100,3.6
1697.0,0.005,73,99,3.0
1697.5,0.005,73,99,3.0
1698.0,0.006,74,99,3.6
1698.5,0.005,74,99,3.6
1699.0,0.006,74,99,3.6
1699.5,0.005,75,100,3.6
1700.0,0.003,75,100,4.2
1700.5,0.003,75,100,4.800000000000001
1701.0,0.005,75,100,4.800000000000001
1701.5,0.003,76,100,4.2
1702.0,0.006,76,100,4.2
1702.5,0.006,76,100,3.6
1703.0,0.003,77,100,3.6
1703.5,0.003,77,100,4.2
1704.0,0.005,77,100,4.2
1704.5,0.005,78,100,4.2
1705.0,0.008,78,100,4.2
1705.5,0.005,78,100,4.2
1706.0,0.003,78,100,4.2
1706.5,0.006,79,100,3.6
1707.0,0.006,79,100,3.6
1707.5,0.005,79,100,3.0
1708.0,0.008,80,100,3.0
1708.5,0.006,80,100,3.0
1709.0,0.005,80,100,3.6
1709.5,0.006,81,100,3.6
1710.0,0.006,81,100,3.0
1710.5,0.006,81,100,2.4000000000000004
1711.0,0.006,82,100,1.8
1711.5,0.006,82,101,1.8
1712.0,0.003,82,100,1.8
1712.5,0.005,82,100,1.8
1713.0,0.005,83,100,1.8
1713.5,0.005,83,99,1.8
1714.0,0.003,83,99,1.8
1714.5,0.006,84,98,1.8
1715.0,0.003,84,97,1.8
1715.5,0.003,84,97,1.2000000000000002
1716.0,0.003,84,97,0.6000000000000001
1716.5,0.005,85,98,0.0
1717.0,0.005,85,97,0.0
1717.5,0.005,85,98,0.0
1718.0,0.005,86,98,0.0
1718.5,0.003,86,98,0.0
1719.0,0.005,86,98,0.0
1719.5,0.005,87,98,0.0
1720.0,0.005,87,98,0.0
1720.5,0.006,87,98,0.0
1721.0,0.003,87,99,0.0
1721.5,0.005,88,99,0.0
1722.0,0.005,88,100,0.6000000000000001
1722.5,0.006,88,100,0.6000000000000001
1723.0,0.005,89,101,0.6000000000000001
1723.5,0.008,89,101,0.6000000000000001
1724.0,0.005,89,100,0.6000000000000001
1724.5,0.005,90,100,0.6000000000000001
1725.0,0.005,90,100,0.6000000000000001
1725.5,0.006,90,100,0.6000000000000001
1726.0,0.005,90,99,1.2000000000000002
1726.5,0.008,91,99,2.4000000000000004
1727.0,0.003,91,99,3.6
1727.5,0.005,91,100,4.2
1728.0,0.005,92,100,4.2
1728.5,0.005,92,100,3.6
1729.0,0.003,92,100,3.6
1729.5,0.006,93,99,3.6
1730.0,0.005,93,99,3.0
1730.5,0.005,93,99,3.0
1731.0,0.005,93,99,3.6
1731.5,0.003,94,99,3.6
1732.0,0.003,94,99,3.6
1732.5,0.005,94,100,4.2
1733.0,0.006,95,100,4.800000000000001
1733.5,0.005,95,100,4.800000000000001
1734.0,0.005,95,100,4.2
1734.5,0.005,96,100,4.2
1735.0,0.003,96,100,3.6
1735.5,0.005,96,100,3.6
1736.0,0.005,97,100,3.6
1736.5,0.005,97,100,4.2
1737.0,0.005,97,100,4.2
1737.5,0.005,97,100,3.6
1738.0,0.005,98,100,4.2
1738.5,0.005,98,100,3.6
1739.0,0.005,98,100,3.6
1739.5,0.003,99,100,3.6
1740.0,0.005,99,100,3.0
1740.5,0.005,99,101,3.0
1741.0,0.003,99,101,3.0
1741.5,0.005,100,100,3.0
1742.0,0.005,100,100,3.6
1742.5,0.005,100,100,3.6
1743.0,0.005,101,100,2.4000000000000004
1743.5,0.003,101,100,2.4000000000000004
1744.0,0.003,101,100,1.8
1744.5,0.003,102,101,1.8
1745.0,0.003,102,100,1.8
1745.5,0.003,102,100,1.8
1746.0,0.005,102,99,1.8
1746.5,0.003,103,98,1.8
1747.0,0.003,103,98,1.8
1747.5,0.002,103,97,1.8
1748.0,0.003,104,97,1.8
1748.5,0.003,104,97,0.6000000000000001
1749.0,0.003,104,97,0.6000000000000001
1749.5,0.002,105,97,0.0
1750.0,0.003,105,97,0.0
1750.5,0.002,105,98,0.0
1751.0,0.003,105,98,0.0
1751.5,0.005,106,97,0.0
1752.0,0.005,106,98,0.0
1752.5,0.003,106,97,0.0
1753.0,0.005,107,98,0.0
1753.5,0.003,107,98,0.0
1754.0,0.006,107,99,0.0
1754.5,0.005,107,99,0.6000000000000001
1755.0,0.006,108,100,0.6000000000000001
1755.5,0.003,108,100,0.6000000000000001
1756.0,0.005,108,100,0.6000000000000001
1756.5,0.005,109,100,0.6000000000000001
1757.0,0.005,109,100,0.6000000000000001
1757.5,0.003,109,100,0.6000000000000001
1758.0,0.005,110,100,0.6000000000000001
1758.5,0.002,110,99,0.6000000000000001
1759.0,0.008,110,99,1.8
1759.5,0.003,111,99,3.6
1760.0,0.005,111,99,4.2
1760.5,0.005,111,100,4.2
1761.0,0.005,111,100,3.6
1761.5,0.003,112,100,3.6
1762.0,0.005,112,99,3.6
1762.5,0.005,112,99,3.6
1763.0,0.005,113,99,3.6
1763.5,0.005,113,98,3.6
1764.0,0.005,113,98,3.6
1764.5,0.002,113,99,4.2
1765.0,0.003,114,99,4.2
1765.5,0.003,114,99,4.800000000000001
1766.0,0.003,114,100,4.800000000000001
1766.5,0.003,115,100,4.800000000000001
1767.0,0.006,115,100,4.2
1767.5,0.003,115,100,4.2
1768.0,0.003,117,100,4.800000000000001
1768.5,0.006,117,100,4.2
1769.0,0.005,117,99,4.2
1769.5,0.003,117,100,4.2
1770.0,0.005,118,100,4.2
1770.5,0.003,118,100,3.6
1771.0,0.003,118,101,3.6
1771.5,0.006,119,100,3.0
1772.0,0.003,119,100,3.0
1772.5,0.003,119,100,3.0
1773.0,0.005,120,100,3.6
1773.5,0.003,120,100,3.6
1774.0,0.003,120,100,3.0
1774.5,0.006,120,100,2.4000000000000004
1775.0,0.005,121,100,1.8
1775.5,0.003,121,101,1.8
1776.0,0.006,121,100,1.8
1776.5,0.003,122,100,1.8
1777.0,0.003,122,99,1.8
1777.5,0.005,122,99,1.8
1778.0,0.003,123,98,1.8
1778.5,0.003,123,98,1.8
1779.0,0.005,123,97,1.8
1779.5,0.003,123,98,1.2000000000000002
1780.0,0.003,124,98,0.6000000000000001
1780.5,0.005,124,98,0.0
1781.0,0.005,124,98,0.0
1781.5,0.003,125,98,0.0
1782.0,0.006,125,98,0.0
1782.5,0.002,125,98,0.0
1783.0,0.003,126,98,0.0
1783.5,0.005,126,98,0.0
1784.0,0.005,126,98,0.0
1784.5,0.003,126,99,0.0
1785.0,0.006,127,99,0.0
1785.5,0.003,127,99,0.6000000000000001
1786.0,0.005,127,100,0.6000000000000001
1786.5,0.005,128,100,0.6000000000000001
1787.0,0.006,128,101,0.6000000000000001
1787.5,0.003,128,101,0.6000000000000001
1788.0,0.005,129,101,0.6000000000000001
1788.5,0.003,129,100,0.6000000000000001
1789.0,0.005,129,100,0.6000000000000001
1789.5,0.005,129,100,0.6000000000000001
1790.0,0.005,130,100,1.2000000000000002
1790.5,0.003,130,99,3.0
1791.0,0.006,130,99,3.6
1791.5,0.005,131,100,4.2
1792.0,0.003,131,100,4.2
1792.5,0.005,131,100,3.6
1793.0,0.005,131,100,3.6
1793.5,0.003,132,99,3.6
1794.0,0.005,132,99,3.6
1794.5,0.005,132,99,3.6
1795.0,0.003,133,99,3.6
1795.5,0.003,133,99,4.2
1796.0,0.003,133,99,4.2
1796.5,0.002,134,99,4.800000000000001
1797.0,0.003,134,100,4.800000000000001
1797.5,0.003,134,100,4.800000000000001
1798.0,0.002,135,100,4.800000000000001
1798.5,0.003,135,100,4.2
1799.0,0.003,135,100,4.2
1799.5,0.002,135,100,3.6
1800.0,0.005,136,100,3.6
1800.5,0.005,136,100,4.2
1801.0,0.003,136,100,4.2
1801.5,0.003,137,100,4.2
1802.0,0.005,137,100,4.2
1802.5,0.003,137,100,4.2
1803.0,0.003,138,100,3.6
1803.5,0.005,138,100,3.6
1804.0,0.002,138,101,3.6
1804.5,0.003,138,100,3.0
1805.0,0.003,139,100,3.0
1805.5,0.005,139,101,3.6
1806.0,0.003,139,100,3.6
1806.5,0.005,140,100,3.0
1807.0,0.003,140,100,3.0
1807.5,0.005,140,100,2.4000000000000004
1808.0,0.005,141,101,1.8
1808.5,0.002,141,101,1.8
1809.0,0.005,141,100,1.8
1809.5,0.003,141,100,1.8
1810.0,0.002,142,99,1.8
1810.5,0.005,142,98,1.8
1811.0,0.003,142,98,1.8
1811.5,0.002,143,97,1.8
1812.0,0.005,143,97,1.8
1812.5,0.003,143,97,0.6000000000000001
1813.0,0.002,144,97,0.0
1813.5,0.005,144,97,0.0
1814.0,0.003,144,98,0.0
1814.5,0.003,144,98,0.0
1815.0,0.003,145,98,0.0
1815.5,0.005,145,98,0.0
1816.0,0.003,145,98,0.0
1816.5,0.005,146,98,0.0
1817.0,0.005,146,98,0.0
1817.5,0.005,146,99,0.0
1818.0,0.003,146,99,0.0
1818.5,0.008,147,99,0.6000000000000001
1819.0,0.006,147,100,0.6000000000000001
1819.5,0.005,147,100,0.6000000000000001
1820.0,0.008,148,100,0.6000000000000001
1820.5,0.003,148,101,0.6000000000000001
1821.0,0.002,148,100,0.6000000000000001
1821.5,0.006,149,100,0.6000000000000001
1822.0,0.005,149,100,0.6000000000000001
1822.5,0.006,149,100,1.2000000000000002
1823.0,0.008,150,99,2.4000000000000004
1823.5,0.003,150,99,3.6
1824.0,0.003,150,100,4.2
1824.5,0.008,150,100,4.2
1825.0,0.005,151,100,4.2
1825.5,0.006,151,100,3.6
1826.0,0.006,151,99,3.6
1826.5,0.003,152,99,3.6
1827.0,0.005,152,99,3.6
1827.5,0.008,152,99,3.6
1828.0,0.005,152,99,3.6
1828.5,0.008,153,99,4.2
1829.0,0.003,153,100,4.2
1829.5,0.003,153,100,4.800000000000001
1830.0,0.003,154,100,4.800000000000001
1830.5,0.006,154,100,4.800000000000001
1831.0,0.005,154,101,4.2
1831.5,0.006,155,100,3.6
1832.0,0.006,155,100,3.6
1832.5,0.003,155,100,3.6
1833.0,0.003,156,100,3.6
1833.5,0.006,156,100,4.800000000000001
1834.0,0.005,156,100,4.2
1834.5,0.006,156,100,4.2
1835.0,0.006,157,100,4.2
1835.5,0.005,157,101,3.6
1836.0,0.005,157,101,3.6
1836.5,0.006,158,101,3.0
1837.0,0.005,158,101,3.0
1837.5,0.006,158,101,3.0
1838.0,0.008,159,101,3.0
1838.5,0.003,159,101,3.6
1839.0,0.006,159,101,3.6
1839.5,0.006,159,100,3.0
1840.0,0.006,160,101,2.4000000000000004
1840.5,0.006,160,101,1.8
1841.0,0.006,160,101,1.8
1841.5,0.005,161,101,1.8
1842.0,0.005,161,100,1.8
1842.5,0.006,161,99,1.8
1843.0,0.006,162,99,1.8
1843.5,0.003,162,98,1.8
1844.0,0.008,162,98,1.8
1844.5,0.003,162,98,1.2000000000000002
1845.0,0.005,163,98,1.2000000000000002
1845.5,0.003,163,98,0.6000000000000001
1846.0,0.006,163,98,0.0
1846.5,0.005,164,98,0.0
1847.0,0.006,164,98,0.0
1847.5,0.005,164,98,0.0
1848.0,0.005,165,98,0.0
1848.5,0.003,165,98,0.0
1849.0,0.006,165,98,0.0
1849.5,0.005,165,98,0.0
1850.0,0.008,166,98,0.0
1850.5,0.005,166,99,0.0
1851.0,0.005,166,99,0.6000000000000001
1851.5,0.005,167,100,0.6000000000000001
1852.0,0.008,167,100,0.6000000000000001
1852.5,0.006,167,100,0.6000000000000001
1853.0,0.006,168,100,0.6000000000000001
1853.5,0.005,168,100,0.6000000000000001
1854.0,0.005,168,100,0.6000000000000001
1854.5,0.006,168,100,0.6000000000000001
1855.0,0.006,169,99,0.6000000000000001
1855.5,0.005,169,99,2.4000000000000004
1856.0,0.008,169,99,3.6
1856.5,0.005,170,99,4.2
1857.0,0.008,170,100,4.2
1857.5,0.006,170,100,4.2
1858.0,0.005,170,100,3.6
1858.5,0.005,171,99,3.6
1859.0,0.006,171,99,3.6
1859.5,0.006,171,99,3.6
1860.0,0.005,172,98,3.6
1860.5,0.005,172,98,3.6
1861.0,0.005,172,99,4.2
1861.5,0.003,173,99,4.2
1862.0,0.008,173,99,4.800000000000001
1862.5,0.005,173,100,4.800000000000001
1863.0,0.003,174,100,4.800000000000001
1863.5,0.005,174,100,4.800000000000001
1864.0,0.003,174,100,4.2
1864.5,0.005,174,100,4.2
1865.0,0.006,175,100,3.6
1865.5,0.005,175,100,4.2
1866.0,0.005,175,100,4.2
1866.5,0.005,176,100,4.2
1867.0,0.005,176,100,4.2
1867.5,0.005,176,100,4.2
1868.0,0.006,176,100,4.2
1868.5,0.006,177,100,3.6
1869.0,0.005,177,101,3.6
1869.5,0.005,177,100,3.0
1870.0,0.006,178,101,3.0
1870.5,0.003,178,101,3.0
1871.0,0.006,178,101,3.6
1871.5,0.006,179,101,3.6
1872.0,0.006,179,100,3.0
1872.5,0.005,179,100,2.4000000000000004
1873.0,0.006,180,101,1.8
1873.5,0.006,180,101,1.8
1874.0,0.008,180,101,1.8
1874.5,0.006,180,100,1.8
1875.0,0.005,181,100,1.8
1875.5,0.006,181,99,1.8
1876.0,0.005,181,99,1.8
1876.5,0.005,182,98,1.8
1877.0,0.006,182,98,1.8
1877.5,0.006,182,98,0.6000000000000001
1878.0,0.006,183,98,0.6000000000000001
1878.5,0.005,183,98,0.0
1879.0,0.005,183,98,0.0
1879.5,0.005,183,98,0.0
1880.0,0.003,184,98,0.0
1880.5,0.005,184,98,0.0
1881.0,0.006,184,98,0.0
1881.5,0.006,185,98,0.0
1882.0,0.006,185,98,0.0
1882.5,0.006,185,99,0.0
1883.0,0.006,185,99,0.0
1883.5,0.006,186,99,0.6000000000000001
1884.0,0.005,186,100,0.6000000000000001
1884.5,0.006,186,100,0.6000000000000001
1885.0,0.006,187,101,0.6000000000000001
1885.5,0.006,187,101,0.6000000000000001
1886.0,0.006,187,100,0.6000000000000001
1886.5,0.006,188,100,0.6000000000000001
1887.0,0.006,188,100,0.6000000000000001
1887.5,0.006,188,100,0.6000000000000001
1888.0,0.006,189,99,1.2000000000000002
1888.5,0.008,189,99,3.0
1889.0,0.006,189,99,4.2
1889.5,0.008,189,100,4.2
1890.0,0.006,190,100,4.2
1890.5,0.005,190,100,3.6
1891.0,0.006,190,100,3.6
1891.5,0.008,191,99,3.6
1892.0,0.008,191,99,3.0
1892.5,0.006,191,99,3.6
1893.0,0.008,191,99,3.6
1893.5,0.008,192,99,4.2
1894.0,0.008,192,100,4.2
1894.5,0.008,192,100,4.2
1895.0,0.008,193,100,4.800000000000001
1895.5,0.006,193,100,4.800000000000001
1896.0,0.005,193,101,4.800000000000001
1896.5,0.008,194,101,4.2
1897.0,0.008,194,100,3.6
1897.5,0.008,194,100,3.6
1898.0,0.008,195,100,3.6
1898.5,0.006,195,100,4.2
1899.0,0.006,195,100,4.2
1899.5,0.008,195,100,3.6
1900.0,0.008,196,101,3.6
1900.5,0.006,196,100,3.6
1901.0,0.008,196,100,3.6
1901.5,0.01,197,101,3.0
1902.0,0.006,197,101,3.0
1902.5,0.01,197,100,3.0
1903.0,0.008,198,101,3.0
1903.5,0.008,198,101,3.0
1904.0,0.008,198,100,3.6
1904.5,0.006,198,100,3.0
1905.0,0.008,199,100,2.4000000000000004
1905.5,0.01,199,101,1.8
1906.0,0.008,199,101,1.8
1906.5,0.006,200,101,1.8
1907.0,0.01,200,100,1.8
1907.5,0.008,200,100,1.2000000000000002
1908.0,0.006,201,99,1.8
1908.5,0.008,201,99,1.8
1909.0,0.008,201,98,1.8
1909.5,0.006,201,97,1.8
1910.0,0.008,202,97,1.2000000000000002
1910.5,0.006,202,97,0.6000000000000001
1911.0,0.006,202,98,0.0
1911.5,0.01,203,97,0.0
1912.0,0.01,203,98,0.0
1912.5,0.005,203,98,0.0
1913.0,0.006,204,98,0.0
1913.5,0.006,204,98,0.0
1914.0,0.006,204,98,0.0
1914.5,0.01,204,98,0.0
1915.0,0.008,205,98,0.0
1915.5,0.005,205,99,0.0
1916.0,0.008,205,98,0.6000000000000001
1916.5,0.008,206,99,0.6000000000000001
1917.0,0.008,206,100,0.6000000000000001
1917.5,0.008,206,101,0.6000000000000001
1918.0,0.008,206,101,0.6000000000000001
1918.5,0.006,207,100,0.6000000000000001
1919.0,0.01,207,100,0.6000000000000001
1919.5,0.008,207,100,0.6000000000000001
1920.0,0.008,208,100,0.6000000000000001
1920.5,0.006,208,99,1.2000000000000002
1921.0,0.008,208,99,3.0
1921.5,0.006,209,99,3.6
1922.0,0.01,209,100,4.2
1922.5,0.008,209,100,4.2
1923.0,0.008,209,100,3.6
1923.5,0.01,210,100,3.6
1924.0,0.008,210,99,3.6
1924.5,0.006,210,99,3.6
1925.0,0.01,211,99,3.6
1925.5,0.008,211,99,3.6
1926.0,0.006,211,99,3.6
1926.5,0.008,212,100,4.2
1927.0,0.008,212,100,4.2
1927.5,0.008,212,100,4.800000000000001
1928.0,0.013,213,100,4.800000000000001
1928.5,0.006,213,100,4.800000000000001
1929.0,0.006,213,100,4.2
1929.5,0.006,213,100,3.6
1930.0,0.008,214,100,3.6
1930.5,0.005,214,100,4.2
1931.0,0.011,214,100,4.2
1931.5,0.006,215,100,4.2
1932.0,0.006,215,100,4.2
1932.5,0.006,215,100,4.2
1933.0,0.008,215,100,4.2
1933.5,0.006,216,101,3.6
1934.0,0.01,216,100,3.6
1934.5,0.006,216,100,3.0
1935.0,0.006,217,101,3.0
1935.5,0.006,217,100,3.0
1936.0,0.01,217,101,3.0
1936.5,0.006,218,101,3.6
1937.0,0.011,218,100,3.6
1937.5,0.006,218,100,2.4000000000000004
1938.0,0.005,219,101,2.4000000000000004
1938.5,0.008,219,101,1.8
1939.0,0.008,219,101,1.8
1939.5,0.006,219,101,1.8
1940.0,0.01,220,100,1.8
1940.5,0.01,220,100,1.8
1941.0,0.006,220,99,1.8
1941.5,0.008,221,99,1.8
1942.0,0.008,221,98,1.8
1942.5,0.006,221,98,1.2000000000000002
1943.0,0.008,222,98,0.6000000000000001
1943.5,0.006,222,98,0.0
1944.0,0.005,222,98,0.0
1944.5,0.008,222,98,0.0
1945.0,0.008,223,99,0.0
1945.5,0.005,223,98,0.0
1946.0,0.005,223,98,0.6000000000000001
1946.5,0.006,224,99,0.6000000000000001
1947.0,0.005,224,98,0.0
1947.5,0.006,224,99,0.0
1948.0,0.006,225,99,0.0
1948.5,0.008,225,100,0.0
1949.0,0.006,225,100,0.6000000000000001
1949.5,0.008,225,101,0.6000000000000001
1950.0,0.006,226,101,0.6000000000000001
1950.5,0.006,226,101,0.6000000000000001
1951.0,0.008,226,101,0.6000000000000001
1951.5,0.006,227,101,0.6000000000000001
1952.0,0.006,227,100,0.6000000000000001
1952.5,0.006,227,100,0.6000000000000001
1953.0,0.005,228,100,1.2000000000000002
1953.5,0.01,228,99,3.0
1954.0,0.006,228,100,3.6
1954.5,0.006,229,100,4.2
1955.0,0.006,229,101,4.2
1955.5,0.008,229,100,3.6
1956.0,0.006,229,100,3.6
1956.5,0.008,230,100,3.6
1957.0,0.008,230,99,3.0
1957.5,0.006,230,99,3.0
1958.0,0.006,231,99,3.6
1958.5,0.008,231,99,3.6
1959.0,0.006,231,100,4.2
1959.5,0.008,231,100,4.2
1960.0,0.008,232,100,4.800000000000001
1960.5,0.005,232,100,4.800000000000001
1961.0,0.006,232,101,4.800000000000001
1961.5,0.01,233,101,4.2
1962.0,0.006,233,101,3.6
1962.5,0.006,233,100,3.6
1963.0,0.006,234,100,3.6
1963.5,0.005,234,101,4.2
1964.0,0.005,234,100,4.2
1964.5,0.006,234,100,3.6
1965.0,0.005,235,101,4.2
1965.5,0.008,235,100,3.6
1966.0,0.008,235,101,3.6
1966.5,0.006,236,101,3.6
1967.0,0.006,236,101,3.0
1967.5,0.006,236,100,3.0
1968.0,0.006,237,101,3.0
1968.5,0.01,237,102,3.0
1969.0,0.008,237,100,3.6
1969.5,0.006,238,101,3.0
1970.0,0.006,238,100,2.4000000000000004
1970.5,0.008,238,101,1.8
1971.0,0.006,238,101,1.8
1971.5,0.01,239,101,1.8
1972.0,0.008,239,101,1.8
1972.5,0.006,239,100,1.8
1973.0,0.006,240,100,1.2000000000000002
1973.5,0.008,240,99,1.2000000000000002
1974.0,0.006,240,99,1.8
1974.5,0.01,241,98,1.8
1975.0,0.008,241,98,1.2000000000000002
1975.5,0.008,241,98,0.6000000000000001
1976.0,0.005,241,98,0.6000000000000001
1976.5,0.008,242,98,0.0
1977.0,0.006,242,98,0.0
1977.5,0.01,242,98,0.0
1978.0,0.008,243,98,0.0
1978.5,0.006,243,98,0.0
1979.0,0.005,243,98,0.0
1979.5,0.008,243,98,0.0
1980.0,0.008,244,98,0.0
1980.5,0.008,244,99,0.0
1981.0,0.006,244,99,0.0
1981.5,0.008,245,100,0.6000000000000001
1982.0,0.006,245,100,0.6000000000000001
1982.5,0.008,245,101,0.6000000000000001
1983.0,0.006,246,101,0.6000000000000001
1983.5,0.008,246,101,0.6000000000000001
1984.0,0.01,246,100,0.6000000000000001
1984.5,0.008,247,100,0.6000000000000001
1985.0,0.005,247,100,0.6000000000000001
1985.5,0.008,247,100,0.6000000000000001
1986.0,0.006,247,99,2.4000000000000004
1986.5,0.008,248,99,3.6
1987.0,0.01,248,100,4.2
1987.5,0.008,248,100,4.2
1988.0,0.005,249,100,3.6
1988.5,0.006,249,100,3.6
1989.0,0.006,249,99,3.6
1989.5,0.01,249,99,3.0
1990.0,0.008,250,99,3.0
1990.5,0.006,250,99,3.6
1991.0,0.006,250,99,3.6
1991.5,0.008,251,99,3.6
1992.0,0.008,251,99,4.2
1992.5,0.01,251,100,4.800000000000001
1993.0,0.008,252,100,4.800000000000001
1993.5,0.005,252,100,4.800000000000001
1994.0,0.006,254,100,4.2
1994.5,0.008,255,100,3.6
1995.0,0.008,255,100,3.6
1995.5,0.006,255,100,3.6
1996.0,0.006,256,101,3.0
1996.5,0.008,256,100,3.0
1997.0,0.006,256,100,3.0
1997.5,0.006,256,101,3.0
1998.0,0.008,257,100,3.6
1998.5,0.01,257,100,3.6
1999.0,0.006,257,100,2.4000000000000004
1999.5,0.008,258,100,2.4000000000000004
2000.0,0.006,258,101,1.8
2000.5,0.006,258,101,1.8
2001.0,0.006,259,101,1.8
2001.5,0.008,259,100,1.8
2002.0,0.01,259,100,1.8
2002.5,0.01,259,99,1.8
2003.0,0.008,260,99,1.8
2003.5,0.006,260,98,1.8
2004.0,0.006,260,98,1.8
2004.5,0.011,261,98,0.6000000000000001
2005.0,0.006,261,98,0.6000000000000001
2005.5,0.008,261,98,0.0
2006.0,0.008,262,98,0.0
2006.5,0.008,262,98,0.0
2007.0,0.006,262,98,0.0
2007.5,0.01,262,98,0.0
2008.0,0.006,263,98,0.0
2008.5,0.006,263,98,0.0
2009.0,0.005,263,98,0.0
2009.5,0.006,264,99,0.0
2010.0,0.006,264,99,0.0
2010.5,0.008,264,99,0.6000000000000001
2011.0,0.006,265,100,0.6000000000000001
2011.5,0.006,265,100,0.6000000000000001
2012.0,0.006,265,101,0.6000000000000001
2012.5,0.006,265,101,0.6000000000000001
2013.0,0.005,266,100,0.6000000000000001
2013.5,0.008,266,100,0.6000000000000001
2014.0,0.006,266,100,0.0
2014.5,0.006,267,100,0.6000000000000001
2015.0,0.01,267,99,1.8
2015.5,0.006,267,99,3.0
2016.0,0.006,268,100,4.2
2016.5,0.008,268,100,4.2
2017.0,0.006,268,100,4.2
2017.5,0.006,268,100,3.6
2018.0,0.01,269,99,3.6
2018.5,0.008,269,99,3.0
2019.0,0.008,269,99,3.0
2019.5,0.008,271,100,4.800000000000001
2020.0,0.006,271,100,4.800000000000001
2020.5,0.006,271,100,4.800000000000001
2021.0,0.008,272,100,4.2
2021.5,0.008,272,100,3.6
2022.0,0.006,272,100,3.6
2022.5,0.008,273,100,3.6
2023.0,0.005,273,100,3.6
2023.5,0.005,273,100,4.2
2024.0,0.005,274,100,3.6
2024.5,0.005,274,100,3.6
2025.0,0.006,274,100,3.6
2025.5,0.008,274,100,4.2
2026.0,0.006,275,100,3.6
2026.5,0.005,275,101,3.6
2027.0,0.006,275,101,3.0
2027.5,0.006,276,101,3.0
2028.0,0.008,276,100,3.0
2028.5,0.006,276,100,3.6
2029.0,0.008,277,100,3.6
2029.5,0.006,277,100,3.0
2030.0,0.006,277,100,2.4000000000000004
2030.5,0.008,277,101,1.8
2031.0,0.01,278,101,1.8
2031.5,0.006,278,101,1.8
2032.0,0.005,278,100,1.8
2032.5,0.005,279,100,1.8
2033.0,0.006,279,99,1.8
2033.5,0.006,279,99,1.8
2034.0,0.008,280,98,1.8
2034.5,0.006,280,97,1.8
2035.0,0.008,280,97,1.2000000000000002
2035.5,0.006,280,97,0.6000000000000001
2036.0,0.008,281,97,0.0
2036.5,0.008,281,97,0.0
2037.0,0.008,281,98,0.0
2037.5,0.006,282,98,0.0
2038.0,0.006,282,98,0.0
2038.5,0.005,282,97,0.0
2039.0,0.008,282,98,0.0
2039.5,0.006,283,97,0.0
2040.0,0.006,283,97,0.0
2040.5,0.005,283,98,0.0
2041.0,0.006,284,98,0.6000000000000001
2041.5,0.006,284,99,0.6000000000000001
2042.0,0.006,284,100,0.6000000000000001
2042.5,0.006,285,100,0.6000000000000001
2043.0,0.008,285,100,0.6000000000000001
2043.5,0.006,285,100,0.6000000000000001
2044.0,0.006,286,99,0.6000000000000001
2044.5,0.006,286,99,0.6000000000000001
2045.0,0.006,287,98,3.0
2045.5,0.006,287,99,3.6
2046.0,0.006,287,99,4.2
2046.5,0.01,288,100,4.2
2047.0,0.008,288,99,3.6
2047.5,0.005,288,99,3.6
2048.0,0.006,288,99,3.6
2048.5,0.005,289,98,3.0
2049.0,0.006,289,99,3.6
2049.5,0.006,289,98,3.6
2050.0,0.006,290,98,3.6
2050.5,0.006,290,99,3.6
2051.0,0.01,290,99,4.2
2051.5,0.005,291,99,4.800000000000001
2052.0,0.005,291,100,4.800000000000001
2052.5,0.008,291,100,4.800000000000001
2053.0,0.006,292,100,4.2
2053.5,0.005,292,99,4.2
2054.0,0.006,292,99,3.6
2054.5,0.003,292,100,3.6
2055.0,0.003,293,100,4.2
2055.5,0.008,293,99,4.2
2056.0,0.005,293,99,4.2
2056.5,0.003,294,99,4.2
2057.0,0.006,294,100,4.2
2057.5,0.005,294,100,3.6
2058.0,0.003,294,100,3.6
2058.5,0.006,295,100,3.6
2059.0,0.005,295,101,3.0
2059.5,0.005,295,100,3.0
2060.0,0.005,296,100,3.6
2060.5,0.006,296,101,3.6
2061.0,0.006,296,100,3.6
2061.5,0.008,297,100,2.4000000000000004
2062.0,0.005,297,100,2.4000000000000004
2062.5,0.005,297,100,1.8
2063.0,0.005,297,101,1.8
2063.5,0.003,298,101,1.8
2064.0,0.003,298,100,1.8
2064.5,0.008,298,99,1.2000000000000002
2065.0,0.005,299,99,1.8
2065.5,0.005,299,99,1.8
2066.0,0.005,299,98,1.8
2066.5,0.006,300,98,1.8
2067.0,0.005,300,98,0.6000000000000001
2067.5,0.008,300,98,0.0
2068.0,0.006,300,98,0.0
2068.5,0.005,301,98,0.0
2069.0,0.006,301,98,0.0
2069.5,0.005,301,98,0.0
2070.0,0.005,302,98,0.0
2070.5,0.006,302,98,0.0
2071.0,0.005,302,98,0.0
2071.5,0.005,303,99,0.0
2072.0,0.005,303,99,0.0
2072.5,0.005,303,99,0.0
2073.0,0.003,303,99,0.6000000000000001
2073.5,0.005,304,100,0.6000000000000001
2074.0,0.005,304,100,0.6000000000000001
2074.5,0.005,304,101,0.6000000000000001
2075.0,0.003,305,100,0.6000000000000001
2075.5,0.003,305,100,0.6000000000000001
2076.0,0.002,305,100,0.6000000000000001
2076.5,0.006,306,100,0.6000000000000001
2077.0,0.006,306,99,0.6000000000000001
2077.5,0.003,306,99,2.4000000000000004
2078.0,0.003,306,99,3.6
2078.5,0.003,307,99,4.2
2079.0,0.003,307,100,4.2
2079.5,0.005,307,100,4.2
2080.0,0.005,308,100,3.6
2080.5,0.003,308,99,3.6
2081.0,0.005,308,99,3.6
2081.5,0.003,309,99,3.6
2082.0,0.005,309,98,3.6
2082.5,0.005,309,98,3.6
2083.0,0.005,309,99,4.2
2083.5,0.005,310,99,4.2
2084.0,0.006,310,99,4.800000000000001
2084.5,0.003,310,100,4.800000000000001
2085.0,0.003,311,100,4.800000000000001
2085.5,0.003,311,100,4.800000000000001
2086.0,0.005,311,100,4.2
2086.5,0.005,312,100,4.2
2087.0,0.005,312,100,4.2
2087.5,0.0,312,100,4.2
2088.0,0.003,312,100,4.800000000000001
2088.5,0.003,313,100,4.2
2089.0,0.005,313,100,4.2
2089.5,0.003,313,100,3.6
2090.0,0.005,314,100,3.6
2090.5,0.005,314,100,3.6
2091.0,0.003,314,101,3.6
2091.5,0.002,315,100,3.0
2092.0,0.005,315,101,3.0
2092.5,0.003,315,101,3.0
2093.0,0.003,316,101,3.6
2093.5,0.003,316,101,3.6
2094.0,0.003,316,101,3.0
2094.5,0.002,316,101,2.4000000000000004
2095.0,0.006,317,101,1.8
2095.5,0.003,317,101,1.8
2096.0,0.003,317,101,1.8
2096.5,0.005,318,101,1.8
2097.0,0.002,318,100,1.8
2097.5,0.002,318,99,1.8
2098.0,0.005,319,99,1.8
2098.5,0.003,319,98,1.8
2099.0,0.006,319,98,1.8
2099.5,0.005,319,98,1.2000000000000002
2100.0,0.003,320,98,0.6000000000000001
2100.5,0.003,320,98,0.0
2101.0,0.006,320,98,0.0
2101.5,0.005,321,98,0.0
2102.0,0.005,321,98,0.0
2102.5,0.005,321,98,0.0
2103.0,0.003,321,98,0.0
2103.5,0.003,322,98,0.0
2104.0,0.005,322,98,0.0
2104.5,0.005,322,99,0.0
2105.0,0.005,323,99,0.0
2105.5,0.006,323,99,0.6000000000000001
2106.0,0.003,323,100,0.6000000000000001
2106.5,0.002,324,100,0.6000000000000001
2107.0,0.005,324,101,0.6000000000000001
2107.5,0.005,324,101,0.6000000000000001
2108.0,0.005,324,100,0.6000000000000001
2108.5,0.006,325,100,0.6000000000000001
2109.0,0.003,325,100,0.6000000000000001
2109.5,0.002,325,100,0.6000000000000001
2110.0,0.005,326,99,1.8
2110.5,0.005,326,99,3.0
2111.0,0.005,326,99,4.2
2111.5,0.006,327,100,4.2
2112.0,0.003,327,100,4.2
2112.5,0.003,327,100,3.6
2113.0,0.006,327,100,3.6
2113.5,0.005,328,99,3.6
2114.0,0.006,328,99,3.0
2114.5,0.003,328,99,3.6
2115.0,0.003,329,99,3.6
2115.5,0.005,329,99,4.2
2116.0,0.006,329,100,3.6
2116.5,0.006,330,100,4.2
2117.0,0.006,330,100,4.800000000000001
2117.5,0.006,330,100,4.800000000000001
2118.0,0.005,331,100,4.2
2118.5,0.005,331,100,3.6
2119.0,0.003,331,100,3.6
2119.5,0.005,331,100,3.6
2120.0,0.008,332,100,3.6
2120.5,0.006,332,100,4.2
2121.0,0.003,332,100,4.2
2121.5,0.003,333,100,4.2
2122.0,0.003,333,100,4.2
2122.5,0.003,333,101,3.6
2123.0,0.005,334,100,3.6
2123.5,0.005,334,101,3.6
2124.0,0.002,334,101,3.0
2124.5,0.002,334,101,3.0
2125.0,0.005,335,101,3.0
2125.5,0.003,335,101,3.6
2126.0,0.006,335,101,3.6
2126.5,0.005,336,101,3.0
2127.0,0.003,336,101,2.4000000000000004
2127.5,0.005,336,101,1.8
2128.0,0.005,337,101,1.8
2128.5,0.005,337,101,1.8
2129.0,0.005,337,101,1.8
2129.5,0.008,337,100,1.8
2130.0,0.003,338,99,1.8
2130.5,0.005,338,99,1.8
2131.0,0.003,338,99,1.2000000000000002
2131.5,0.005,339,98,1.8
2132.0,0.005,339,98,1.2000000000000002
2132.5,0.006,339,98,0.6000000000000001
2133.0,0.005,340,98,0.0
2133.5,0.005,340,98,0.0
2134.0,0.005,340,98,0.0
2134.5,0.005,340,99,0.0
2135.0,0.003,341,98,0.0
2135.5,0.005,341,98,0.0
2136.0,0.005,341,98,0.0
2136.5,0.006,342,98,0.0
2137.0,0.005,342,99,0.0
2137.5,0.006,342,100,0.0
2138.0,0.003,343,99,0.0
2138.5,0.005,343,100,0.6000000000000001
2139.0,0.003,343,101,0.6000000000000001
2139.5,0.003,343,101,0.6000000000000001
2140.0,0.005,344,101,0.6000000000000001
2140.5,0.005,344,101,0.6000000000000001
2141.0,0.002,344,100,0.6000000000000001
2141.5,0.003,345,100,0.6000000000000001
2142.0,0.005,345,100,0.6000000000000001
2142.5,0.005,345,100,1.2000000000000002
2143.0,0.005,345,99,3.0
2143.5,0.005,346,99,3.6
2144.0,0.005,346,100,4.2
2144.5,0.005,346,100,4.2
2145.0,0.005,347,100,3.6
2145.5,0.006,347,99,3.0
2146.0,0.005,347,99,3.0
2146.5,0.005,348,99,3.0
2147.0,0.003,348,99,3.0
2147.5,0.005,348,99,3.6
2148.0,0.003,349,99,3.6
2148.5,0.008,349,99,3.6
2149.0,0.005,349,100,4.2
2149.5,0.006,349,99,4.800000000000001
2150.0,0.003,350,100,4.2
2150.5,0.006,350,100,4.2
2151.0,0.006,350,100,3.6
2151.5,0.005,351,99,3.6
2152.0,0.006,351,100,3.6
2152.5,0.003,351,100,3.6
2153.0,0.003,351,99,4.2
2153.5,0.005,352,100,4.2
2154.0,0.005,352,100,3.6
2154.5,0.003,352,99,3.6
2155.0,0.006,353,99,3.6
2155.5,0.006,353,100,3.6
2156.0,0.003,353,100,3.6
2156.5,0.005,354,100,3.0
2157.0,0.005,354,101,3.0
2157.5,0.003,354,100,3.0
2158.0,0.005,355,100,3.6
2158.5,0.006,355,100,3.6
2159.0,0.005,355,100,3.0
2159.5,0.006,355,100,2.4000000000000004
2160.0,0.005,356,101,1.8
2160.5,0.003,356,101,1.8
2161.0,0.005,357,101,1.8
2161.5,0.003,357,100,1.2000000000000002
2162.0,0.006,357,100,1.2000000000000002
2162.5,0.006,358,99,1.2000000000000002
2163.0,0.003,358,99,1.2000000000000002
2163.5,0.006,358,98,1.8
2164.0,0.005,358,98,1.2000000000000002
2164.5,0.003,359,98,0.6000000000000001
2165.0,0.005,359,98,0.0
2165.5,0.005,359,98,0.0
2166.0,0.005,360,98,0.0
2166.5,0.006,360,98,0.0
2167.0,0.005,0,99,0.0
2167.5,0.005,0,98,0.0
2168.0,0.006,1,98,0.0
2168.5,0.006,1,98,0.0
2169.0,0.003,1,99,0.0
2169.5,0.005,2,99,0.0
2170.0,0.006,2,99,0.0
2170.5,0.005,2,100,0.6000000000000001
2171.0,0.005,3,100,0.6000000000000001
2171.5,0.006,3,101,0.6000000000000001
2172.0,0.003,3,101,0.6000000000000001
2172.5,0.003,4,101,0.6000000000000001
2173.0,0.005,4,100,0.6000000000000001
2173.5,0.005,4,100,0.6000000000000001
2174.0,0.003,4,100,0.0
2174.5,0.003,5,100,1.2000000000000002
2175.0,0.005,5,99,2.4000000000000004
2175.5,0.005,5,99,3.6
2176.0,0.005,6,100,4.2
2176.5,0.005,6,100,4.2
2177.0,0.005,6,100,3.6
2177.5,0.005,7,100,3.6
2178.0,0.005,7,99,3.0
2178.5,0.006,7,99,3.0
2179.0,0.006,7,99,3.0
2179.5,0.006,8,99,3.6
2180.0,0.006,8,99,3.6
2180.5,0.005,8,99,3.6
2181.0,0.005,9,100,4.2
2181.5,0.006,9,100,4.800000000000001
2182.0,0.006,9,100,4.800000000000001
2182.5,0.008,10,100,4.2
2183.0,0.006,10,100,4.2
2183.5,0.005,10,100,3.6
2184.0,0.003,10,100,3.6
2184.5,0.006,11,100,3.6
2185.0,0.006,11,100,3.6
2185.5,0.008,11,100,4.2
2186.0,0.006,12,99,3.6
2186.5,0.005,12,100,3.6
2187.0,0.003,12,100,3.6
2187.5,0.008,13,100,3.6
2188.0,0.005,13,100,3.6
2188.5,0.005,13,101,3.0
2189.0,0.005,14,100,3.0
2189.5,0.005,14,101,3.0
2190.0,0.005,14,101,3.0
2190.5,0.006,14,101,3.6
2191.0,0.005,15,100,3.6
2191.5,0.005,15,100,3.0
2192.0,0.005,15,100,2.4000000000000004
2192.5,0.005,16,101,1.8
2193.0,0.005,16,101,1.8
2193.5,0.008,16,101,1.8
2194.0,0.006,16,100,1.8
2194.5,0.005,17,99,1.8
2195.0,0.006,17,99,1.8
2195.5,0.006,17,98,1.8
2196.0,0.006,18,98,1.8
2196.5,0.006,18,98,1.8
2197.0,0.006,18,98,0.6000000000000001
2197.5,0.005,19,98,0.6000000000000001
2198.0,0.005,19,98,0.0
2198.5,0.005,19,98,0.0
2199.0,0.006,19,98,0.0
2199.5,0.005,20,98,0.0
2200.0,0.006,20,98,0.0
2200.5,0.005,20,98,0.0
2201.0,0.006,21,98,0.0
2201.5,0.006,21,99,0.0
2202.0,0.005,21,99,0.0
2202.5,0.008,22,99,0.0
2203.0,0.006,22,100,0.6000000000000001
2203.5,0.003,22,100,0.6000000000000001
2204.0,0.006,22,101,0.6000000000000001
2204.5,0.005,23,101,0.6000000000000001
2205.0,0.005,23,101,0.6000000000000001
2205.5,0.003,23,100,0.6000000000000001
2206.0,0.005,24,100,0.6000000000000001
2206.5,0.003,24,100,0.0
2207.0,0.006,24,100,0.6000000000000001
2207.5,0.005,25,100,2.4000000000000004
2208.0,0.003,25,99,3.6
2208.5,0.005,25,100,3.6
2209.0,0.006,25,101,3.6
2209.5,0.003,26,100,3.6
2210.0,0.006,26,100,3.6
2210.5,0.006,26,100,3.0
2211.0,0.006,27,99,3.0
2211.5,0.006,27,99,3.0
2212.0,0.006,27,99,3.6
2212.5,0.003,28,99,3.6
2213.0,0.006,28,99,4.2
2213.5,0.006,28,100,4.2
2214.0,0.006,29,100,4.2
2214.5,0.006,29,100,4.800000000000001
2215.0,0.006,29,100,4.2
2215.5,0.005,29,100,4.2
2216.0,0.01,30,100,3.6
2216.5,0.005,30,100,3.6
2217.0,0.006,30,100,3.6
2217.5,0.005,31,100,3.6
2218.0,0.005,31,100,4.2
2218.5,0.005,31,100,3.6
2219.0,0.008,31,99,3.6
2219.5,0.006,32,100,4.2
2220.0,0.006,32,100,3.6
2220.5,0.005,32,100,3.6
2221.0,0.005,33,101,3.0
2221.5,0.005,33,100,3.0
2222.0,0.006,33,100,3.0
2222.5,0.003,34,101,3.0
2223.0,0.003,34,100,3.6
2223.5,0.005,34,100,3.6
2224.0,0.005,34,100,3.0
2224.5,0.005,35,100,2.4000000000000004
2225.0,0.008,35,101,1.8
2225.5,0.005,35,101,1.8
2226.0,0.005,36,101,1.8
2226.5,0.003,36,100,1.8
2227.0,0.005,36,99,1.8
2227.5,0.003,37,99,1.8
2228.0,0.01,37,98,1.8
2228.5,0.005,37,98,1.8
2229.0,0.005,38,97,1.8
2229.5,0.006,38,98,1.2000000000000002
2230.0,0.006,38,98,0.6000000000000001
2230.5,0.003,38,98,0.0
2231.0,0.006,39,98,0.0
2231.5,0.005,39,98,0.0
2232.0,0.006,39,98,0.0
2232.5,0.006,40,98,0.0
2233.0,0.006,40,98,0.0
2233.5,0.005,40,98,0.0
2234.0,0.01,40,98,0.0
2234.5,0.006,41,99,0.0
2235.0,0.005,41,99,0.0
2235.5,0.006,41,99,0.6000000000000001
2236.0,0.006,42,100,0.6000000000000001
2236.5,0.003,42,100,0.6000000000000001
2237.0,0.006,42,100,0.6000000000000001
2237.5,0.005,43,101,0.6000000000000001
2238.0,0.005,43,100,0.6000000000000001
2238.5,0.006,43,100,0.6000000000000001
2239.0,0.003,44,100,0.6000000000000001
2239.5,0.003,44,100,0.6000000000000001
2240.0,0.005,44,99,1.8
2240.5,0.005,44,99,3.6
2241.0,0.005,45,99,4.2
2241.5,0.006,45,100,4.2
2242.0,0.005,45,100,4.2
2242.5,0.005,46,100,3.6
2243.0,0.005,46,99,3.6
2243.5,0.006,46,99,3.6
2244.0,0.003,46,99,3.6
2244.5,0.008,47,99,3.6
2245.0,0.005,47,98,3.6
2245.5,0.006,47,99,4.2
2246.0,0.006,48,99,4.2
2246.5,0.006,48,99,4.800000000000001
2247.0,0.006,48,100,4.800000000000001
2247.5,0.006,49,100,4.800000000000001
2248.0,0.005,49,100,4.800000000000001
2248.5,0.006,49,100,3.6
2249.0,0.003,49,100,3.6
2249.5,0.006,50,100,3.6
2250.0,0.006,50,100,3.6
2250.5,0.008,50,100,4.2
2251.0,0.005,51,100,4.2
2251.5,0.005,51,100,3.6
2252.0,0.003,51,100,3.6
2252.5,0.005,52,100,4.2
2253.0,0.005,52,100,3.6
2253.5,0.006,52,100,3.6
2254.0,0.005,53,101,3.0
2254.5,0.005,53,100,3.0
2255.0,0.005,53,100,3.0
2255.5,0.003,53,101,3.0
2256.0,0.003,54,101,3.6
2256.5,0.006,54,100,3.0
2257.0,0.006,54,100,2.4000000000000004
2257.5,0.005,55,100,1.8
2258.0,0.003,55,101,1.8
2258.5,0.006,55,101,1.8
2259.0,0.005,56,100,1.8
2259.5,0.006,56,100,1.8
2260.0,0.005,56,99,1.8
2260.5,0.005,56,99,1.8
2261.0,0.003,57,98,1.8
2261.5,0.005,57,98,1.8
2262.0,0.005,57,98,1.2000000000000002
2262.5,0.006,58,98,0.6000000000000001
2263.0,0.006,58,98,0.0
2263.5,0.005,58,98,0.0
2264.0,0.003,58,98,0.0
2264.5,0.008,59,98,0.0
2265.0,0.006,59,98,0.0
2265.5,0.008,59,97,0.0
2266.0,0.005,60,98,0.0
2266.5,0.005,60,98,0.0
2267.0,0.005,60,98,0.0
2267.5,0.008,61,99,0.0
2268.0,0.006,61,99,0.6000000000000001
2268.5,0.008,61,100,0.6000000000000001
2269.0,0.005,61,100,0.6000000000000001
2269.5,0.005,62,101,0.6000000000000001
2270.0,0.003,62,101,0.6000000000000001
2270.5,0.005,62,101,0.6000000000000001
2271.0,0.005,63,100,0.6000000000000001
2271.5,0.006,63,100,0.6000000000000001
2272.0,0.005,63,100,0.6000000000000001
2272.5,0.003,64,100,1.8
2273.0,0.003,64,99,3.0
2273.5,0.003,64,99,3.6
2274.0,0.005,64,100,4.2
2274.5,0.005,65,100,4.2
2275.0,0.006,65,100,3.6
2275.5,0.005,65,100,3.6
2276.0,0.005,66,99,3.0
2276.5,0.005,66,99,3.0
2277.0,0.006,66,99,3.6
2277.5,0.006,67,99,3.6
2278.0,0.006,67,99,3.6
2278.5,0.005,67,99,3.6
2279.0,0.005,68,100,4.2
2279.5,0.005,68,100,4.800000000000001
2280.0,0.006,68,100,4.800000000000001
2280.5,0.005,68,100,4.2
2281.0,0.006,69,100,4.2
2281.5,0.003,69,100,3.6
2282.0,0.006,69,100,3.6
2282.5,0.006,70,100,3.6
2283.0,0.003,70,100,4.2
2283.5,0.003,70,100,4.2
2284.0,0.005,70,100,3.6
2284.5,0.005,71,100,4.2
2285.0,0.005,71,100,3.6
2285.5,0.005,71,100,3.6
2286.0,0.005,72,100,3.6
2286.5,0.003,72,100,3.0
2287.0,0.005,72,100,3.0
2287.5,0.003,73,100,3.0
2288.0,0.005,73,100,3.0
2288.5,0.005,73,100,3.6
2289.0,0.003,73,100,3.6
2289.5,0.002,74,100,2.4000000000000004
2290.0,0.005,74,100,2.4000000000000004
2290.5,0.003,74,100,1.8
2291.0,0.005,75,101,1.8
2291.5,0.003,75,100,1.8
2292.0,0.003,75,100,1.8
2292.5,0.003,76,99,1.8
2293.0,0.003,76,99,1.8
2293.5,0.005,76,98,1.8
2294.0,0.005,77,97,1.8
2294.5,0.005,77,97,1.2000000000000002
2295.0,0.005,77,97,1.2000000000000002
2295.5,0.005,77,97,0.0
2296.0,0.006,78,97,0.0
2296.5,0.005,78,98,0.0
2297.0,0.006,78,98,0.0
2297.5,0.005,79,98,0.0
2298.0,0.005,79,98,0.0
2298.5,0.003,79,98,0.0
2299.0,0.006,79,97,0.0
2299.5,0.005,80,98,0.0
2300.0,0.006,80,98,0.0
2300.5,0.005,80,98,0.0
2301.0,0.005,81,99,0.6000000000000001
2301.5,0.003,81,100,0.6000000000000001
2302.0,0.006,81,100,0.6000000000000001
2302.5,0.005,82,101,0.6000000000000001
2303.0,0.008,82,100,0.6000000000000001
2303.5,0.005,82,100,0.6000000000000001
2304.0,0.006,82,100,0.6000000000000001
2304.5,0.003,83,99,0.6000000000000001
2305.0,0.006,83,99,0.6000000000000001
2305.5,0.003,83,99,2.4000000000000004
2306.0,0.006,84,99,3.6
2306.5,0.005,84,99,4.2
2307.0,0.005,84,100,4.2
2307.5,0.005,85,100,4.2
2308.0,0.003,85,100,3.6
2308.5,0.005,85,99,3.6
2309.0,0.005,85,99,3.0
2309.5,0.005,86,99,3.0
2310.0,0.003,86,99,3.6
2310.5,0.006,86,99,3.6
2311.0,0.006,87,99,4.2
2311.5,0.005,87,100,4.2
2312.0,0.006,87,99,4.800000000000001
2312.5,0.005,88,100,4.800000000000001
2313.0,0.005,88,100,4.800000000000001
2313.5,0.005,88,100,4.2
2314.0,0.005,88,100,3.6
2314.5,0.003,89,100,3.6
2315.0,0.006,89,100,3.6
2315.5,0.006,89,100,3.6
2316.0,0.005,90,100,4.2
2316.5,0.006,90,100,3.6
2317.0,0.005,90,100,3.6
2317.5,0.005,91,100,3.6
2318.0,0.006,91,100,3.6
2318.5,0.006,91,100,3.6
2319.0,0.005,91,101,3.0
2319.5,0.008,92,100,3.0
2320.0,0.005,92,100,3.0
2320.5,0.005,92,101,3.0
2321.0,0.005,93,101,3.6
2321.5,0.008,93,100,3.6
2322.0,0.003,93,100,3.0
2322.5,0.005,94,100,2.4000000000000004
2323.0,0.003,94,101,1.8
2323.5,0.005,94,101,1.8
2324.0,0.005,94,101,1.8
2324.5,0.006,95,100,1.2000000000000002
2325.0,0.003,95,99,1.8
2325.5,0.005,95,99,1.8
2326.0,0.003,96,99,1.8
2326.5,0.005,96,98,1.8
2327.0,0.005,96,98,1.8
2327.5,0.005,97,98,1.2000000000000002
2328.0,0.005,97,98,0.6000000000000001
2328.5,0.005,97,98,0.0
2329.0,0.005,97,98,0.0
2329.5,0.005,98,98,0.0
2330.0,0.005,98,98,0.0
2330.5,0.008,98,98,0.0
2331.0,0.003,99,98,0.0
2331.5,0.005,99,98,0.0
2332.0,0.003,99,97,0.0
2332.5,0.005,100,99,0.0
2333.0,0.005,100,99,0.0
2333.5,0.006,100,98,0.6000000000000001
2334.0,0.005,100,100,0.6000000000000001
2334.5,0.005,101,100,0.6000000000000001
2335.0,0.003,101,101,0.6000000000000001
2335.5,0.005,101,101,0.6000000000000001
2336.0,0.005,102,101,0.6000000000000001
2336.5,0.005,102,100,0.6000000000000001
2337.0,0.005,102,100,0.6000000000000001
2337.5,0.005,103,100,0.6000000000000001
2338.0,0.003,103,99,1.8
2338.5,0.003,103,99,3.0
2339.0,0.003,103,100,4.2
2339.5,0.005,104,100,4.2
2340.0,0.005,104,100,3.6
2340.5,0.003,104,100,3.6
2341.0,0.003,105,100,3.6
2341.5,0.003,105,99,3.6
2342.0,0.003,105,99,3.0
2342.5,0.005,106,99,3.6
2343.0,0.003,106,99,3.6
2343.5,0.003,106,99,4.2
2344.0,0.002,107,100,4.2
2344.5,0.005,107,100,4.800000000000001
2345.0,0.005,107,100,4.800000000000001
2345.5,0.003,108,100,4.2
2346.0,0.005,108,100,4.2
2346.5,0.003,108,100,3.6
2347.0,0.002,109,100,3.6
2347.5,0.005,109,100,3.6
2348.0,0.006,109,100,4.2
2348.5,0.003,109,100,3.6
2349.0,0.005,110,100,3.6
2349.5,0.003,110,100,3.6
2350.0,0.003,110,100,3.6
2350.5,0.005,111,100,3.6
2351.0,0.003,111,100,3.0
2351.5,0.002,111,101,3.0
2352.0,0.003,112,100,3.0
2352.5,0.002,112,100,3.0
2353.0,0.005,112,101,3.6
2353.5,0.005,112,100,3.6
2354.0,0.003,113,100,3.0
2354.5,0.002,113,100,2.4000000000000004
2355.0,0.002,113,101,1.8
2355.5,0.003,114,101,1.8
2356.0,0.002,114,101,1.8
2356.5,0.005,114,100,1.8
2357.0,0.003,115,100,1.8
2357.5,0.003,115,99,1.8
2358.0,0.003,115,99,1.8
2358.5,0.005,116,98,1.8
2359.0,0.002,116,98,1.8
2359.5,0.005,116,98,1.2000000000000002
2360.0,0.003,116,97,0.6000000000000001
2360.5,0.003,117,98,0.0
2361.0,0.005,117,98,0.0
2361.5,0.005,117,98,0.0
2362.0,0.003,118,98,0.0
2362.5,0.005,118,98,0.0
2363.0,0.005,118,98,0.0
2363.5,0.003,118,98,0.0
2364.0,0.002,119,98,0.0
2364.5,0.006,119,98,0.0
2365.0,0.003,119,99,0.0
2365.5,0.005,120,99,0.6000000000000001
2366.0,0.005,120,100,0.6000000000000001
2366.5,0.005,120,101,0.6000000000000001
2367.0,0.003,121,101,0.6000000000000001
2367.5,0.006,121,101,0.6000000000000001
2368.0,0.005,121,101,0.6000000000000001
2368.5,0.005,122,100,0.6000000000000001
2369.0,0.005,122,100,0.6000000000000001
2369.5,0.005,122,100,0.0
2370.0,0.002,122,99,1.2000000000000002
2370.5,0.005,123,99,3.0
2371.0,0.005,123,99,3.6
2371.5,0.003,123,100,4.2
2372.0,0.003,124,100,4.2
2372.5,0.003,124,100,3.6
2373.0,0.002,124,100,3.6
2373.5,0.006,124,99,3.6
2374.0,0.002,125,99,3.6
2374.5,0.006,125,99,3.6
2375.0,0.006,125,98,3.6
2375.5,0.003,126,99,4.2
2376.0,0.003,126,99,4.2
2376.5,0.005,126,99,4.2
2377.0,0.005,126,99,4.800000000000001
2377.5,0.006,127,100,4.800000000000001
2378.0,0.006,127,100,4.800000000000001
2378.5,0.005,127,100,4.2
2379.0,0.003,128,100,4.2
2379.5,0.005,128,100,4.2
2380.0,0.005,128,100,4.2
2380.5,0.006,129,100,4.2
2381.0,0.006,129,100,4.2
2381.5,0.002,129,100,4.2
2382.0,0.006,130,100,4.2
2382.5,0.005,130,100,4.2
2383.0,0.005,130,100,3.6
2383.5,0.005,131,101,3.6
2384.0,0.008,131,100,3.6
2384.5,0.002,131,100,3.0
2385.0,0.005,131,101,3.0
2385.5,0.005,132,101,3.6
2386.0,0.005,132,100,3.6
2386.5,0.002,132,100,3.6
2387.0,0.008,133,100,2.4000000000000004
2387.5,0.003,133,100,2.4000000000000004
2388.0,0.003,133,101,1.8
2388.5,0.002,134,101,1.8
2389.0,0.005,134,101,1.8
2389.5,0.003,134,100,1.8
2390.0,0.006,134,99,1.8
2390.5,0.003,135,99,1.8
2391.0,0.003,135,98,1.8
2391.5,0.003,135,98,1.8
2392.0,0.005,136,98,1.8
2392.5,0.003,136,98,0.6000000000000001
2393.0,0.005,136,98,0.0
2393.5,0.002,136,98,0.0
2394.0,0.003,137,98,0.0
2394.5,0.005,137,98,0.0
2395.0,0.006,137,98,0.0
2395.5,0.005,138,98,0.0
2396.0,0.006,138,98,0.0
2396.5,0.003,138,98,0.0
2397.0,0.005,139,98,0.0
2397.5,0.005,139,99,0.0
2398.0,0.006,139,99,0.0
2398.5,0.006,139,99,0.6000000000000001
2399.0,0.008,140,100,0.6000000000000001
2399.5,0.005,140,101,0.6000000000000001
2400.0,0.005,140,101,0.6000000000000001
2400.5,0.003,141,101,0.6000000000000001
2401.0,0.006,141,100,0.6000000000000001
2401.5,0.005,141,100,0.6000000000000001
2402.0,0.006,142,100,0.6000000000000001
2402.5,0.003,142,100,0.6000000000000001
2403.0,0.006,142,99,2.4000000000000004
2403.5,0.003,142,99,3.6
2404.0,0.006,143,100,4.2
2404.5,0.005,143,100,4.2
2405.0,0.005,143,100,4.2
2405.5,0.003,144,100,3.6
2406.0,0.003,144,100,3.6
2406.5,0.003,144,99,3.0
2407.0,0.005,145,99,3.6
2407.5,0.003,145,99,3.6
2408.0,0.006,145,99,3.6
2408.5,0.003,146,99,4.2
2409.0,0.005,146,100,4.2
2409.5,0.003,146,100,4.800000000000001
2410.0,0.005,146,100,4.800000000000001
2410.5,0.005,147,100,4.800000000000001
2411.0,0.006,147,100,4.2
2411.5,0.005,147,100,4.2
2412.0,0.005,148,100,3.6
2412.5,0.005,148,100,3.6
2413.0,0.006,148,100,4.2
2413.5,0.003,148,100,4.2
2414.0,0.006,149,100,3.6
2414.5,0.005,149,99,4.2
2415.0,0.005,149,100,4.2
2415.5,0.006,150,100,3.6
2416.0,0.005,150,100,3.6
2416.5,0.005,150,101,3.6
2417.0,0.008,151,100,3.0
2417.5,0.006,151,100,3.0
2418.0,0.005,151,101,3.0
2418.5,0.005,151,100,3.6
2419.0,0.006,152,100,3.6
2419.5,0.003,152,100,3.0
2420.0,0.006,152,100,2.4000000000000004
2420.5,0.005,153,100,1.8
2421.0,0.003,153,101,1.8
2421.5,0.005,153,100,1.8
2422.0,0.003,154,100,1.8
2422.5,0.003,154,99,1.8
2423.0,0.005,154,99,1.8
2423.5,0.005,155,98,1.8
2424.0,0.003,155,98,1.8
2424.5,0.006,155,97,1.8
2425.0,0.003,155,97,1.2000000000000002
2425.5,0.006,156,97,0.6000000000000001
2426.0,0.005,156,97,0.0
2426.5,0.005,156,97,0.0
2427.0,0.005,157,98,0.0
2427.5,0.006,157,98,0.0
2428.0,0.005,157,97,0.0
2428.5,0.006,157,98,0.0
2429.0,0.006,158,97,0.0
2429.5,0.006,158,98,0.0
2430.0,0.005,158,98,0.0
2430.5,0.006,159,99,0.0
2431.0,0.006,159,99,0.6000000000000001
2431.5,0.006,159,100,0.6000000000000001
2432.0,0.006,160,100,0.6000000000000001
2432.5,0.008,160,100,0.6000000000000001
2433.0,0.006,160,100,0.6000000000000001
2433.5,0.008,160,100,0.6000000000000001
2434.0,0.006,161,99,0.6000000000000001
2434.5,0.005,161,99,0.6000000000000001
2435.0,0.006,161,99,0.6000000000000001
2435.5,0.008,162,99,1.8
2436.0,0.005,162,98,3.0
2436.5,0.01,162,99,4.2
2437.0,0.008,162,99,4.2
2437.5,0.006,163,100,4.2
2438.0,0.005,163,99,4.2
2438.5,0.006,163,99,3.6
2439.0,0.005,164,99,3.6
2439.5,0.008,164,99,3.6
2440.0,0.005,164,98,3.6
2440.5,0.005,165,98,3.6
2441.0,0.005,165,99,4.2
2441.5,0.008,165,99,4.2
2442.0,0.006,165,100,4.800000000000001
2442.5,0.008,166,100,4.800000000000001
2443.0,0.006,166,100,4.800000000000001
2443.5,0.006,166,100,4.800000000000001
2444.0,0.006,167,100,4.2
2444.5,0.006,167,100,3.6
2445.0,0.008,167,100,3.6
2445.5,0.008,168,100,4.2
2446.0,0.006,168,100,4.800000000000001
2446.5,0.003,168,100,4.2
2447.0,0.005,169,100,4.2
2447.5,0.006,169,99,4.2
2448.0,0.008,169,100,4.2
2448.5,0.006,169,100,4.2
2449.0,0.008,170,100,3.6
2449.5,0.006,170,100,3.6
2450.0,0.006,170,101,3.0
2450.5,0.005,171,100,3.0
2451.0,0.008,171,101,3.6
2451.5,0.006,171,100,3.6
2452.0,0.008,172,100,3.6
2452.5,0.005,172,100,2.4000000000000004
2453.0,0.008,172,100,2.4000000000000004
2453.5,0.005,172,100,1.8
2454.0,0.006,173,101,1.8
2454.5,0.008,173,100,1.8
2455.0,0.006,173,100,1.8
2455.5,0.003,174,99,1.8
2456.0,0.006,174,98,1.8
2456.5,0.006,174,98,1.8
2457.0,0.005,175,97,1.8
2457.5,0.006,175,97,1.2000000000000002
2458.0,0.006,175,97,0.6000000000000001
2458.5,0.005,175,97,0.0
2459.0,0.006,176,97,0.0
2459.5,0.006,176,97,0.0
2460.0,0.006,176,98,0.0
2460.5,0.006,177,98,0.0
2461.0,0.01,177,98,0.0
2461.5,0.006,177,98,0.0
2462.0,0.006,177,98,0.0
2462.5,0.008,178,98,0.0
2463.0,0.008,178,99,0.0
2463.5,0.006,178,99,0.0
2464.0,0.005,180,100,0.6000000000000001
2464.5,0.006,180,100,0.6000000000000001
2465.0,0.005,181,100,0.6000000000000001
2465.5,0.008,181,100,0.6000000000000001
2466.0,0.005,181,99,2.4000000000000004
2466.5,0.008,182,99,3.6
2467.0,0.006,182,100,4.2
2467.5,0.006,182,100,4.2
2468.0,0.005,183,100,3.6
2468.5,0.005,183,100,3.6
2469.0,0.005,183,99,3.6
2469.5,0.005,184,99,3.6
2470.0,0.006,184,99,3.6
2470.5,0.006,184,99,3.6
2471.0,0.006,184,99,3.6
2471.5,0.005,185,99,4.2
2472.0,0.006,185,100,4.2
2472.5,0.006,185,100,4.800000000000001
2473.0,0.006,186,100,4.800000000000001
2473.5,0.006,186,100,4.800000000000001
2474.0,0.006,186,101,4.2
2474.5,0.006,186,100,3.6
2475.0,0.006,187,100,3.6
2475.5,0.006,187,100,3.6
2476.0,0.006,187,100,4.2
2476.5,0.006,188,100,4.2
2477.0,0.005,188,100,4.2
2477.5,0.005,188,100,4.2
2478.0,0.008,189,100,4.2
2478.5,0.006,189,100,3.6
2479.0,0.005,189,100,3.6
2479.5,0.008,190,100,3.6
2480.0,0.006,190,101,3.0
2480.5,0.006,190,101,3.0
2481.0,0.008,190,100,3.0
2481.5,0.006,191,101,3.6
2482.0,0.008,191,100,3.6
2482.5,0.008,191,100,2.4000000000000004
2483.0,0.006,192,100,2.4000000000000004
2483.5,0.006,192,101,1.8
2484.0,0.008,192,101,1.8
2484.5,0.005,193,101,1.8
2485.0,0.005,193,100,1.8
2485.5,0.006,193,99,1.2000000000000002
2486.0,0.005,193,99,1.8
2486.5,0.005,194,99,1.8
2487.0,0.008,194,98,1.8
2487.5,0.006,194,98,1.8
2488.0,0.006,195,98,0.6000000000000001
2488.5,0.006,195,98,0.0
2489.0,0.005,195,98,0.0
2489.5,0.006,195,98,0.0
2490.0,0.008,196,98,0.0
2490.5,0.006,196,98,0.0
2491.0,0.008,196,98,0.0
2491.5,0.008,197,98,0.0
2492.0,0.006,197,98,0.0
2492.5,0.006,197,98,0.0
2493.0,0.008,198,99,0.0
2493.5,0.008,198,99,0.0
2494.0,0.006,198,99,0.6000000000000001
2494.5,0.006,199,100,0.6000000000000001
2495.0,0.008,199,101,0.6000000000000001
2495.5,0.008,199,101,0.6000000000000001
2496.0,0.008,199,101,0.6000000000000001
2496.5,0.008,200,100,0.6000000000000001
2497.0,0.008,200,100,0.6000000000000001
2497.5,0.008,200,100,0.6000000000000001
2498.0,0.008,201,100,0.6000000000000001
2498.5,0.006,201,99,2.4000000000000004
2499.0,0.008,201,99,3.6
2499.5,0.008,201,100,4.2
2500.0,0.008,202,100,4.2
2500.5,0.01,202,100,4.2
2501.0,0.006,202,100,3.6
2501.5,0.005,203,100,3.6
2502.0,0.008,203,99,3.6
2502.5,0.005,203,99,3.6
2503.0,0.006,204,99,3.6
2503.5,0.006,204,99,3.6
2504.0,0.008,204,99,4.2
2504.5,0.005,204,100,4.2
2505.0,0.01,205,100,4.800000000000001
2505.5,0.006,205,100,4.800000000000001
2506.0,0.008,205,100,4.800000000000001
2506.5,0.008,206,100,4.2
2507.0,0.006,206,100,4.2
2507.5,0.003,206,100,3.6
2508.0,0.01,207,100,3.6
2508.5,0.008,207,100,4.2
2509.0,0.008,207,100,4.800000000000001
2509.5,0.01,208,100,4.2
2510.0,0.006,208,100,4.2
2510.5,0.006,208,100,4.2
2511.0,0.011,208,100,4.2
2511.5,0.006,209,100,3.6
2512.0,0.006,209,101,3.6
2512.5,0.01,209,100,3.0
2513.0,0.006,210,101,3.0
2513.5,0.006,210,101,3.0
2514.0,0.011,210,101,3.6
2514.5,0.008,211,101,3.6
2515.0,0.006,211,100,3.0
2515.5,0.01,211,100,2.4000000000000004
2516.0,0.006,211,101,1.8
2516.5,0.006,212,101,1.8
2517.0,0.008,212,101,1.8
2517.5,0.01,212,100,1.8
2518.0,0.005,213,99,1.8
2518.5,0.008,213,99,1.8
2519.0,0.005,213,98,1.8
2519.5,0.006,214,98,1.8
2520.0,0.006,214,98,1.8
2520.5,0.006,214,98,1.2000000000000002
2521.0,0.005,214,98,0.6000000000000001
2521.5,0.006,215,98,0.0
2522.0,0.005,215,98,0.0
2522.5,0.006,215,98,0.0
2523.0,0.006,216,98,0.0
2523.5,0.01,216,98,0.0
2524.0,0.005,216,98,0.0
2524.5,0.008,217,97,0.0
2525.0,0.006,217,98,0.0
2525.5,0.008,217,99,0.0
2526.0,0.006,217,98,0.0
2526.5,0.01,218,99,0.6000000000000001
2527.0,0.006,218,100,0.6000000000000001
2527.5,0.01,218,100,0.6000000000000001
2528.0,0.006,219,100,0.6000000000000001
2528.5,0.008,219,101,0.6000000000000001
2529.0,0.006,219,100,0.6000000000000001
2529.5,0.01,219,100,0.6000000000000001
2530.0,0.008,220,100,0.6000000000000001
2530.5,0.011,220,100,0.6000000000000001
2531.0,0.008,220,99,1.8
2531.5,0.008,221,99,3.0
2532.0,0.006,221,99,4.2
2532.5,0.008,221,100,4.2
2533.0,0.005,222,100,4.2
2533.5,0.008,222,100,3.6
2534.0,0.008,222,100,3.6
2534.5,0.006,223,99,3.6
2535.0,0.006,223,99,3.6
2535.5,0.008,223,99,3.6
2536.0,0.005,223,99,3.6
2536.5,0.008,224,99,4.2
2537.0,0.005,225,100,4.800000000000001
2537.5,0.006,225,100,4.800000000000001
2538.0,0.006,225,101,4.2
2538.5,0.008,226,101,4.2
2539.0,0.008,226,100,3.6
2539.5,0.006,226,100,3.6
2540.0,0.005,226,100,3.6
2540.5,0.006,227,100,4.2
2541.0,0.006,227,100,4.2
2541.5,0.01,227,100,3.6
2542.0,0.008,228,101,4.2
2542.5,0.008,228,100,3.6
2543.0,0.006,228,100,3.6
2543.5,0.005,229,101,3.6
2544.0,0.006,229,101,3.0
2544.5,0.01,229,101,3.0
2545.0,0.008,229,101,3.0
2545.5,0.008,230,101,3.6
2546.0,0.006,230,101,3.6
2546.5,0.006,230,101,3.0
2547.0,0.006,231,101,2.4000000000000004
2547.5,0.01,231,101,1.8
2548.0,0.008,231,101,1.8
2548.5,0.006,232,101,1.8
2549.0,0.006,232,101,1.8
2549.5,0.008,232,100,1.8
2550.0,0.006,233,100,1.8
2550.5,0.008,233,99,1.8
2551.0,0.008,233,99,1.8
2551.5,0.005,233,98,1.8
2552.0,0.005,234,98,1.2000000000000002
2552.5,0.005,234,98,0.6000000000000001
2553.0,0.006,234,98,0.0
2553.5,0.008,235,98,0.0
2554.0,0.006,235,99,0.0
2554.5,0.005,235,99,0.0
2555.0,0.005,235,98,0.0
2555.5,0.008,236,98,0.0
2556.0,0.006,236,99,0.0
2556.5,0.006,236,99,0.0
2557.0,0.008,237,99,0.0
2557.5,0.006,237,99,0.0
2558.0,0.006,237,99,0.6000000000000001
2558.5,0.006,238,100,0.6000000000000001
2559.0,0.006,238,101,0.6000000000000001
2559.5,0.006,238,101,0.6000000000000001
2560.0,0.008,238,101,0.6000000000000001
2560.5,0.006,239,101,0.6000000000000001
2561.0,0.008,239,100,0.6000000000000001
2561.5,0.008,239,100,0.6000000000000001
2562.0,0.006,240,100,0.6000000000000001
2562.5,0.006,240,100,1.8
2563.0,0.008,240,99,3.0
2563.5,0.006,241,100,3.6
2564.0,0.01,241,100,4.2
2564.5,0.008,241,100,4.2
2565.0,0.006,242,100,3.6
2565.5,0.006,242,100,3.6
2566.0,0.006,242,99,3.6
2566.5,0.006,242,99,3.6
2567.0,0.01,243,99,3.6
2567.5,0.008,243,99,3.6
2568.0,0.005,243,99,4.2
2568.5,0.006,244,99,4.2
2569.0,0.006,244,100,4.800000000000001
2569.5,0.006,244,100,4.800000000000001
2570.0,0.008,244,100,4.800000000000001
2570.5,0.008,245,100,4.2
2571.0,0.006,245,100,4.2
2571.5,0.006,245,100,3.6
2572.0,0.008,246,100,3.6
2572.5,0.006,246,100,3.6
2573.0,0.008,246,100,4.2
2573.5,0.008,247,100,4.2
2574.0,0.006,247,100,4.2
2574.5,0.006,247,100,4.2
2575.0,0.008,248,100,3.6
2575.5,0.008,248,101,3.6
2576.0,0.008,248,100,3.6
2576.5,0.01,248,100,3.0
2577.0,0.006,249,101,3.0
2577.5,0.005,249,100,3.0
2578.0,0.008,249,101,3.0
2578.5,0.008,250,100,3.6
2579.0,0.01,250,100,3.0
2579.5,0.008,250,100,2.4000000000000004
2580.0,0.006,251,100,1.8
2580.5,0.006,251,101,1.8
2581.0,0.008,251,101,1.8
2581.5,0.01,251,101,1.8
2582.0,0.008,252,100,1.8
2582.5,0.006,252,99,1.8
2583.0,0.008,252,99,1.2000000000000002
2583.5,0.005,253,98,1.8
2584.0,0.006,253,98,1.8
2584.5,0.01,255,98,0.0
2585.0,0.006,255,98,0.0
2585.5,0.006,255,98,0.0
2586.0,0.006,256,98,0.0
2586.5,0.005,256,98,0.0
2587.0,0.008,256,98,0.0
2587.5,0.008,256,99,0.0
2588.0,0.008,257,99,0.0
2588.5,0.008,257,99,0.6000000000000001
2589.0,0.008,257,100,0.6000000000000001
2589.5,0.005,258,100,0.6000000000000001
2590.0,0.008,258,100,0.6000000000000001
2590.5,0.008,258,100,0.6000000000000001
2591.0,0.006,259,100,0.6000000000000001
2591.5,0.006,259,100,0.6000000000000001
2592.0,0.011,259,99,0.6000000000000001
2592.5,0.006,259,99,1.2000000000000002
2593.0,0.008,260,99,2.4000000000000004
2593.5,0.008,260,98,3.6
2594.0,0.008,260,99,4.2
2594.5,0.006,261,100,4.2
2595.0,0.008,261,100,4.2
2595.5,0.005,261,100,3.6
2596.0,0.006,262,99,3.6
2596.5,0.01,262,99,3.6
2597.0,0.008,262,99,3.6
2597.5,0.006,263,99,3.6
2598.0,0.008,263,99,3.6
2598.5,0.006,263,99,3.6
2599.0,0.008,263,99,4.2
2599.5,0.005,264,100,4.800000000000001
2600.0,0.008,264,100,4.800000000000001
2600.5,0.006,264,100,4.800000000000001
2601.0,0.008,265,100,4.2
2601.5,0.008,265,100,3.6
2602.0,0.01,265,100,3.6
2602.5,0.006,265,100,3.6
2603.0,0.006,266,100,4.2
2603.5,0.006,266,99,4.2
2604.0,0.008,266,100,3.6
2604.5,0.006,267,100,3.6
2605.0,0.01,267,100,3.6
2605.5,0.01,267,99,3.6
2606.0,0.006,268,101,3.6
2606.5,0.005,268,100,3.0
2607.0,0.01,268,100,3.0
2607.5,0.005,268,100,3.0
2608.0,0.008,269,100,3.0
2608.5,0.008,269,100,3.6
2609.0,0.008,269,100,3.6
2609.5,0.008,270,100,2.4000000000000004
2610.0,0.006,271,100,1.8
2610.5,0.005,271,100,1.8
2611.0,0.006,272,99,1.8
2611.5,0.008,272,99,1.8
2612.0,0.005,272,99,1.8
2612.5,0.005,272,98,1.8
2613.0,0.005,273,98,1.8
2613.5,0.005,273,98,0.6000000000000001
2614.0,0.006,273,98,0.0
2614.5,0.005,274,98,0.0
2615.0,0.005,274,98,0.0
2615.5,0.005,274,98,0.0
2616.0,0.006,274,98,0.0
2616.5,0.008,275,98,0.0
2617.0,0.005,275,98,0.0
2617.5,0.005,275,98,0.0
2618.0,0.006,276,98,0.0
2618.5,0.005,276,98,0.0
2619.0,0.006,276,99,0.0
2619.5,0.006,277,99,0.6000000000000001
2620.0,0.006,277,100,0.6000000000000001
2620.5,0.006,277,100,0.6000000000000001
2621.0,0.006,277,101,0.6000000000000001
2621.5,0.005,278,100,0.6000000000000001
2622.0,0.006,278,100,0.6000000000000001
2622.5,0.006,278,100,0.6000000000000001
2623.0,0.005,279,100,0.6000000000000001
2623.5,0.005,279,99,0.6000000000000001
2624.0,0.003,279,99,1.8
2624.5,0.005,280,99,3.6
2625.0,0.006,280,99,4.2
2625.5,0.006,280,100,4.2
2626.0,0.008,280,100,4.2
2626.5,0.006,281,99,3.6
2627.0,0.005,281,99,3.6
2627.5,0.005,281,99,3.6
2628.0,0.006,282,99,3.6
2628.5,0.005,282,98,3.6
2629.0,0.006,282,98,3.6
2629.5,0.006,283,99,4.2
2630.0,0.006,283,99,4.2
2630.5,0.005,283,99,4.800000000000001
2631.0,0.005,283,100,4.800000000000001
2631.5,0.005,284,100,4.800000000000001
2632.0,0.006,284,100,4.2
2632.5,0.005,284,100,4.2
2633.0,0.003,285,100,3.6
2633.5,0.005,285,100,3.6
2634.0,0.005,285,100,3.6
2634.5,0.005,286,100,4.2
2635.0,0.006,286,100,4.2
2635.5,0.005,286,99,4.2
2636.0,0.005,286,100,4.2
2636.5,0.003,287,100,3.6
2637.0,0.006,287,100,3.6
2637.5,0.006,287,101,3.0
2638.0,0.008,288,101,3.0
2638.5,0.006,288,100,3.0
2639.0,0.005,288,101,3.0
2639.5,0.003,289,101,3.6
2640.0,0.006,289,101,3.6
2640.5,0.008,289,101,3.0
2641.0,0.008,289,100,2.4000000000000004
2641.5,0.006,290,101,1.8
2642.0,0.006,290,101,1.8
2642.5,0.005,290,101,1.8
2643.0,0.006,291,101,1.8
2643.5,0.006,291,100,1.8
2644.0,0.006,291,99,1.8
2644.5,0.005,292,99,1.8
2645.0,0.003,292,98,1.8
2645.5,0.003,292,98,1.8
2646.0,0.006,292,98,1.2000000000000002
2646.5,0.006,293,98,0.6000000000000001
2647.0,0.005,293,98,0.0
2647.5,0.005,293,98,0.0
2648.0,0.003,294,98,0.0
2648.5,0.002,294,98,0.0
2649.0,0.006,294,98,0.0
2649.5,0.006,295,98,0.0
2650.0,0.006,295,98,0.0
2650.5,0.005,295,98,0.0
2651.0,0.005,295,99,0.0
2651.5,0.003,296,99,0.0
2652.0,0.006,296,99,0.6000000000000001
2652.5,0.006,296,100,0.6000000000000001
2653.0,0.005,297,101,0.6000000000000001
2653.5,0.005,297,101,0.6000000000000001
2654.0,0.005,297,101,0.6000000000000001
2654.5,0.002,298,101,0.6000000000000001
2655.0,0.006,298,101,0.6000000000000001
2655.5,0.006,298,100,0.6000000000000001
2656.0,0.003,298,100,0.6000000000000001
2656.5,0.005,299,100,1.8
2657.0,0.005,299,99,3.0
2657.5,0.003,299,100,3.6
2658.0,0.005,300,100,4.2
2658.5,0.006,300,100,3.6
2659.0,0.008,300,100,3.6
2659.5,0.006,301,100,3.6
2660.0,0.005,301,99,3.6
2660.5,0.003,301,99,3.0
2661.0,0.003,302,99,3.0
2661.5,0.006,302,99,3.6
2662.0,0.003,302,99,3.6
2662.5,0.006,302,99,3.6
2663.0,0.003,303,100,4.2
2663.5,0.003,303,100,4.800000000000001
2664.0,0.003,303,100,4.800000000000001
2664.5,0.003,304,100,4.2
2665.0,0.003,304,100,4.2
2665.5,0.006,304,100,3.6
2666.0,0.002,305,100,3.6
2666.5,0.003,305,100,3.6
2667.0,0.002,305,100,4.2
2667.5,0.003,305,100,4.2
2668.0,0.003,306,100,4.2
2668.5,0.006,306,100,4.2
2669.0,0.003,306,100,4.2
2669.5,0.003,307,100,3.6
2670.0,0.003,307,100,3.6
2670.5,0.003,307,101,3.0
2671.0,0.003,308,101,3.0
2671.5,0.005,308,100,3.0
2672.0,0.005,308,101,3.0
2672.5,0.005,308,101,3.6
2673.0,0.003,309,100,3.0
2673.5,0.003,309,101,2.4000000000000004
2674.0,0.005,309,101,1.8
2674.5,0.006,310,101,1.8
2675.0,0.003,310,101,1.8
2675.5,0.003,310,101,1.8
2676.0,0.003,311,100,1.8
2676.5,0.003,311,99,1.8
2677.0,0.003,311,99,1.8
2677.5,0.006,311,98,1.8
2678.0,0.003,312,98,1.8
2678.5,0.003,312,98,1.2000000000000002
2679.0,0.002,312,98,0.6000000000000001
2679.5,0.003,313,98,0.0
2680.0,0.002,313,98,0.0
2680.5,0.006,313,98,0.0
2681.0,0.005,314,98,0.0
2681.5,0.003,314,98,0.0
2682.0,0.003,314,98,0.6000000000000001
2682.5,0.005,314,98,0.0
2683.0,0.005,315,98,0.0
2683.5,0.005,315,98,0.0
2684.0,0.003,315,99,0.0
2684.5,0.003,316,99,0.6000000000000001
2685.0,0.003,316,100,0.6000000000000001
2685.5,0.005,316,100,0.6000000000000001
2686.0,0.003,316,100,0.6000000000000001
2686.5,0.005,317,100,0.6000000000000001
2687.0,0.002,317,100,0.6000000000000001
2687.5,0.005,317,100,0.6000000000000001
2688.0,0.005,318,99,0.6000000000000001
2688.5,0.005,318,100,0.6000000000000001
2689.0,0.005,318,99,1.2000000000000002
2689.5,0.005,319,99,3.0
2690.0,0.003,319,99,3.6
2690.5,0.003,319,99,4.2
2691.0,0.005,320,100,4.2
2691.5,0.005,320,100,4.2
2692.0,0.005,320,99,3.6
2692.5,0.005,320,99,3.6
2693.0,0.003,321,99,3.6
2693.5,0.003,321,99,3.6
2694.0,0.005,321,99,3.6
2694.5,0.005,322,99,3.6
2695.0,0.005,322,99,4.2
2695.5,0.005,322,100,4.2
2696.0,0.005,322,100,4.800000000000001
2696.5,0.003,323,100,4.800000000000001
2697.0,0.005,323,100,4.800000000000001
2697.5,0.005,323,100,4.2
2698.0,0.005,324,100,4.2
2698.5,0.003,324,100,3.6
2699.0,0.005,324,100,3.6
2699.5,0.003,325,100,4.2
2700.0,0.005,325,100,4.2
2700.5,0.005,325,100,3.6
2701.0,0.003,326,100,4.2
2701.5,0.003,326,100,4.2
2702.0,0.005,326,100,3.6
2702.5,0.003,326,100,3.6
2703.0,0.006,327,100,3.0
2703.5,0.005,327,101,3.0
2704.0,0.003,327,101,3.0
2704.5,0.005,328,100,3.6
2705.0,0.005,328,101,3.6
2705.5,0.005,328,100,3.6
2706.0,0.005,329,100,2.4000000000000004
2706.5,0.005,329,101,1.8
2707.0,0.005,329,101,1.8
2707.5,0.005,329,101,1.8
2708.0,0.005,330,101,1.8
2708.5,0.005,330,100,1.8
2709.0,0.006,330,100,1.8
2709.5,0.005,331,99,1.8
2710.0,0.005,331,99,1.8
2710.5,0.003,331,98,1.8
2711.0,0.006,332,98,1.8
2711.5,0.003,332,98,0.6000000000000001
2712.0,0.005,332,98,0.0
2712.5,0.005,332,98,0.0
2713.0,0.005,333,98,0.0
2713.5,0.003,333,98,0.0
2714.0,0.006,333,99,0.0
2714.5,0.003,334,98,0.0
2715.0,0.005,334,98,0.0
2715.5,0.006,334,98,0.0
2716.0,0.005,335,99,0.0
2716.5,0.005,335,99,0.0
2717.0,0.006,335,99,0.0
2717.5,0.005,335,100,0.6000000000000001
2718.0,0.006,336,100,0.6000000000000001
2718.5,0.005,336,100,0.6000000000000001
2719.0,0.006,336,101,0.6000000000000001
2719.5,0.005,337,100,0.6000000000000001
2720.0,0.005,337,100,0.6000000000000001
2720.5,0.006,337,100,0.6000000000000001
2721.0,0.005,338,100,0.6000000000000001
2721.5,0.006,338,100,0.6000000000000001
2722.0,0.005,338,99,2.4000000000000004
2722.5,0.005,338,99,3.6
2723.0,0.005,339,100,4.2
2723.5,0.005,339,100,4.2
2724.0,0.008,339,100,3.6
2724.5,0.006,340,100,3.6
2725.0,0.008,340,99,3.0
2725.5,0.006,340,99,3.0
2726.0,0.006,341,99,3.0
2726.5,0.005,341,98,3.6
2727.0,0.008,341,99,3.6
2727.5,0.005,341,99,4.2
2728.0,0.006,342,99,4.2
2728.5,0.005,342,99,4.800000000000001
2729.0,0.005,342,100,4.800000000000001
2729.5,0.005,343,100,4.2
2730.0,0.008,343,100,4.2
2730.5,0.005,343,100,3.6
2731.0,0.003,344,100,3.6
2731.5,0.003,344,100,3.6
2732.0,0.003,344,100,4.2
2732.5,0.005,344,100,4.2
2733.0,0.006,345,100,3.6
2733.5,0.006,345,100,3.6
2734.0,0.003,345,100,3.6
2734.5,0.005,346,100,3.6
2735.0,0.005,346,101,3.6
2735.5,0.005,346,101,3.0
2736.0,0.006,347,100,3.0
2736.5,0.006,347,101,3.0
2737.0,0.005,347,101,3.0
2737.5,0.006,347,101,3.0
2738.0,0.006,348,101,3.6
2738.5,0.005,348,100,3.0
2739.0,0.006,348,101,2.4000000000000004
2739.5,0.008,349,101,1.8
2740.0,0.003,349,101,1.8
2740.5,0.006,349,101,1.8
2741.0,0.006,350,101,1.8
2741.5,0.006,350,100,1.8
2742.0,0.006,350,100,1.8
2742.5,0.008,350,99,1.8
2743.0,0.005,351,98,1.8
2743.5,0.006,351,98,1.8
2744.0,0.006,351,98,0.6000000000000001
2744.5,0.005,352,98,0.0
2745.0,0.005,352,98,0.0
2745.5,0.006,352,98,0.0
2746.0,0.005,353,99,0.0
2746.5,0.01,353,99,0.0
2747.0,0.006,353,98,0.0
2747.5,0.005,353,99,0.0
2748.0,0.003,354,98,0.0
2748.5,0.006,354,99,0.0
2749.0,0.005,354,99,0.0
2749.5,0.008,355,99,0.0
2750.0,0.005,355,100,0.6000000000000001
2750.5,0.005,355,100,0.6000000000000001
2751.0,0.006,356,100,0.6000000000000001
2751.5,0.006,356,101,0.6000000000000001
2752.0,0.005,356,101,0.6000000000000001
2752.5,0.006,356,100,0.6000000000000001
2753.0,0.006,357,100,0.6000000000000001
2753.5,0.006,357,100,0.6000000000000001
2754.0,0.006,358,99,1.8
2754.5,0.003,358,99,3.0
2755.0,0.008,358,99,4.2
2755.5,0.006,359,100,4.2
2756.0,0.006,359,100,3.6
2756.5,0.006,359,100,3.6
2757.0,0.006,360,99,3.6
2757.5,0.005,360,99,3.0
2758.0,0.008,0,99,3.0
2758.5,0.006,0,98,3.0
2759.0,0.008,1,98,3.6
2759.5,0.006,1,99,3.6
2760.0,0.006,1,99,4.2
2760.5,0.005,2,99,4.800000000000001
2761.0,0.006,2,99,4.800000000000001
2761.5,0.006,2,100,4.800000000000001
2762.0,0.006,2,100,4.2
2762.5,0.005,3,100,4.2
2763.0,0.005,3,100,3.6
2763.5,0.003,3,100,3.6
2764.0,0.006,4,100,4.2
2764.5,0.005,4,100,4.800000000000001
2765.0,0.005,4,100,4.2
2765.5,0.005,5,99,4.2
2766.0,0.003,5,100,4.2
2766.5,0.003,5,100,4.2
2767.0,0.006,5,100,3.6
2767.5,0.005,6,101,3.6
2768.0,0.005,6,101,3.0
2768.5,0.006,6,100,3.0
2769.0,0.005,7,101,3.0
2769.5,0.006,7,101,3.0
2770.0,0.006,7,101,3.6
2770.5,0.006,8,100,3.0
2771.0,0.003,8,100,2.4000000000000004
2771.5,0.005,8,101,1.8
2772.0,0.008,9,101,1.8
2772.5,0.005,9,101,1.8
2773.0,0.006,9,100,1.8
2773.5,0.005,9,100,1.2000000000000002
2774.0,0.005,10,99,1.2000000000000002
2774.5,0.006,10,99,1.8
2775.0,0.005,10,98,1.2000000000000002
2775.5,0.005,11,98,1.8
2776.0,0.006,11,98,1.2000000000000002
2776.5,0.008,11,98,0.6000000000000001
2777.0,0.005,11,98,0.0
2777.5,0.006,12,98,0.0
2778.0,0.006,12,98,0.0
2778.5,0.005,12,98,0.0
2779.0,0.003,13,98,0.0
2779.5,0.005,14,98,0.0
2780.0,0.006,14,99,0.0
2780.5,0.005,14,100,0.0
2781.0,0.005,15,99,0.6000000000000001
2781.5,0.006,15,100,0.6000000000000001
2782.0,0.006,15,101,0.6000000000000001
2782.5,0.005,15,101,0.6000000000000001
2783.0,0.008,16,101,0.6000000000000001
2783.5,0.005,16,101,0.6000000000000001
2784.0,0.005,16,100,0.6000000000000001
2784.5,0.008,17,100,0.0
2785.0,0.006,17,100,0.6000000000000001
2785.5,0.006,17,99,1.8
2786.0,0.005,17,99,3.0
2786.5,0.006,18,100,4.2
2787.0,0.005,18,100,4.2
2787.5,0.008,18,100,4.2
2788.0,0.006,19,100,3.6
2788.5,0.006,19,100,3.6
2789.0,0.008,19,99,3.0
2789.5,0.006,20,99,3.0
2790.0,0.005,20,99,3.0
2790.5,0.008,20,99,3.6
2791.0,0.008,20,99,3.6
2791.5,0.008,21,100,3.6
2792.0,0.006,21,100,4.2
2792.5,0.006,21,100,4.800000000000001
2793.0,0.005,22,100,4.800000000000001
2793.5,0.008,22,100,4.2
2794.0,0.006,22,101,4.2
2794.5,0.008,23,100,3.6
2795.0,0.006,23,100,3.6
2795.5,0.003,23,100,3.6
2796.0,0.005,24,100,4.2
2796.5,0.006,24,100,4.2
2797.0,0.008,24,100,3.6
2797.5,0.008,24,100,4.2
2798.0,0.006,25,100,3.6
2798.5,0.006,25,100,3.6
2799.0,0.005,25,100,3.6
2799.5,0.008,26,100,3.0
2800.0,0.005,26,100,3.0
2800.5,0.01,26,101,3.0
2801.0,0.006,27,101,3.0
2801.5,0.006,27,100,3.6
2802.0,0.006,27,100,3.0
2802.5,0.006,27,100,2.4000000000000004
2803.0,0.006,28,100,1.8
2803.5,0.01,28,101,1.8
2804.0,0.006,28,101,1.8
2804.5,0.005,29,100,1.8
2805.0,0.006,29,100,1.8
2805.5,0.008,29,99,1.2000000000000002
2806.0,0.006,30,99,1.2000000000000002
2806.5,0.01,30,98,1.2000000000000002
2807.0,0.006,30,98,1.8
2807.5,0.006,30,98,1.2000000000000002
2808.0,0.006,31,98,0.6000000000000001
2808.5,0.008,31,98,0.0
2809.0,0.008,31,98,0.0
2809.5,0.008,32,98,0.0
2810.0,0.008,32,98,0.0
2810.5,0.005,32,98,0.0
2811.0,0.005,33,98,0.0
2811.5,0.006,33,98,0.0
2812.0,0.008,33,98,0.0
2812.5,0.005,33,98,0.0
2813.0,0.006,34,99,0.0
2813.5,0.006,34,99,0.6000000000000001
2814.0,0.006,34,100,0.6000000000000001
2814.5,0.005,35,100,0.6000000000000001
2815.0,0.006,35,101,0.6000000000000001
2815.5,0.005,35,101,0.6000000000000001
2816.0,0.006,35,100,0.6000000000000001
2816.5,0.005,36,100,0.6000000000000001
2817.0,0.005,36,100,0.6000000000000001
2817.5,0.006,36,100,0.6000000000000001
2818.0,0.006,37,100,0.6000000000000001
2818.5,0.006,37,99,2.4000000000000004
2819.0,0.008,37,99,3.6
2819.5,0.005,38,100,4.2
2820.0,0.006,38,101,4.2
2820.5,0.006,38,100,3.6
2821.0,0.005,39,100,3.6
2821.5,0.003,39,100,3.0
2822.0,0.005,39,99,3.0
2822.5,0.003,39,99,3.6
2823.0,0.006,40,99,3.6
2823.5,0.006,40,99,3.6
2824.0,0.006,40,99,4.2
2824.5,0.005,41,100,4.2
2825.0,0.008,41,100,4.800000000000001
2825.5,0.008,41,100,4.800000000000001
2826.0,0.005,42,100,4.2
2826.5,0.006,42,101,3.6
2827.0,0.006,42,100,3.6
2827.5,0.005,42,100,3.6
2828.0,0.006,43,100,3.6
2828.5,0.006,43,100,3.6
2829.0,0.005,43,100,4.2
2829.5,0.005,44,100,3.6
2830.0,0.005,44,100,3.6
2830.5,0.003,44,101,4.2
2831.0,0.008,45,101,3.6
2831.5,0.005,45,101,3.0
2832.0,0.005,45,101,3.0
2832.5,0.005,45,101,3.0
2833.0,0.006,46,101,3.0
2833.5,0.006,46,101,3.0
2834.0,0.006,46,101,3.6
2834.5,0.005,47,100,3.6
2835.0,0.005,47,100,2.4000000000000004
2835.5,0.005,47,100,2.4000000000000004
2836.0,0.005,48,101,1.8
2836.5,0.005,48,101,1.8
2837.0,0.008,48,101,1.8
2837.5,0.006,49,100,1.8
2838.0,0.005,49,99,1.8
2838.5,0.003,49,99,1.8
2839.0,0.005,49,98,1.8
2839.5,0.005,50,98,1.8
2840.0,0.008,50,98,1.8
2840.5,0.006,50,98,0.6000000000000001
2841.0,0.005,51,98,0.0
2841.5,0.006,51,98,0.0
2842.0,0.005,51,98,0.0
2842.5,0.003,51,98,0.0
2843.0,0.008,52,98,0.0
2843.5,0.006,52,98,0.0
2844.0,0.005,52,98,0.0
2844.5,0.005,53,98,0.0
2845.0,0.006,53,98,0.0
2845.5,0.005,53,99,0.0
2846.0,0.006,54,99,0.0
2846.5,0.005,54,100,0.6000000000000001
2847.0,0.003,54,100,0.6000000000000001
2847.5,0.005,54,100,0.6000000000000001
2848.0,0.005,55,101,0.6000000000000001
2848.5,0.005,55,100,0.6000000000000001
2849.0,0.006,55,100,0.6000000000000001
2849.5,0.005,56,100,0.6000000000000001
2850.0,0.005,56,100,0.6000000000000001
2850.5,0.006,56,99,0.6000000000000001
2851.0,0.005,57,99,2.4000000000000004
2851.5,0.006,57,99,3.6
2852.0,0.005,57,99,4.2
2852.5,0.008,57,100,4.2
2853.0,0.006,58,100,4.2
2853.5,0.006,58,99,3.6
2854.0,0.005,58,99,3.6
2854.5,0.005,59,98,3.0
2855.0,0.005,59,98,3.6
2855.5,0.008,59,98,3.6
2856.0,0.006,59,98,3.6
2856.5,0.008,60,99,4.2
2857.0,0.005,60,99,4.2
2857.5,0.005,60,99,4.800000000000001
2858.0,0.008,61,100,4.800000000000001
2858.5,0.006,61,100,4.800000000000001
2859.0,0.006,61,100,4.2
2859.5,0.006,62,100,4.2
2860.0,0.005,62,100,3.6
2860.5,0.006,62,100,3.6
2861.0,0.003,63,99,4.2
2861.5,0.006,63,100,4.800000000000001
2862.0,0.005,63,100,4.2
2862.5,0.008,63,99,4.2
2863.0,0.005,64,100,4.2
2863.5,0.006,64,100,4.2
2864.0,0.003,64,100,3.6
2864.5,0.006,65,100,3.6
2865.0,0.005,65,100,3.0
2865.5,0.006,65,100,3.0
2866.0,0.006,66,101,3.0
2866.5,0.006,66,100,3.6
2867.0,0.005,66,100,3.6
2867.5,0.006,66,100,3.0
2868.0,0.005,67,100,2.4000000000000004
2868.5,0.006,67,100,2.4000000000000004
2869.0,0.005,67,101,1.8
2869.5,0.006,68,100,1.8
2870.0,0.006,68,100,1.8
2870.5,0.006,68,99,1.8
2871.0,0.006,68,99,1.8
2871.5,0.008,69,98,1.8
2872.0,0.005,69,98,1.8
2872.5,0.005,69,97,1.8
2873.0,0.005,70,97,1.2000000000000002
2873.5,0.006,70,97,0.6000000000000001
2874.0,0.005,70,97,0.0
2874.5,0.008,71,97,0.0
2875.0,0.005,71,98,0.0
2875.5,0.005,71,98,0.0
2876.0,0.006,72,98,0.0
2876.5,0.005,72,98,0.0
2877.0,0.005,72,98,0.0
2877.5,0.008,72,98,0.0
2878.0,0.005,73,99,0.0
2878.5,0.005,73,99,0.0
2879.0,0.006,73,99,0.6000000000000001
2879.5,0.005,74,100,0.6000000000000001
2880.0,0.005,74,101,0.6000000000000001
2880.5,0.006,74,101,0.6000000000000001
2881.0,0.005,74,101,0.6000000000000001
2881.5,0.006,75,101,0.6000000000000001
2882.0,0.005,75,100,0.6000000000000001
2882.5,0.006,75,100,0.6000000000000001
2883.0,0.005,76,100,0.6000000000000001
2883.5,0.006,76,100,1.8
2884.0,0.006,76,100,3.0
2884.5,0.006,77,100,4.2
2885.0,0.006,77,100,4.2
2885.5,0.006,77,101,3.6
2886.0,0.006,78,100,3.6
2886.5,0.006,78,100,3.6
2887.0,0.006,78,100,3.0
2887.5,0.005,78,99,3.0
2888.0,0.006,79,99,3.0
2888.5,0.008,79,99,3.6
2889.0,0.006,79,99,3.6
2889.5,0.006,80,100,3.6
2890.0,0.006,80,100,4.2
2890.5,0.005,80,100,4.800000000000001
2891.0,0.008,81,100,4.800000000000001
2891.5,0.006,81,100,4.2
2892.0,0.005,81,100,3.6
2892.5,0.005,81,100,3.6
2893.0,0.005,82,100,3.6
2893.5,0.003,82,100,3.6
2894.0,0.008,82,100,4.2
2894.5,0.005,83,100,3.6
2895.0,0.005,83,100,3.6
2895.5,0.005,84,101,3.6
2896.0,0.003,84,101,3.6
2896.5,0.008,84,100,3.0
2897.0,0.003,84,100,3.0
2897.5,0.005,85,101,3.0
2898.0,0.005,85,101,3.0
2898.5,0.005,85,101,3.0
2899.0,0.005,86,101,3.6
2899.5,0.01,86,100,3.0
2900.0,0.003,86,100,2.4000000000000004
2900.5,0.006,87,101,1.8
2901.0,0.005,87,101,1.8
2901.5,0.006,87,101,1.8
2902.0,0.005,88,101,1.8
2902.5,0.008,88,100,1.2000000000000002
2903.0,0.003,88,99,1.2000000000000002
2903.5,0.005,88,99,1.2000000000000002
2904.0,0.005,89,98,1.8
2904.5,0.006,89,98,1.8
2905.0,0.005,89,98,1.2000000000000002
2905.5,0.008,90,98,0.6000000000000001
2906.0,0.006,90,98,0.0
2906.5,0.005,90,98,0.0
2907.0,0.006,90,98,0.0
2907.5,0.006,91,99,0.0
2908.0,0.006,91,98,0.0
2908.5,0.006,91,98,0.0
2909.0,0.005,92,98,0.0
2909.5,0.003,92,98,0.0
2910.0,0.006,92,98,0.0
2910.5,0.006,92,99,0.0
2911.0,0.005,93,99,0.6000000000000001
2911.5,0.005,93,100,0.6000000000000001
2912.0,0.005,93,100,0.6000000000000001
2912.5,0.002,94,101,0.6000000000000001
2913.0,0.003,94,101,0.6000000000000001
2913.5,0.005,94,101,0.6000000000000001
2914.0,0.003,95,100,0.6000000000000001
2914.5,0.005,95,100,0.6000000000000001
2915.0,0.005,95,100,0.6000000000000001
2915.5,0.005,96,100,1.2000000000000002
2916.0,0.005,96,99,3.6
2916.5,0.005,96,100,4.2
2917.0,0.005,97,100,4.2
2917.5,0.005,97,100,3.6
2918.0,0.005,97,100,3.6
2918.5,0.005,98,99,3.6
2919.0,0.006,98,99,3.6
2919.5,0.003,98,99,3.6
2920.0,0.003,99,99,3.6
2920.5,0.005,99,99,4.2
2921.0,0.003,99,99,4.2
2921.5,0.005,99,100,4.2
2922.0,0.006,100,100,4.800000000000001
2922.5,0.005,100,100,4.800000000000001
2923.0,0.003,100,100,4.800000000000001
2923.5,0.006,101,100,4.2
2924.0,0.005,101,100,3.6
2924.5,0.006,101,100,3.6
2925.0,0.005,102,100,3.6
2925.5,0.003,102,100,4.2
2926.0,0.003,102,100,4.2
2926.5,0.005,102,100,4.2
2927.0,0.003,103,100,4.2
2927.5,0.006,103,100,4.2
2928.0,0.005,103,100,3.6
2928.5,0.003,104,101,3.6
2929.0,0.002,104,100,3.0
2929.5,0.005,104,101,3.0
2930.0,0.005,105,101,3.0
2930.5,0.006,105,101,3.0
2931.0,0.005,105,101,3.6
2931.5,0.003,106,100,3.6
2932.0,0.002,106,100,2.4000000000000004
2932.5,0.005,106,101,2.4000000000000004
2933.0,0.005,106,101,1.8
2933.5,0.006,107,101,1.8
2934.0,0.005,107,101,1.8
2934.5,0.003,107,100,1.8
2935.0,0.002,108,100,1.8
2935.5,0.008,108,99,1.8
2936.0,0.003,108,99,1.8
2936.5,0.005,108,98,1.8
2937.0,0.005,109,98,1.2000000000000002
2937.5,0.002,109,98,0.6000000000000001
2938.0,0.003,109,98,0.0
2938.5,0.008,110,98,0.0
2939.0,0.005,110,98,0.0
2939.5,0.006,110,98,0.0
2940.0,0.005,111,99,0.0
2940.5,0.003,111,98,0.0
2941.0,0.002,111,98,0.0
2941.5,0.005,113,101,0.6000000000000001
2942.0,0.003,114,101,0.6000000000000001
2942.5,0.003,114,101,0.6000000000000001
2943.0,0.003,114,100,0.0
2943.5,0.003,114,100,0.0
2944.0,0.002,115,100,0.0
2944.5,0.006,115,100,0.6000000000000001
2945.0,0.003,115,99,2.4000000000000004
2945.5,0.005,116,99,3.6
2946.0,0.005,116,100,4.2
2946.5,0.003,116,100,4.2
2947.0,0.003,117,100,3.6
2947.5,0.005,117,100,3.6
2948.0,0.003,117,99,3.6
2948.5,0.006,117,99,3.0
2949.0,0.005,118,99,3.0
2949.5,0.005,118,99,3.6
2950.0,0.003,118,99,3.6
2950.5,0.005,119,99,3.6
2951.0,0.003,119,100,4.2
2951.5,0.006,119,100,4.800000000000001
2952.0,0.005,120,100,4.800000000000001
2952.5,0.002,120,100,4.2
2953.0,0.005,120,100,4.2
2953.5,0.005,121,100,3.6
2954.0,0.003,121,100,3.6
2954.5,0.008,121,100,3.6
2955.0,0.005,121,100,4.2
2955.5,0.003,122,100,4.800000000000001
2956.0,0.005,122,100,3.6
2956.5,0.003,122,100,4.2
2957.0,0.003,123,100,4.2
2957.5,0.006,123,100,3.6
2958.0,0.005,123,100,3.6
2958.5,0.003,124,100,3.0
2959.0,0.003,124,100,3.0
2959.5,0.002,124,100,3.0
2960.0,0.003,124,101,3.0
2960.5,0.006,125,100,3.6
2961.0,0.005,125,100,3.6
2961.5,0.002,125,100,2.4000000000000004
2962.0,0.003,126,100,2.4000000000000004
2962.5,0.003,126,101,1.8
2963.0,0.003,126,101,1.8
2963.5,0.005,126,101,1.8
2964.0,0.006,127,100,1.8
2964.5,0.003,127,99,1.8
2965.0,0.003,127,99,1.8
2965.5,0.003,128,98,1.8
2966.0,0.003,128,98,1.8
2966.5,0.003,128,98,1.8
2967.0,0.006,129,98,0.6000000000000001
2967.5,0.003,129,98,0.0
2968.0,0.003,129,98,0.0
2968.5,0.003,130,98,0.0
2969.0,0.008,130,98,0.0
2969.5,0.005,130,98,0.0
2970.0,0.005,130,98,0.0
2970.5,0.005,131,98,0.0
2971.0,0.005,131,98,0.0
2971.5,0.005,131,98,0.0
2972.0,0.006,132,99,0.0
2972.5,0.006,132,99,0.0
2973.0,0.005,132,99,0.6000000000000001
2973.5,0.005,132,101,0.6000000000000001
2974.0,0.005,133,100,0.6000000000000001
2974.5,0.005,133,101,0.6000000000000001
2975.0,0.005,133,101,0.6000000000000001
2975.5,0.005,134,100,0.6000000000000001
2976.0,0.003,134,100,0.6000000000000001
2976.5,0.003,134,100,0.6000000000000001
2977.0,0.005,135,100,0.6000000000000001
2977.5,0.003,135,99,2.4000000000000004
2978.0,0.005,135,99,3.6
2978.5,0.005,136,100,4.2
2979.0,0.005,136,100,4.2
2979.5,0.005,136,100,3.6
2980.0,0.005,136,100,3.6
2980.5,0.005,137,99,3.6
2981.0,0.005,137,99,3.0
2981.5,0.005,137,99,3.6
2982.0,0.005,138,99,3.6
2982.5,0.005,138,99,3.6
2983.0,0.006,138,99,4.2
2983.5,0.006,139,100,3.6
2984.0,0.005,139,100,4.2
2984.5,0.005,139,100,4.800000000000001
2985.0,0.006,139,100,4.2
2985.5,0.005,140,100,4.2
2986.0,0.008,140,100,3.6
2986.5,0.005,140,100,3.6
2987.0,0.003,141,100,3.6
2987.5,0.003,141,100,3.6
2988.0,0.006,141,100,4.2
2988.5,0.005,141,100,3.6
2989.0,0.006,142,100,4.2
2989.5,0.005,142,100,3.6
2990.0,0.003,142,100,3.6
2990.5,0.005,143,100,3.6
2991.0,0.005,143,100,3.0
2991.5,0.005,143,101,3.0
2992.0,0.005,144,100,3.0
2992.5,0.005,144,101,3.0
2993.0,0.003,144,100,3.0
2993.5,0.006,145,100,3.6
2994.0,0.005,145,100,3.0
2994.5,0.005,145,100,2.4000000000000004
2995.0,0.006,145,101,1.8
2995.5,0.005,146,101,1.8
2996.0,0.003,146,101,1.8
2996.5,0.005,146,100,1.8
2997.0,0.003,147,99,1.8
2997.5,0.005,147,99,1.8
2998.0,0.006,147,98,1.8
2998.5,0.006,148,98,1.8
2999.0,0.005,148,97,1.8
2999.5,0.006,148,98,1.2000000000000002
3000.0,0.005,148,97,0.6000000000000001
3000.5,0.003,149,97,0.0
3001.0,0.006,149,97,0.0
3001.5,0.006,149,98,0.0
3002.0,0.005,150,98,0.0
3002.5,0.006,150,98,0.0
3003.0,0.005,150,98,0.0
3003.5,0.006,151,98,0.0
3004.0,0.006,151,98,0.0
3004.5,0.006,151,98,0.0
3005.0,0.005,151,99,0.0
3005.5,0.006,152,99,0.6000000000000001
3006.0,0.005,152,100,0.6000000000000001
3006.5,0.006,152,100,0.6000000000000001
3007.0,0.005,153,101,0.6000000000000001
3007.5,0.006,153,101,0.6000000000000001
3008.0,0.006,153,100,0.6000000000000001
3008.5,0.006,153,100,0.6000000000000001
3009.0,0.005,154,100,0.6000000000000001
3009.5,0.005,154,100,0.0
3010.0,0.006,154,99,1.8
3010.5,0.005,155,99,3.0
3011.0,0.005,155,99,3.6
3011.5,0.006,155,100,4.2
3012.0,0.006,156,100,3.6
3012.5,0.005,156,100,3.6
3013.0,0.005,156,100,3.6
3013.5,0.006,156,99,3.0
3014.0,0.005,157,99,3.0
3014.5,0.008,157,99,3.6
3015.0,0.006,157,99,3.6
3015.5,0.006,158,99,4.2
3016.0,0.006,158,99,3.6
3016.5,0.006,158,99,4.2
3017.0,0.005,159,100,4.800000000000001
3017.5,0.01,159,100,4.800000000000001
3018.0,0.006,159,100,4.2
3018.5,0.006,160,100,3.6
3019.0,0.006,160,100,3.6
3019.5,0.006,160,100,3.6
3020.0,0.005,160,100,3.6
3020.5,0.01,161,100,4.2
3021.0,0.008,161,99,4.2
3021.5,0.005,161,100,3.6
3022.0,0.005,162,100,4.2
3022.5,0.006,162,100,4.2
3023.0,0.006,162,100,3.6
3023.5,0.006,162,100,3.6
3024.0,0.008,163,100,3.0
3024.5,0.005,163,101,3.0
3025.0,0.005,163,101,3.0
3025.5,0.006,164,101,3.0
3026.0,0.005,164,100,3.6
3026.5,0.005,164,100,3.0
3027.0,0.008,165,100,2.4000000000000004
3027.5,0.005,165,101,2.4000000000000004
3028.0,0.005,165,101,1.8
3028.5,0.008,165,101,1.8
3029.0,0.005,166,101,1.8
3029.5,0.005,166,100,1.8
3030.0,0.006,166,99,1.8
3030.5,0.005,167,99,1.2000000000000002
3031.0,0.005,167,98,1.8
3031.5,0.006,167,98,1.8
3032.0,0.006,168,98,1.2000000000000002
3032.5,0.005,168,98,0.6000000000000001
3033.0,0.006,168,98,0.0
3033.5,0.006,168,98,0.0
3034.0,0.005,169,98,0.0
3034.5,0.006,169,98,0.0
3035.0,0.006,169,98,0.0
3035.5,0.006,170,98,0.0
3036.0,0.01,170,98,0.0
3036.5,0.005,170,98,0.0
3037.0,0.006,171,98,0.0
3037.5,0.008,171,99,0.0
3038.0,0.006,171,99,0.0
3038.5,0.005,171,100,0.6000000000000001
3039.0,0.008,172,100,0.6000000000000001
3039.5,0.005,172,101,0.6000000000000001
3040.0,0.005,172,101,0.6000000000000001
3040.5,0.005,173,100,0.6000000000000001
3041.0,0.005,173,100,0.6000000000000001
3041.5,0.005,173,100,0.6000000000000001
3042.0,0.006,174,100,0.6000000000000001
3042.5,0.003,174,99,1.2000000000000002
3043.0,0.005,174,99,3.0
3043.5,0.006,175,99,3.6
3044.0,0.006,175,100,4.2
3044.5,0.006,175,100,4.2
3045.0,0.006,175,100,3.6
3045.5,0.005,176,100,3.6
3046.0,0.006,176,99,3.6
3046.5,0.006,176,99,3.0
3047.0,0.006,177,99,3.0
3047.5,0.006,177,99,3.6
3048.0,0.008,177,99,3.6
3048.5,0.005,177,99,3.6
3049.0,0.008,178,100,4.2
3049.5,0.008,178,100,4.800000000000001
3050.0,0.006,178,100,4.800000000000001
3050.5,0.006,179,100,4.2
3051.0,0.008,179,101,4.2
3051.5,0.005,179,100,3.6
3052.0,0.008,180,100,3.6
3052.5,0.008,180,100,3.6
3053.0,0.006,180,100,3.6
3053.5,0.005,180,100,4.2
3054.0,0.008,181,100,3.6
3054.5,0.006,181,100,3.6
3055.0,0.01,181,101,3.6
3055.5,0.006,182,100,3.6
3056.0,0.006,182,101,3.6
3056.5,0.005,182,101,3.0
3057.0,0.006,183,101,3.0
3057.5,0.006,183,101,3.0
3058.0,0.008,183,101,3.0
3058.5,0.006,184,100,3.6
3059.0,0.006,185,101,1.8
3059.5,0.006,186,101,1.8
3060.0,0.005,186,100,1.8
3060.5,0.008,186,99,1.8
3061.0,0.008,187,99,1.8
3061.5,0.006,187,98,1.8
3062.0,0.008,187,98,1.8
3062.5,0.008,187,98,0.6000000000000001
3063.0,0.005,188,98,0.0
3063.5,0.008,188,98,0.0
3064.0,0.008,188,98,0.0
3064.5,0.008,189,98,0.0
3065.0,0.008,189,98,0.0
3065.5,0.006,189,98,0.0
3066.0,0.005,190,98,0.0
3066.5,0.008,190,98,0.0
3067.0,0.008,190,99,0.0
3067.5,0.006,190,99,0.0
3068.0,0.01,191,99,0.0
3068.5,0.008,191,100,0.6000000000000001
3069.0,0.006,191,100,0.6000000000000001
3069.5,0.01,192,101,0.6000000000000001
3070.0,0.008,192,101,0.6000000000000001
3070.5,0.006,192,101,0.6000000000000001
3071.0,0.01,193,100,0.6000000000000001
3071.5,0.006,193,100,0.6000000000000001
3072.0,0.006,193,100,0.6000000000000001
3072.5,0.008,193,100,0.6000000000000001
3073.0,0.008,194,99,2.4000000000000004
3073.5,0.005,194,99,3.6
3074.0,0.008,194,100,4.2
3074.5,0.006,195,100,4.2
3075.0,0.006,195,100,3.6
3075.5,0.006,195,100,3.6
3076.0,0.006,196,99,3.0
3076.5,0.006,196,99,3.0
3077.0,0.01,196,99,3.6
3077.5,0.008,196,99,3.6
3078.0,0.008,197,99,3.6
3078.5,0.008,197,99,3.6
3079.0,0.008,197,100,4.2
3079.5,0.006,198,100,4.800000000000001
3080.0,0.01,198,100,4.800000000000001
3080.5,0.006,198,100,4.800000000000001
3081.0,0.006,199,100,4.2
3081.5,0.008,199,100,3.6
3082.0,0.008,199,100,3.6
3082.5,0.006,199,100,3.6
3083.0,0.01,200,100,4.2
3083.5,0.006,200,100,4.2
3084.0,0.008,200,100,3.6
3084.5,0.008,201,99,3.6
3085.0,0.01,201,100,3.6
3085.5,0.008,201,100,3.6
3086.0,0.01,202,100,3.6
3086.5,0.008,202,100,3.0
3087.0,0.006,202,101,3.0
3087.5,0.006,203,100,3.0
3088.0,0.008,203,101,3.0
3088.5,0.006,203,100,3.6
3089.0,0.01,203,100,3.6
3089.5,0.006,204,100,2.4000000000000004
3090.0,0.006,204,100,2.4000000000000004
3090.5,0.005,204,101,1.8
3091.0,0.008,205,101,1.8
3091.5,0.006,205,101,1.8
3092.0,0.01,205,100,1.8
3092.5,0.005,205,99,1.8
3093.0,0.008,206,99,1.8
3093.5,0.005,206,98,1.8
3094.0,0.008,206,98,1.8
3094.5,0.006,207,97,1.8
3095.0,0.008,207,97,0.6000000000000001
3095.5,0.005,207,97,0.6000000000000001
3096.0,0.006,208,97,0.0
3096.5,0.006,208,97,0.0
3097.0,0.008,208,98,0.0
3097.5,0.006,209,98,0.0
3098.0,0.01,209,97,0.0
3098.5,0.008,209,98,0.0
3099.0,0.006,209,97,0.0
3099.5,0.006,210,98,0.0
3100.0,0.008,210,99,0.0
3100.5,0.008,210,99,0.0
3101.0,0.01,211,99,0.6000000000000001
3101.5,0.006,211,100,0.6000000000000001
3102.0,0.006,211,100,0.6000000000000001
3102.5,0.006,211,100,0.6000000000000001
3103.0,0.008,212,101,0.6000000000000001
3103.5,0.006,212,100,0.6000000000000001
3104.0,0.006,212,100,0.6000000000000001
3104.5,0.006,213,100,0.6000000000000001
3105.0,0.005,213,100,0.6000000000000001
3105.5,0.005,213,99,1.8
3106.0,0.008,214,99,3.6
3106.5,0.005,214,99,4.2
3107.0,0.006,214,100,4.2
3107.5,0.006,214,100,4.2
3108.0,0.006,215,100,3.6
3108.5,0.006,215,99,3.6
3109.0,0.008,215,99,3.6
3109.5,0.005,216,99,3.6
3110.0,0.005,216,99,3.6
3110.5,0.01,216,99,3.6
3111.0,0.006,217,99,4.2
3111.5,0.008,217,99,4.2
3112.0,0.006,217,99,4.800000000000001
3112.5,0.006,217,100,4.800000000000001
3113.0,0.006,218,100,4.800000000000001
3113.5,0.008,218,100,4.2
3114.0,0.006,218,100,4.2
3114.5,0.01,219,100,3.6
3115.0,0.006,219,100,3.6
3115.5,0.006,219,100,3.6
3116.0,0.006,219,100,4.2
3116.5,0.01,220,100,3.6
3117.0,0.008,220,100,3.6
3117.5,0.008,220,100,4.2
3118.0,0.008,221,100,3.6
3118.5,0.008,221,100,3.6
3119.0,0.006,221,101,3.0
3119.5,0.008,222,101,3.0
3120.0,0.008,222,101,3.0
3120.5,0.008,222,101,3.0
3121.0,0.006,223,100,3.6
3121.5,0.008,223,100,3.6
3122.0,0.006,223,100,3.0
3122.5,0.006,224,100,2.4000000000000004
3123.0,0.006,224,100,1.8
3123.5,0.006,224,101,1.8
3124.0,0.006,224,100,1.8
3124.5,0.006,225,100,1.8
3125.0,0.005,225,100,1.8
3125.5,0.006,225,99,1.2000000000000002
3126.0,0.005,226,99,1.8
3126.5,0.008,226,98,1.8
3127.0,0.006,226,97,1.8
3127.5,0.006,226,98,1.2000000000000002
3128.0,0.005,227,97,0.6000000000000001
3128.5,0.006,227,98,0.0
3129.0,0.006,227,97,0.0
3129.5,0.008,228,98,0.0
3130.0,0.008,228,98,0.0
3130.5,0.006,228,98,0.0
3131.0,0.006,229,97,0.0
3131.5,0.006,229,98,0.0
3132.0,0.006,229,98,0.0
3132.5,0.008,229,98,0.0
3133.0,0.008,230,99,0.0
3133.5,0.008,230,99,0.6000000000000001
3134.0,0.008,230,100,0.6000000000000001
3134.5,0.008,231,100,0.6000000000000001
3135.0,0.008,231,101,0.6000000000000001
3135.5,0.008,231,100,0.6000000000000001
3136.0,0.006,232,100,0.6000000000000001
3136.5,0.006,232,100,0.6000000000000001
3137.0,0.008,232,100,0.6000000000000001
3137.5,0.008,232,100,0.6000000000000001
3138.0,0.008,233,99,1.2000000000000002
3138.5,0.006,233,99,3.0
3139.0,0.006,233,99,3.6
3139.5,0.006,234,100,4.2
3140.0,0.008,234,100,4.2
3140.5,0.005,234,100,3.6
3141.0,0.005,234,99,3.6
3141.5,0.006,235,99,3.0
3142.0,0.008,235,99,3.0
3142.5,0.005,235,99,3.0
3143.0,0.011,236,99,3.6
3143.5,0.006,236,99,3.6
3144.0,0.006,236,99,3.6
3144.5,0.006,237,100,4.2
3145.0,0.008,237,100,4.800000000000001
3145.5,0.006,237,100,4.800000000000001
3146.0,0.011,238,100,4.2
3146.5,0.008,238,100,3.6
3147.0,0.006,238,100,3.6
3147.5,0.008,238,100,3.6
3148.0,0.01,239,100,3.6
3148.5,0.006,239,100,4.2
3149.0,0.01,239,100,4.2
3149.5,0.008,240,100,3.6
3150.0,0.008,240,100,3.6
3150.5,0.01,242,101,3.0
3151.0,0.006,243,101,3.0
3151.5,0.008,243,101,2.4000000000000004
3152.0,0.006,243,101,1.8
3152.5,0.01,244,101,1.8
3153.0,0.006,244,101,1.8
3153.5,0.006,244,101,1.8
3154.0,0.006,244,100,1.2000000000000002
3154.5,0.01,245,99,1.8
3155.0,0.006,245,99,1.2000000000000002
3155.5,0.006,245,98,1.2000000000000002
3156.0,0.006,246,98,1.8
3156.5,0.006,246,98,1.2000000000000002
3157.0,0.006,246,98,0.6000000000000001
3157.5,0.008,247,98,0.0
3158.0,0.008,247,98,0.0
3158.5,0.008,247,98,0.0
3159.0,0.006,247,98,0.0
3159.5,0.008,248,98,0.0
3160.0,0.008,248,98,0.0
3160.5,0.008,248,98,0.0
3161.0,0.006,249,98,0.0
3161.5,0.008,249,99,0.0
3162.0,0.008,249,99,0.0
3162.5,0.008,250,99,0.0
3163.0,0.008,250,100,0.6000000000000001
3163.5,0.008,250,100,0.6000000000000001
3164.0,0.008,250,100,0.6000000000000001
3164.5,0.008,251,101,0.6000000000000001
3165.0,0.006,251,100,0.6000000000000001
3165.5,0.01,251,100,0.6000000000000001
3166.0,0.005,252,100,0.6000000000000001
3166.5,0.008,252,100,0.6000000000000001
3167.0,0.006,252,99,1.2000000000000002
3167.5,0.006,253,99,2.4000000000000004
3168.0,0.008,253,99,3.6
3168.5,0.006,253,100,4.2
3169.0,0.006,253,100,4.2
3169.5,0.008,254,100,3.6
3170.0,0.006,254,100,3.6
3170.5,0.006,254,99,3.0
3171.0,0.006,255,99,3.0
3171.5,0.006,255,99,3.0
3172.0,0.006,255,99,3.6
3172.5,0.008,256,99,3.6
3173.0,0.008,256,99,3.6
3173.5,0.006,256,99,4.2
3174.0,0.006,256,99,4.800000000000001
3174.5,0.006,257,100,4.800000000000001
3175.0,0.006,257,100,4.2
3175.5,0.008,257,100,4.2
3176.0,0.008,258,100,3.6
3176.5,0.008,258,100,3.6
3177.0,0.006,259,100,4.2
3177.5,0.005,259,100,4.2
3178.0,0.008,259,100,3.6
3178.5,0.01,259,100,3.6
3179.0,0.008,260,100,4.2
3179.5,0.008,260,100,3.6
3180.0,0.008,260,100,3.6
3180.5,0.006,261,101,3.0
3181.0,0.006,261,100,3.0
3181.5,0.008,261,100,3.0
3182.0,0.008,262,101,3.0
3182.5,0.006,262,100,3.6
3183.0,0.008,262,100,3.6
3183.5,0.006,263,100,3.0
3184.0,0.005,263,100,2.4000000000000004
3184.5,0.01,263,100,1.8
3185.0,0.006,263,101,1.8
3185.5,0.006,264,100,1.8
3186.0,0.008,264,100,1.8
3186.5,0.005,264,99,1.8
3187.0,0.005,265,99,1.8
3187.5,0.01,265,98,1.8
3188.0,0.006,265,97,1.8
3188.5,0.005,265,97,1.8
3189.0,0.006,266,98,1.2000000000000002
3189.5,0.005,266,98,0.6000000000000001
3190.0,0.006,266,97,0.0
3190.5,0.01,267,98,0.0
3191.0,0.011,267,98,0.0
3191.5,0.008,267,98,0.0
3192.0,0.006,268,98,0.0
3192.5,0.006,268,98,0.0
3193.0,0.006,268,98,0.0
3193.5,0.008,268,98,0.0
3194.0,0.008,269,99,0.0
3194.5,0.008,269,99,0.0
3195.0,0.006,269,99,0.6000000000000001
3195.5,0.008,270,100,0.6000000000000001
3196.0,0.005,270,100,0.6000000000000001
3196.5,0.008,270,100,0.6000000000000001
3197.0,0.006,271,101,0.6000000000000001
3197.5,0.008,271,100,0.6000000000000001
3198.0,0.006,271,100,0.6000000000000001
3198.5,0.008,271,100,0.6000000000000001
3199.0,0.006,272,100,0.6000000000000001
3199.5,0.008,272,99,1.8
3200.0,0.006,272,99,3.6
3200.5,0.01,273,99,4.2
3201.0,0.008,273,100,4.2
3201.5,0.006,273,100,4.2
3202.0,0.005,274,100,3.6
3202.5,0.006,274,100,3.6
3203.0,0.006,274,99,3.0
3203.5,0.006,274,99,3.6
3204.0,0.011,275,99,3.6
3204.5,0.005,275,99,3.6
3205.0,0.005,275,99,4.2
3205.5,0.005,276,99,4.2
3206.0,0.008,276,100,4.800000000000001
3206.5,0.006,276,100,4.800000000000001
3207.0,0.011,277,100,4.800000000000001
3207.5,0.006,277,100,4.2
3208.0,0.005,277,100,4.2
3208.5,0.006,277,100,3.6
3209.0,0.006,278,100,3.6
3209.5,0.005,278,100,3.6
3210.0,0.01,278,100,4.2
3210.5,0.008,279,100,4.2
3211.0,0.005,279,100,3.6
3211.5,0.006,279,100,3.6
3212.0,0.008,280,100,3.6
3212.5,0.006,280,101,3.6
3213.0,0.01,280,100,3.6
3213.5,0.008,280,100,3.0
3214.0,0.005,281,101,3.0
3214.5,0.008,281,101,3.0
3215.0,0.008,281,101,3.0
3215.5,0.005,282,101,3.6
3216.0,0.008,282,100,3.0
3216.5,0.006,282,100,2.4000000000000004
3217.0,0.006,283,101,1.8
3217.5,0.006,283,101,1.8
3218.0,0.003,283,101,1.8
3218.5,0.003,283,101,1.8
3219.0,0.006,284,99,1.8
3219.5,0.005,284,99,1.8
3220.0,0.003,284,99,1.8
3220.5,0.005,285,98,1.8
3221.0,0.005,285,98,1.8
3221.5,0.005,285,98,1.2000000000000002
3222.0,0.006,286,98,0.6000000000000001
3222.5,0.005,286,98,0.6000000000000001
3223.0,0.005,286,98,0.0
3223.5,0.003,287,98,0.0
3224.0,0.006,287,98,0.0
3224.5,0.006,287,98,0.0
3225.0,0.008,287,98,0.0
3225.5,0.005,288,98,0.0
3226.0,0.005,288,98,0.0
3226.5,0.003,288,98,0.0
3227.0,0.008,289,99,0.0
3227.5,0.003,289,99,0.6000000000000001
3228.0,0.008,289,100,0.6000000000000001
3228.5,0.006,289,101,0.6000000000000001
3229.0,0.006,290,101,0.6000000000000001
3229.5,0.006,290,101,0.6000000000000001
3230.0,0.008,290,100,0.6000000000000001
3230.5,0.005,291,100,0.6000000000000001
3231.0,0.008,291,100,0.6000000000000001
3231.5,0.006,291,100,0.6000000000000001
3232.0,0.005,292,99,1.8
3232.5,0.005,292,99,3.0
3233.0,0.005,292,99,3.6
3233.5,0.005,292,100,4.2
3234.0,0.006,293,100,4.2
3234.5,0.006,293,100,3.6
3235.0,0.006,293,100,3.6
3235.5,0.005,294,99,3.6
3236.0,0.003,294,99,3.0
3236.5,0.003,294,99,3.6
3237.0,0.005,295,99,3.6
3237.5,0.005,295,99,4.2
3238.0,0.005,295,99,4.2
3238.5,0.005,295,100,4.800000000000001
3239.0,0.003,296,100,4.800000000000001
3239.5,0.005,296,100,4.800000000000001
3240.0,0.005,296,100,4.2
3240.5,0.006,297,100,3.6
3241.0,0.003,297,100,3.6
3241.5,0.003,297,100,3.6
3242.0,0.006,298,100,3.6
3242.5,0.005,298,100,4.2
3243.0,0.005,298,100,4.2
3243.5,0.005,298,100,4.2
3244.0,0.003,299,100,4.2
3244.5,0.005,299,100,4.2
3245.0,0.005,299,100,3.6
3245.5,0.005,300,101,3.0
3246.0,0.003,300,100,3.0
3246.5,0.006,300,100,3.0
3247.0,0.005,301,100,3.0
3247.5,0.005,301,100,3.0
3248.0,0.006,301,100,3.6
3248.5,0.005,302,100,3.0
3249.0,0.003,302,100,2.4000000000000004
3249.5,0.005,302,100,1.8
3250.0,0.005,302,101,1.8
3250.5,0.006,303,101,1.8
3251.0,0.003,303,100,1.8
3251.5,0.003,303,100,1.8
3252.0,0.003,304,99,1.8
3252.5,0.003,304,99,1.8
3253.0,0.002,304,99,1.8
3253.5,0.003,305,98,1.8
3254.0,0.003,305,98,1.2000000000000002
3254.5,0.002,305,98,0.6000000000000001
3255.0,0.003,305,98,0.0
3255.5,0.005,306,98,0.0
3256.0,0.005,306,98,0.0
3256.5,0.003,306,99,0.0
3257.0,0.005,307,99,0.0
3257.5,0.005,307,98,0.0
3258.0,0.003,307,98,0.0
3258.5,0.005,307,99,0.0
3259.0,0.005,308,99,0.0
3259.5,0.005,308,99,0.0
3260.0,0.006,308,99,0.0
3260.5,0.005,309,100,0.6000000000000001
3261.0,0.003,309,101,0.6000000000000001
3261.5,0.005,309,101,0.6000000000000001
3262.0,0.005,310,101,0.6000000000000001
3262.5,0.003,310,101,0.6000000000000001
3263.0,0.005,310,100,0.6000000000000001
3263.5,0.003,311,100,0.6000000000000001
3264.0,0.003,311,100,0.6000000000000001
3264.5,0.005,311,100,1.2000000000000002
3265.0,0.005,311,99,3.0
3265.5,0.005,312,99,3.6
3266.0,0.005,312,100,4.2
3266.5,0.003,313,100,3.6
3267.0,0.003,313,100,3.6
3267.5,0.003,313,99,3.6
3268.0,0.005,313,99,3.0
3268.5,0.005,314,99,3.6
3269.0,0.005,314,99,3.6
3269.5,0.002,314,99,3.6
3270.0,0.003,315,99,3.6
3270.5,0.003,315,100,4.2
3271.0,0.005,315,100,4.800000000000001
3271.5,0.005,316,100,4.800000000000001
3272.0,0.003,316,100,4.800000000000001
3272.5,0.005,316,100,4.2
3273.0,0.003,316,100,4.2
3273.5,0.003,317,100,3.6
3274.0,0.005,317,100,3.6
3274.5,0.003,317,100,4.2
3275.0,0.002,318,100,4.2
3275.5,0.003,318,99,3.6
3276.0,0.003,318,100,4.2
3276.5,0.005,319,100,4.2
3277.0,0.008,319,100,3.6
3277.5,0.005,319,100,3.6
3278.0,0.003,320,101,3.0
3278.5,0.005,320,100,3.0
3279.0,0.005,320,100,3.0
3279.5,0.005,320,101,3.0
3280.0,0.008,321,100,3.6
3280.5,0.006,321,100,3.6
3281.0,0.005,321,100,2.4000000000000004
3281.5,0.005,322,100,2.4000000000000004
3282.0,0.003,322,101,1.8
3282.5,0.003,322,101,1.8
3283.0,0.006,323,100,1.8
3283.5,0.006,323,100,1.2000000000000002
3284.0,0.003,323,99,1.2000000000000002
3284.5,0.003,323,99,1.2000000000000002
3285.0,0.005,324,98,1.8
3285.5,0.003,324,98,1.8
3286.0,0.003,324,98,1.8
3286.5,0.005,325,98,0.6000000000000001
3287.0,0.002,325,98,0.0
3287.5,0.005,325,98,0.0
3288.0,0.003,326,98,0.0
3288.5,0.003,326,98,0.0
3289.0,0.005,326,98,0.0
3289.5,0.003,326,98,0.0
3290.0,0.005,327,98,0.0
3290.5,0.006,327,98,0.0
3291.0,0.005,327,99,0.0
3291.5,0.005,328,99,0.0
3292.0,0.005,328,99,0.0
3292.5,0.005,328,99,0.6000000000000001
3293.0,0.003,328,100,0.6000000000000001
3293.5,0.006,329,100,0.6000000000000001
3294.0,0.003,329,101,0.6000000000000001
3294.5,0.006,329,101,0.6000000000000001
3295.0,0.006,330,100,0.6000000000000001
3295.5,0.005,330,100,0.6000000000000001
3296.0,0.005,330,100,0.6000000000000001
3296.5,0.006,331,100,0.6000000000000001
3297.0,0.005,331,99,2.4000000000000004
3297.5,0.005,331,99,3.6
3298.0,0.005,331,100,4.2
3298.5,0.006,332,100,4.2
3299.0,0.003,332,100,3.6
3299.5,0.006,332,100,3.6
3300.0,0.003,333,100,3.6
3300.5,0.005,333,99,3.0
3301.0,0.005,333,99,3.0
3301.5,0.003,334,99,3.6
3302.0,0.003,334,99,3.6
3302.5,0.006,334,99,4.2
3303.0,0.005,334,99,4.2
3303.5,0.006,335,100,4.2
3304.0,0.005,335,100,4.800000000000001
3304.5,0.003,335,100,4.800000000000001
3305.0,0.002,336,100,4.2
3305.5,0.008,336,100,3.6
3306.0,0.005,336,100,3.6
3306.5,0.005,337,100,3.6
3307.0,0.006,337,100,3.6
3307.5,0.005,337,100,4.2
3308.0,0.003,337,100,3.6
3308.5,0.008,338,99,3.6
3309.0,0.006,338,100,3.6
3309.5,0.005,338,100,3.6
3310.0,0.005,339,100,3.6
3310.5,0.005,339,100,3.0
3311.0,0.003,339,101,3.0
3311.5,0.01,340,100,3.0
3312.0,0.008,340,100,3.0
3312.5,0.003,340,101,3.0
3313.0,0.006,341,100,3.6
3313.5,0.006,341,100,3.0
3314.0,0.003,341,100,2.4000000000000004
3314.5,0.008,341,101,2.4000000000000004
3315.0,0.006,342,101,1.8
3315.5,0.005,342,100,1.8
3316.0,0.005,342,100,1.2000000000000002
3316.5,0.006,343,99,1.2000000000000002
3317.0,0.003,343,99,1.2000000000000002
3317.5,0.005,343,98,1.2000000000000002
3318.0,0.005,344,98,1.2000000000000002
3318.5,0.005,344,97,1.8
3319.0,0.003,344,98,0.6000000000000001
3319.5,0.005,344,97,0.0
3320.0,0.003,345,97,0.0
3320.5,0.005,345,97,0.0
3321.0,0.005,345,98,0.0
3321.5,0.005,346,98,0.0
3322.0,0.005,346,97,0.0
3322.5,0.005,346,98,0.0
3323.0,0.003,346,98,0.0
3323.5,0.003,347,98,0.0
3324.0,0.006,347,98,0.0
3324.5,0.005,347,99,0.0
3325.0,0.006,348,99,0.6000000000000001
3325.5,0.006,348,100,0.6000000000000001
3326.0,0.006,348,100,0.6000000000000001
3326.5,0.005,349,100,0.6000000000000001
3327.0,0.005,349,100,0.6000000000000001
3327.5,0.003,349,100,0.6000000000000001
3328.0,0.006,350,100,0.6000000000000001
3328.5,0.006,350,100,0.6000000000000001
3329.0,0.006,350,100,0.6000000000000001
3329.5,0.005,350,99,1.8
3330.0,0.006,351,99,3.0
3330.5,0.006,351,99,4.2
3331.0,0.005,351,100,4.2
3331.5,0.006,352,100,4.2
3332.0,0.005,352,99,3.6
3332.5,0.005,352,99,3.6
3333.0,0.008,352,99,3.0
3333.5,0.006,353,98,3.0
3334.0,0.005,353,98,3.6
3334.5,0.006,353,98,3.6
3335.0,0.005,354,98,4.2
3335.5,0.003,354,99,4.2
3336.0,0.005,354,99,4.2
3336.5,0.003,355,99,4.800000000000001
3337.0,0.006,355,100,4.800000000000001
3337.5,0.006,355,100,4.800000000000001
3338.0,0.006,355,100,4.2
3338.5,0.003,356,100,3.6
3339.0,0.005,356,100,3.6
3339.5,0.005,356,100,3.6
3340.0,0.008,357,100,4.2
3340.5,0.006,357,100,4.2
3341.0,0.005,357,100,3.6
3341.5,0.003,358,100,3.6
3342.0,0.01,358,100,3.6
3342.5,0.006,358,100,3.6
3343.0,0.008,358,100,3.6
3343.5,0.008,359,100,3.0
3344.0,0.005,359,101,3.0
3344.5,0.005,359,100,3.0
3345.0,0.008,360,101,3.0
3345.5,0.006,360,101,3.6
3346.0,0.006,0,101,3.0
3346.5,0.01,0,100,2.4000000000000004
3347.0,0.003,1,101,2.4000000000000004
3347.5,0.005,1,101,1.8
3348.0,0.008,1,101,1.8
3348.5,0.005,2,101,1.8
3349.0,0.006,2,100,1.2000000000000002
3349.5,0.006,2,99,1.8
3350.0,0.005,3,99,1.8
3350.5,0.005,3,99,1.8
3351.0,0.006,3,98,1.8
3351.5,0.006,4,98,1.2000000000000002
3352.0,0.005,4,98,0.6000000000000001
3352.5,0.005,4,98,0.0
3353.0,0.003,4,98,0.0
3353.5,0.005,5,98,0.0
3354.0,0.005,5,99,0.0
3354.5,0.006,5,99,0.0
3355.0,0.003,6,98,0.0
3355.5,0.005,6,98,0.0
3356.0,0.006,6,99,0.0
3356.5,0.005,6,99,0.0
3357.0,0.005,7,99,0.0
3357.5,0.005,7,99,0.6000000000000001
3358.0,0.003,7,100,0.6000000000000001
3358.5,0.005,8,100,0.6000000000000001
3359.0,0.006,8,101,0.6000000000000001
3359.5,0.006,8,101,0.6000000000000001
3360.0,0.005,9,101,0.6000000000000001
3360.5,0.006,9,100,0.6000000000000001
3361.0,0.003,9,100,0.6000000000000001
3361.5,0.005,10,100,0.6000000000000001
3362.0,0.006,10,100,1.2000000000000002
3362.5,0.006,10,99,2.4000000000000004
3363.0,0.006,10,100,3.6
3363.5,0.008,11,100,3.6
3364.0,0.005,11,100,3.6
3364.5,0.006,11,100,3.6
3365.0,0.005,12,100,3.0
3365.5,0.006,12,99,3.0
3366.0,0.005,12,99,3.0
3366.5,0.006,13,99,3.0
3367.0,0.005,13,99,3.6
3367.5,0.006,13,99,3.6
3368.0,0.005,13,99,3.6
3368.5,0.005,14,100,4.2
3369.0,0.003,14,100,4.800000000000001
3369.5,0.005,14,100,4.800000000000001
3370.0,0.005,15,100,4.800000000000001
3370.5,0.005,15,100,4.2
3371.0,0.005,15,100,4.2
3371.5,0.003,15,100,3.6
3372.0,0.005,16,100,3.6
3372.5,0.005,16,100,4.2
3373.0,0.003,16,100,4.2
3373.5,0.006,17,100,4.2
3374.0,0.005,17,100,3.6
3374.5,0.003,17,100,3.6
3375.0,0.005,18,100,3.6
3375.5,0.005,18,101,3.6
3376.0,0.005,18,101,3.0
3376.5,0.01,19,101,3.0
3377.0,0.005,19,101,3.0
3377.5,0.005,19,101,3.0
3378.0,0.005,19,101,3.0
3378.5,0.005,20,101,3.0
3379.0,0.005,20,100,2.4000000000000004
3379.5,0.008,20,101,1.8
3380.0,0.008,21,101,1.8
3380.5,0.005,21,101,1.8
3381.0,0.005,21,101,1.8
3381.5,0.005,22,100,1.8
3382.0,0.005,22,100,1.2000000000000002
3382.5,0.008,22,99,1.8
3383.0,0.006,22,98,1.8
3383.5,0.003,23,98,1.8
3384.0,0.005,23,98,1.8
3384.5,0.005,23,98,0.6000000000000001
3385.0,0.003,24,98,0.0
3385.5,0.008,24,98,0.0
3386.0,0.006,24,98,0.0
3386.5,0.003,24,98,0.0
3387.0,0.005,25,98,0.0
3387.5,0.005,25,98,0.0
3388.0,0.003,25,98,0.0
3388.5,0.005,26,98,0.0
3389.0,0.006,26,99,0.0
3389.5,0.006,26,99,0.0
3390.0,0.008,27,99,0.0
3390.5,0.006,27,100,0.6000000000000001
3391.0,0.006,27,100,0.6000000000000001
3391.5,0.003,28,101,0.6000000000000001
3392.0,0.006,28,101,0.6000000000000001
3392.5,0.006,28,100,0.6000000000000001
3393.0,0.006,28,100,0.6000000000000001
3393.5,0.006,29,100,0.6000000000000001
3394.0,0.005,29,100,0.6000000000000001
3394.5,0.005,29,99,0.6000000000000001
3395.0,0.006,30,99,2.4000000000000004
3395.5,0.006,30,99,3.6
3396.0,0.008,30,100,4.2
3396.5,0.005,30,100,4.2
3397.0,0.005,31,100,3.6
3397.5,0.005,31,100,3.6
3398.0,0.005,31,99,3.0
3398.5,0.008,32,99,3.0
3399.0,0.005,32,99,3.0
3399.5,0.006,32,99,3.6
3400.0,0.005,33,99,3.6
3400.5,0.005,33,99,4.2
3401.0,0.006,33,100,4.2
3401.5,0.005,34,100,4.800000000000001
3402.0,0.008,34,100,4.800000000000001
3402.5,0.006,34,100,4.800000000000001
3403.0,0.006,34,100,4.2
3403.5,0.005,35,100,3.6
3404.0,0.006,35,100,3.6
3404.5,0.006,35,100,3.6
3405.0,0.006,36,100,3.6
3405.5,0.003,36,100,4.2
3406.0,0.006,36,100,4.2
3406.5,0.005,37,100,3.6
3407.0,0.005,37,100,3.6
3407.5,0.006,37,100,3.6
3408.0,0.006,37,100,3.6
3408.5,0.005,38,101,3.0
3409.0,0.006,38,101,3.0
3409.5,0.005,38,100,3.0
3410.0,0.005,39,101,3.0
3410.5,0.006,39,101,3.0
3411.0,0.005,39,100,3.6
3411.5,0.006,40,100,3.0
3412.0,0.006,40,101,2.4000000000000004
3412.5,0.006,40,101,1.8
3413.0,0.006,40,101,1.8
3413.5,0.005,41,101,1.8
3414.0,0.008,41,100,1.8
3414.5,0.005,41,100,1.8
3415.0,0.005,42,99,1.8
3415.5,0.006,42,99,1.8
3416.0,0.006,42,98,1.8
3416.5,0.005,43,98,1.8
3417.0,0.008,43,98,1.2000000000000002
3417.5,0.005,43,98,0.6000000000000001
3418.0,0.006,44,98,0.0
3418.5,0.006,44,98,0.0
3419.0,0.006,44,98,0.0
3419.5,0.005,44,98,0.0
3420.0,0.008,45,98,0.0
3420.5,0.005,45,98,0.0
3421.0,0.005,45,98,0.0
3421.5,0.005,46,98,0.0
3422.0,0.006,46,99,0.0
3422.5,0.005,46,99,0.0
3423.0,0.006,46,99,0.6000000000000001
3423.5,0.005,47,100,0.6000000000000001
3424.0,0.003,47,101,0.6000000000000001
3424.5,0.006,47,101,0.6000000000000001
3425.0,0.005,48,101,0.6000000000000001
3425.5,0.006,48,101,0.6000000000000001
3426.0,0.006,48,100,0.6000000000000001
3426.5,0.005,49,100,0.6000000000000001
3427.0,0.005,49,100,0.6000000000000001
3427.5,0.005,49,99,1.8
3428.0,0.005,49,99,3.0
3428.5,0.006,50,100,4.2
3429.0,0.008,50,100,3.6
3429.5,0.006,50,100,3.6
3430.0,0.006,51,100,3.6
3430.5,0.006,51,100,3.0
3431.0,0.005,51,99,3.0
3431.5,0.006,52,99,3.6
3432.0,0.006,52,99,3.6
3432.5,0.005,52,99,4.2
3433.0,0.008,53,99,4.2
3433.5,0.005,53,100,4.2
3434.0,0.006,53,100,4.800000000000001
3434.5,0.005,54,100,4.800000000000001
3435.0,0.003,54,100,4.2
3435.5,0.002,54,100,3.6
3436.0,0.006,55,100,3.6
3436.5,0.003,55,100,3.6
3437.0,0.006,55,100,3.6
3437.5,0.005,55,100,4.2
3438.0,0.005,56,100,3.6
3438.5,0.005,56,100,3.6
3439.0,0.006,56,100,3.6
3439.5,0.005,57,100,3.6
3440.0,0.006,57,100,3.6
3440.5,0.005,57,100,3.0
3441.0,0.005,58,100,3.0
3441.5,0.003,58,100,3.0
3442.0,0.008,58,100,3.0
3442.5,0.005,58,100,3.6
3443.0,0.005,59,100,3.6
3443.5,0.005,59,100,3.0
3444.0,0.003,59,100,2.4000000000000004
3444.5,0.005,60,100,1.8
3445.0,0.008,60,101,1.8
3445.5,0.003,60,100,1.8
3446.0,0.008,61,100,1.8
3446.5,0.006,61,99,1.8
3447.0,0.005,61,99,1.8
3447.5,0.006,62,98,1.8
3448.0,0.008,62,98,1.8
3448.5,0.005,62,97,1.8
3449.0,0.006,62,98,1.2000000000000002
3449.5,0.006,63,97,0.6000000000000001
3450.0,0.006,63,97,0.0
3450.5,0.005,63,98,0.0
3451.0,0.008,64,98,0.0
3451.5,0.005,64,98,0.0
3452.0,0.003,64,98,0.0
3452.5,0.005,64,98,0.0
3453.0,0.005,65,98,0.6000000000000001
3453.5,0.003,65,98,0.0
3454.0,0.008,65,98,0.0
3454.5,0.006,66,99,0.0
3455.0,0.003,66,99,0.6000000000000001
3455.5,0.005,66,100,0.6000000000000001
3456.0,0.005,67,100,0.6000000000000001
3456.5,0.003,67,101,0.6000000000000001
3457.0,0.005,67,101,0.6000000000000001
3457.5,0.006,67,100,0.6000000000000001
3458.0,0.005,68,100,0.6000000000000001
3458.5,0.006,68,100,0.6000000000000001
3459.0,0.005,68,100,0.6000000000000001
3459.5,0.003,69,99,1.2000000000000002
3460.0,0.005,69,99,3.0
3460.5,0.005,69,99,4.2
3461.0,0.005,70,100,4.2
3461.5,0.008,70,100,4.2
3462.0,0.006,70,100,3.6
3462.5,0.005,70,99,3.6
3463.0,0.005,71,99,3.6
3463.5,0.005,71,99,3.6
3464.0,0.006,71,99,3.6
3464.5,0.008,72,98,3.6
3465.0,0.006,72,99,4.2
3465.5,0.005,72,99,4.2
3466.0,0.005,73,99,4.2
3466.5,0.008,73,100,4.800000000000001
3467.0,0.006,73,100,4.800000000000001
3467.5,0.006,73,100,4.2
3468.0,0.006,74,100,3.6
3468.5,0.005,74,100,3.6
3469.0,0.003,74,100,3.6
3469.5,0.005,75,100,3.6
3470.0,0.005,75,100,4.2
3470.5,0.008,75,100,4.2
3471.0,0.005,76,99,3.6
3471.5,0.005,76,100,4.2
3472.0,0.005,76,100,4.2
3472.5,0.006,76,100,3.6
3473.0,0.005,77,100,3.6
3473.5,0.008,77,100,3.0
3474.0,0.006,77,100,3.0
3474.5,0.005,78,101,3.0
3475.0,0.005,78,100,3.0
3475.5,0.008,78,100,3.6
3476.0,0.006,79,100,3.6
3476.5,0.008,79,100,2.4000000000000004
3477.0,0.006,79,100,2.4000000000000004
3477.5,0.005,79,101,1.8
3478.0,0.005,80,101,1.8
3478.5,0.01,80,100,1.8
3479.0,0.005,80,99,1.8
3479.5,0.006,81,99,1.2000000000000002
3480.0,0.008,81,98,1.8
3480.5,0.005,81,98,1.8
3481.0,0.005,82,97,1.8
3481.5,0.008,82,97,1.2000000000000002
3482.0,0.005,82,97,0.6000000000000001
3482.5,0.008,82,97,0.0
3483.0,0.006,83,97,0.0
3483.5,0.003,83,98,0.0
3484.0,0.003,83,98,0.0
3484.5,0.01,84,98,0.0
3485.0,0.005,84,97,0.0
3485.5,0.006,84,98,0.0
3486.0,0.005,85,97,0.0
3486.5,0.006,85,98,0.0
3487.0,0.005,85,98,0.0
3487.5,0.006,85,99,0.0
3488.0,0.006,86,99,0.6000000000000001
3488.5,0.008,86,100,0.6000000000000001
3489.0,0.006,86,100,0.6000000000000001
3489.5,0.005,87,101,0.6000000000000001
3490.0,0.005,87,100,0.6000000000000001
3490.5,0.006,87,100,0.6000000000000001
3491.0,0.005,88,100,0.6000000000000001
3491.5,0.006,88,100,0.6000000000000001
3492.0,0.008,88,100,0.6000000000000001
3492.5,0.005,88,99,2.4000000000000004
3493.0,0.006,89,99,3.6
3493.5,0.006,89,100,4.2
3494.0,0.006,89,100,4.2
3494.5,0.006,90,100,3.6
3495.0,0.01,90,100,3.6
3495.5,0.005,90,99,3.6
3496.0,0.006,91,99,3.0
3496.5,0.006,91,99,3.0
3497.0,0.006,91,99,3.6
3497.5,0.008,91,99,3.6
3498.0,0.01,92,99,4.2
3498.5,0.005,92,100,4.2
3499.0,0.006,92,100,4.800000000000001
3499.5,0.005,93,100,4.800000000000001
3500.0,0.008,93,100,4.2
3500.5,0.005,93,100,4.2
3501.0,0.008,94,100,3.6
3501.5,0.005,94,100,3.6
3502.0,0.003,94,100,3.6
3502.5,0.005,94,100,3.6
3503.0,0.006,95,100,4.2
3503.5,0.005,97,101,3.0
3504.0,0.008,97,100,3.0
3504.5,0.005,97,101,3.0
3505.0,0.006,98,100,3.6
3505.5,0.005,98,100,3.6
3506.0,0.006,98,100,2.4000000000000004
3506.5,0.005,99,100,2.4000000000000004
3507.0,0.006,99,101,1.8
3507.5,0.005,99,101,1.8
3508.0,0.005,100,100,1.8
3508.5,0.003,100,100,1.8
3509.0,0.005,100,99,1.8
3509.5,0.005,101,99,1.8
3510.0,0.008,101,98,1.8
3510.5,0.005,101,98,1.8
3511.0,0.005,101,97,1.8
3511.5,0.003,102,97,1.2000000000000002
3512.0,0.008,102,97,0.6000000000000001
3512.5,0.005,102,98,0.0
3513.0,0.005,102,97,0.0
3513.5,0.003,103,98,0.0
3514.0,0.005,103,98,0.0
3514.5,0.003,103,98,0.0
3515.0,0.005,104,98,0.0
3515.5,0.003,104,98,0.0
3516.0,0.005,104,98,0.0
3516.5,0.006,105,99,0.0
3517.0,0.003,105,99,0.0
3517.5,0.003,105,99,0.6000000000000001
3518.0,0.003,106,100,0.6000000000000001
3518.5,0.005,106,100,0.6000000000000001
3519.0,0.006,106,100,0.6000000000000001
3519.5,0.005,106,101,0.6000000000000001
3520.0,0.003,107,100,0.6000000000000001
3520.5,0.005,107,100,0.6000000000000001
3521.0,0.005,107,100,0.6000000000000001
3521.5,0.005,108,100,0.6000000000000001
3522.0,0.005,108,99,1.8
3522.5,0.005,108,99,3.0
3523.0,0.003,108,99,4.2
3523.5,0.005,109,100,4.2
3524.0,0.005,109,100,4.2
3524.5,0.005,109,99,3.6
3525.0,0.005,110,99,3.6
3525.5,0.005,110,99,3.0
3526.0,0.005,110,99,3.6
3526.5,0.005,111,98,3.6
3527.0,0.005,111,98,3.6
3527.5,0.005,111,99,4.2
3528.0,0.003,112,99,4.2
3528.5,0.003,112,99,4.800000000000001
3529.0,0.003,113,100,4.800000000000001
3529.5,0.005,113,100,4.2
3530.0,0.002,113,100,3.6
3530.5,0.006,114,100,3.6
3531.0,0.003,114,100,3.6
3531.5,0.005,114,100,4.2
3532.0,0.002,115,100,4.2
3532.5,0.003,115,100,3.6
3533.0,0.002,115,100,4.2
3533.5,0.005,115,100,4.2
3534.0,0.003,116,100,3.6
3534.5,0.005,116,100,3.6
3535.0,0.003,116,100,3.0
3535.5,0.005,117,100,3.0
3536.0,0.003,117,100,3.0
3536.5,0.006,117,101,3.6
3537.0,0.005,118,100,3.6
3537.5,0.006,118,100,3.0
3538.0,0.003,118,100,2.4000000000000004
3538.5,0.005,118,100,2.4000000000000004
3539.0,0.003,119,101,1.8
3539.5,0.003,119,101,1.8
3540.0,0.005,119,100,1.8
3540.5,0.005,120,100,1.8
3541.0,0.005,120,99,1.2000000000000002
3541.5,0.005,120,99,1.2000000000000002
3542.0,0.003,121,98,1.2000000000000002
3542.5,0.005,121,98,1.8
3543.0,0.005,121,98,1.2000000000000002
3543.5,0.006,121,97,0.6000000000000001
3544.0,0.005,122,98,0.0
3544.5,0.005,122,97,0.0
3545.0,0.002,122,98,0.0
3545.5,0.005,123,98,0.0
3546.0,0.005,123,98,0.0
3546.5,0.006,123,97,0.0
3547.0,0.005,123,98,0.0
3547.5,0.003,124,98,0.0
3548.0,0.003,124,98,0.0
3548.5,0.006,124,99,0.0
3549.0,0.005,125,99,0.0
3549.5,0.006,125,100,0.6000000000000001
3550.0,0.003,125,101,0.6000000000000001
3550.5,0.005,126,101,0.6000000000000001
3551.0,0.005,126,101,0.6000000000000001
3551.5,0.005,126,101,0.6000000000000001
3552.0,0.005,126,101,0.6000000000000001
3552.5,0.006,127,100,0.6000000000000001
3553.0,0.003,127,100,0.0
3553.5,0.005,127,100,0.6000000000000001
3554.0,0.005,128,99,2.4000000000000004
3554.5,0.005,128,100,3.6
3555.0,0.005,128,100,4.2
3555.5,0.008,129,100,4.2
3556.0,0.005,129,100,3.6
3556.5,0.003,129,100,3.6
3557.0,0.005,130,99,3.0
3557.5,0.005,130,99,3.0
3558.0,0.005,130,99,3.6
3558.5,0.006,130,99,3.6
3559.0,0.006,131,99,4.2
3559.5,0.005,131,100,4.2
3560.0,0.006,131,100,4.2
3560.5,0.005,132,100,4.800000000000001
3561.0,0.003,132,100,4.800000000000001
3561.5,0.005,132,100,4.800000000000001
3562.0,0.006,132,101,4.2
3562.5,0.003,133,100,3.6
3563.0,0.006,133,100,3.6
3563.5,0.005,133,100,3.6
3564.0,0.005,134,100,4.2
3564.5,0.006,134,100,4.2
3565.0,0.003,134,100,3.6
3565.5,0.003,135,100,4.2
3566.0,0.005,135,100,4.2
3566.5,0.003,135,101,3.6
3567.0,0.005,136,101,3.6
3567.5,0.005,136,101,3.0
3568.0,0.005,136,101,3.0
3568.5,0.003,136,101,3.0
3569.0,0.006,137,101,3.0
3569.5,0.005,137,101,3.6
3570.0,0.005,137,101,3.0
3570.5,0.005,138,100,2.4000000000000004
3571.0,0.006,138,101,2.4000000000000004
3571.5,0.005,138,101,1.8
3572.0,0.008,139,101,1.8
3572.5,0.003,139,101,1.8
3573.0,0.005,139,100,1.8
3573.5,0.005,139,100,1.2000000000000002
3574.0,0.005,140,99,1.8
3574.5,0.005,140,98,1.8
3575.0,0.006,140,98,1.8
3575.5,0.003,141,98,1.8
3576.0,0.005,141,98,0.6000000000000001
3576.5,0.008,141,98,0.0
3577.0,0.005,142,98,0.0
3577.5,0.005,142,98,0.0
3578.0,0.006,142,98,0.0
3578.5,0.003,142,98,0.0
3579.0,0.003,143,98,0.0
3579.5,0.006,143,98,0.0
3580.0,0.005,143,98,0.0
3580.5,0.005,144,99,0.0
3581.0,0.006,144,99,0.0
3581.5,0.003,144,99,0.0
3582.0,0.003,145,100,0.6000000000000001
3582.5,0.006,145,100,0.6000000000000001
3583.0,0.005,145,101,0.6000000000000001
3583.5,0.005,145,101,0.6000000000000001
3584.0,0.005,146,100,0.6000000000000001
3584.5,0.005,146,100,0.6000000000000001
3585.0,0.006,146,100,0.6000000000000001
3585.5,0.006,147,100,0.6000000000000001
3586.0,0.006,147,99,0.6000000000000001
3586.5,0.005,147,99,3.0
3587.0,0.006,148,99,3.6
3587.5,0.006,148,100,4.2
3588.0,0.005,148,100,4.2
3588.5,0.006,148,100,3.6
3589.0,0.005,149,100,3.6
3589.5,0.003,149,99,3.6
3590.0,0.006,149,99,3.0
3590.5,0.005,150,99,3.6
3591.0,0.005,150,99,3.6
3591.5,0.006,150,99,3.6
3592.0,0.006,151,99,4.2
3592.5,0.003,151,100,4.800000000000001
3593.0,0.005,151,100,4.800000000000001
3593.5,0.006,151,100,4.800000000000001
3594.0,0.005,152,100,4.800000000000001
3594.5,0.006,152,100,4.2
3595.0,0.005,152,100,4.2
3595.5,0.003,153,100,3.6
3596.0,0.005,153,100,3.6
3596.5,0.006,153,100,4.2
3597.0,0.003,154,100,4.2
3597.5,0.005,154,100,4.2
3598.0,0.005,154,100,4.2
3598.5,0.002,154,100,3.6
3599.0,0.005,155,100,3.6
3599.5,0.005,155,101,3.6
3600.0,0.003,155,100,3.0
3600.5,0.005,156,100,3.0
3601.0,0.005,156,100,3.0
3601.5,0.003,156,101,3.0
3602.0,0.005,157,100,3.6
3602.5,0.006,157,100,3.6
3603.0,0.006,157,100,3.0
3603.5,0.006,157,100,2.4000000000000004
3604.0,0.006,158,100,1.8
3604.5,0.005,158,101,1.8
3605.0,0.006,158,100,1.8
3605.5,0.006,159,100,1.8
3606.0,0.006,159,99,1.8
3606.5,0.006,159,99,1.8
3607.0,0.006,160,98,1.8
3607.5,0.005,160,97,1.8
3608.0,0.005,160,97,1.8
3608.5,0.008,160,97,1.2000000000000002
3609.0,0.006,161,97,0.6000000000000001
3609.5,0.006,161,97,0.0
3610.0,0.006,161,98,0.0
3610.5,0.006,162,98,0.0
3611.0,0.005,162,98,0.0
3611.5,0.01,162,98,0.0
3612.0,0.006,163,98,0.0
3612.5,0.008,163,97,0.0
3613.0,0.008,163,98,0.0
3613.5,0.006,163,99,0.0
3614.0,0.005,164,99,0.0
3614.5,0.006,164,99,0.6000000000000001
3615.0,0.006,164,100,0.6000000000000001
3615.5,0.005,165,100,0.6000000000000001
3616.0,0.008,165,101,0.6000000000000001
3616.5,0.006,165,101,0.6000000000000001
3617.0,0.005,165,100,0.6000000000000001
3617.5,0.008,166,100,0.6000000000000001
3618.0,0.005,166,100,0.6000000000000001
3618.5,0.006,166,100,0.6000000000000001
3619.0,0.006,167,99,1.8
3619.5,0.006,167,99,3.6
3620.0,0.005,167,100,4.2
3620.5,0.008,168,100,4.2
3621.0,0.006,168,100,3.6
3621.5,0.008,168,100,3.6
3622.0,0.008,169,99,3.6
3622.5,0.005,169,99,3.0
3623.0,0.005,169,99,3.0
3623.5,0.006,169,99,3.6
3624.0,0.006,170,99,3.6
3624.5,0.011,170,99,4.2
3625.0,0.008,170,99,4.2
3625.5,0.005,171,100,4.800000000000001
3626.0,0.008,171,100,4.800000000000001
3626.5,0.008,171,100,4.800000000000001
3627.0,0.01,172,100,4.800000000000001
3627.5,0.01,172,100,4.2
3628.0,0.008,172,100,3.6
3628.5,0.005,172,100,3.6
3629.0,0.006,173,100,4.2
3629.5,0.006,173,100,4.2
3630.0,0.006,173,100,4.2
3630.5,0.008,174,100,4.2
3631.0,0.01,174,100,4.2
3631.5,0.005,174,101,3.6
3632.0,0.005,175,100,3.6
3632.5,0.006,175,101,3.6
3633.0,0.006,175,101,3.0
3633.5,0.008,175,101,3.0
3634.0,0.008,176,101,3.0
3634.5,0.006,176,101,3.0
3635.0,0.006,176,101,3.6
3635.5,0.006,177,101,3.0
3636.0,0.006,177,101,2.4000000000000004
3636.5,0.008,177,101,1.8
3637.0,0.01,178,101,1.8
3637.5,0.006,178,101,1.8
3638.0,0.006,178,101,1.8
3638.5,0.005,179,100,1.2000000000000002
3639.0,0.006,179,100,1.2000000000000002
3639.5,0.008,179,99,1.8
3640.0,0.008,179,98,1.8
3640.5,0.006,180,98,1.8
3641.0,0.006,180,98,1.2000000000000002
3641.5,0.006,180,98,0.6000000000000001
3642.0,0.008,181,98,0.0
3642.5,0.006,181,98,0.0
3643.0,0.01,181,99,0.0
3643.5,0.006,181,99,0.0
3644.0,0.006,182,98,0.0
3644.5,0.006,182,98,0.0
3645.0,0.008,182,98,0.0
3645.5,0.005,183,100,0.0
3646.0,0.006,184,99,0.6000000000000001
3646.5,0.006,184,100,0.6000000000000001
3647.0,0.008,184,101,0.6000000000000001
3647.5,0.005,184,101,0.6000000000000001
3648.0,0.006,185,101,0.6000000000000001
3648.5,0.005,185,100,0.6000000000000001
3649.0,0.006,185,100,0.6000000000000001
3649.5,0.008,186,100,0.6000000000000001
3650.0,0.008,186,100,0.0
3650.5,0.005,186,99,1.2000000000000002
3651.0,0.006,187,99,3.0
3651.5,0.006,187,100,4.2
3652.0,0.008,187,100,4.2
3652.5,0.006,187,100,4.2
3653.0,0.008,188,100,3.6
3653.5,0.006,188,100,3.6
3654.0,0.008,188,99,3.0
3654.5,0.006,189,99,3.6
3655.0,0.008,189,99,3.6
3655.5,0.006,189,99,3.6
3656.0,0.008,190,99,3.6
3656.5,0.006,190,100,3.6
3657.0,0.01,190,100,4.2
3657.5,0.008,190,100,4.800000000000001
3658.0,0.01,191,100,4.2
3658.5,0.008,191,100,4.2
3659.0,0.008,191,100,3.6
3659.5,0.006,192,100,3.6
3660.0,0.008,192,100,3.6
3660.5,0.008,192,100,3.6
3661.0,0.008,193,100,4.2
3661.5,0.008,193,100,3.6
3662.0,0.006,193,100,3.6
3662.5,0.006,194,100,3.6
3663.0,0.008,194,100,3.6
3663.5,0.006,194,100,3.6
3664.0,0.008,194,101,3.6
3664.5,0.008,195,100,3.0
3665.0,0.006,195,101,3.0
3665.5,0.008,195,100,3.0
3666.0,0.008,196,101,3.0
3666.5,0.006,196,100,3.6
3667.0,0.005,196,100,3.0
3667.5,0.008,197,100,2.4000000000000004
3668.0,0.006,197,100,1.8
3668.5,0.008,197,101,1.8
3669.0,0.01,197,101,1.8
3669.5,0.008,198,100,1.2000000000000002
3670.0,0.008,198,99,1.2000000000000002
3670.5,0.008,198,99,1.8
3671.0,0.006,199,98,1.2000000000000002
3671.5,0.006,199,98,1.2000000000000002
3672.0,0.006,199,97,1.8
3672.5,0.006,199,97,1.2000000000000002
3673.0,0.008,200,97,0.6000000000000001
3673.5,0.01,200,97,0.0
3674.0,0.006,200,97,0.0
3674.5,0.006,201,98,0.0
3675.0,0.008,201,98,0.0
3675.5,0.01,201,98,0.0
3676.0,0.008,202,97,0.0
3676.5,0.011,202,98,0.0
3677.0,0.006,202,98,0.0
3677.5,0.008,202,98,0.0
3678.0,0.008,203,98,0.0
3678.5,0.008,203,99,0.0
3679.0,0.006,203,99,0.6000000000000001
3679.5,0.01,204,100,0.6000000000000001
3680.0,0.008,204,100,0.6000000000000001
3680.5,0.006,204,100,0.6000000000000001
3681.0,0.006,205,100,0.6000000000000001
3681.5,0.008,205,99,0.6000000000000001
3682.0,0.006,205,99,0.6000000000000001
3682.5,0.006,205,99,0.6000000000000001
3683.0,0.006,206,99,0.6000000000000001
3683.5,0.006,206,98,3.0
3684.0,0.006,206,98,3.6
3684.5,0.008,207,99,4.2
3685.0,0.008,207,100,4.2
3685.5,0.008,207,99,4.2
3686.0,0.008,208,99,3.6
3686.5,0.01,208,99,3.6
3687.0,0.006,208,98,3.6
3687.5,0.008,208,98,3.6
3688.0,0.008,209,98,3.6
3688.5,0.008,209,99,4.2
3689.0,0.008,209,99,4.2
3689.5,0.01,210,99,4.800000000000001
3690.0,0.008,210,100,4.800000000000001
3690.5,0.01,210,100,4.800000000000001
3691.0,0.01,211,100,4.800000000000001
3691.5,0.01,211,100,4.2
3692.0,0.008,211,100,4.2
3692.5,0.008,211,100,3.6
3693.0,0.008,212,100,3.6
3693.5,0.008,212,100,4.2
3694.0,0.008,212,100,4.2
3694.5,0.008,213,100,3.6
3695.0,0.006,213,100,4.2
3695.5,0.006,213,101,4.2
3696.0,0.008,214,100,3.6
3696.5,0.005,214,101,3.6
3697.0,0.006,214,101,3.0
3697.5,0.008,214,100,3.0
3698.0,0.006,215,101,3.0
3698.5,0.006,215,101,3.6
3699.0,0.008,215,100,3.6
3699.5,0.006,216,100,3.6
3700.0,0.006,216,100,3.0
3700.5,0.008,216,101,2.4000000000000004
3701.0,0.006,217,101,1.8
3701.5,0.006,217,101,1.8
3702.0,0.008,217,100,1.8
3702.5,0.006,217,100,1.8
3703.0,0.006,218,99,1.8
3703.5,0.008,218,99,1.8
3704.0,0.006,218,98,1.8
3704.5,0.005,219,98,1.8
3705.0,0.008,219,98,1.8
3705.5,0.005,219,97,0.6000000000000001
3706.0,0.005,220,98,0.6000000000000001
3706.5,0.01,220,98,0.0
3707.0,0.008,220,98,0.0
3707.5,0.006,220,98,0.0
3708.0,0.01,221,98,0.0
3708.5,0.006,221,98,0.0
3709.0,0.006,221,98,0.0
3709.5,0.008,222,98,0.0
3710.0,0.01,222,98,0.0
3710.5,0.006,222,99,0.0
3711.0,0.008,223,99,0.0
3711.5,0.006,223,99,0.6000000000000001
3712.0,0.008,223,100,0.6000000000000001
3712.5,0.008,223,100,0.6000000000000001
3713.0,0.006,224,101,0.6000000000000001
3713.5,0.005,224,101,0.6000000000000001
3714.0,0.008,224,100,0.6000000000000001
3714.5,0.006,225,100,0.6000000000000001
3715.0,0.006,225,100,0.6000000000000001
3715.5,0.006,225,100,0.6000000000000001
3716.0,0.008,226,99,1.8
3716.5,0.005,226,99,3.6
3717.0,0.008,226,100,4.2
3717.5,0.006,226,100,4.2
3718.0,0.006,227,100,4.2
3718.5,0.006,227,100,3.6
3719.0,0.008,227,100,3.6
3719.5,0.008,228,99,3.6
3720.0,0.01,228,99,3.6
3720.5,0.006,228,99,3.6
3721.0,0.01,229,99,3.6
3721.5,0.006,229,99,4.2
3722.0,0.006,229,100,4.2
3722.5,0.006,229,100,4.800000000000001
3723.0,0.01,230,100,4.800000000000001
3723.5,0.006,230,100,4.800000000000001
3724.0,0.008,230,101,4.2
3724.5,0.008,231,100,4.2
3725.0,0.008,231,100,3.6
3725.5,0.005,231,100,3.6
3726.0,0.01,232,100,3.6
3726.5,0.006,232,100,4.2
3727.0,0.006,232,101,4.2
3727.5,0.008,232,100,4.2
3728.0,0.008,233,101,4.2
3728.5,0.005,233,101,3.6
3729.0,0.01,233,101,3.6
3729.5,0.008,234,101,3.0
3730.0,0.005,234,101,3.0
3730.5,0.005,234,100,3.0
3731.0,0.008,235,101,3.0
3731.5,0.006,235,101,3.0
3732.0,0.008,235,101,3.6
3732.5,0.01,236,101,2.4000000000000004
3733.0,0.005,236,101,2.4000000000000004
3733.5,0.006,236,101,1.8
3734.0,0.008,236,102,1.8
3734.5,0.005,237,101,1.8
3735.0,0.008,237,101,1.8
3735.5,0.006,237,100,1.8
3736.0,0.005,238,100,1.2000000000000002
3736.5,0.006,238,99,1.8
3737.0,0.008,238,99,1.8
3737.5,0.008,238,98,1.8
3738.0,0.008,239,98,1.2000000000000002
3738.5,0.006,239,98,0.6000000000000001
3739.0,0.003,239,98,0.0
3739.5,0.01,240,98,0.0
3740.0,0.01,240,99,0.0
3740.5,0.006,240,98,0.0
3741.0,0.006,241,98,0.0
3741.5,0.008,241,99,0.0
3742.0,0.006,241,98,0.6000000000000001
3742.5,0.01,242,98,0.0
3743.0,0.008,242,99,0.0
3743.5,0.006,242,99,0.0
3744.0,0.006,242,99,0.6000000000000001
3744.5,0.008,243,100,0.6000000000000001
3745.0,0.005,243,101,0.6000000000000001
3745.5,0.01,243,100,0.6000000000000001
3746.0,0.008,244,101,0.6000000000000001
3746.5,0.006,244,100,0.6000000000000001
3747.0,0.005,244,100,0.6000000000000001
3747.5,0.006,244,100,0.6000000000000001
3748.0,0.005,245,100,0.6000000000000001
3748.5,0.008,245,99,2.4000000000000004
3749.0,0.006,245,99,3.0
3749.5,0.006,246,99,4.2
3750.0,0.008,246,100,4.2
3750.5,0.006,246,100,4.2
3751.0,0.006,247,100,3.6
3751.5,0.008,247,99,3.6
3752.0,0.006,247,99,3.6
3752.5,0.006,248,99,3.6
3753.0,0.008,248,99,3.6
3753.5,0.01,248,99,3.6
3754.0,0.006,248,99,3.6
3754.5,0.01,249,99,4.2
3755.0,0.006,249,99,4.2
3755.5,0.006,249,100,4.800000000000001
3756.0,0.008,250,100,4.800000000000001
3756.5,0.008,250,100,4.2
3757.0,0.008,250,100,4.2
3757.5,0.01,250,100,3.6
3758.0,0.008,251,100,3.6
3758.5,0.01,251,100,3.6
3759.0,0.006,251,100,4.2
3759.5,0.01,252,100,3.6
3760.0,0.006,252,100,3.6
3760.5,0.01,252,100,3.6
3761.0,0.01,253,100,3.6
3761.5,0.008,253,100,3.6
3762.0,0.006,253,100,3.0
3762.5,0.008,254,100,3.0
3763.0,0.006,254,101,3.0
3763.5,0.008,254,100,3.0
3764.0,0.006,254,101,3.6
3764.5,0.006,255,101,3.6
3765.0,0.003,255,100,3.0
3765.5,0.008,255,100,2.4000000000000004
3766.0,0.006,256,101,2.4000000000000004
3766.5,0.008,256,101,1.8
3767.0,0.006,256,101,1.8
3767.5,0.008,257,100,1.8
3768.0,0.006,257,100,1.8
3768.5,0.006,257,99,1.8
3769.0,0.005,257,99,1.8
3769.5,0.01,258,98,1.8
3770.0,0.006,258,97,1.8
3770.5,0.008,258,98,1.2000000000000002
3771.0,0.005,259,97,0.6000000000000001
3771.5,0.01,259,98,0.0
3772.0,0.01,259,97,0.0
3772.5,0.008,259,98,0.0
3773.0,0.01,260,98,0.0
3773.5,0.008,260,98,0.0
3774.0,0.008,260,97,0.0
3774.5,0.01,261,98,0.0
3775.0,0.008,261,98,0.0
3775.5,0.008,261,98,0.0
3776.0,0.011,262,99,0.0
3776.5,0.008,262,99,0.6000000000000001
3777.0,0.008,262,99,0.6000000000000001
3777.5,0.006,263,100,0.6000000000000001
3778.0,0.008,263,100,0.6000000000000001
3778.5,0.006,263,100,0.6000000000000001
3779.0,0.008,263,100,0.6000000000000001
3779.5,0.006,264,100,0.6000000000000001
3780.0,0.006,264,99,0.6000000000000001
3780.5,0.006,264,100,0.6000000000000001
3781.0,0.006,265,99,1.2000000000000002
3781.5,0.005,265,99,3.0
3782.0,0.006,265,99,3.6
3782.5,0.006,265,99,4.2
3783.0,0.005,266,100,4.2
3783.5,0.006,266,100,3.6
3784.0,0.006,266,99,3.6
3784.5,0.006,267,99,3.0
3785.0,0.01,267,99,3.0
3785.5,0.006,267,99,3.6
3786.0,0.006,268,99,3.6
3786.5,0.008,268,99,3.6
3787.0,0.008,268,99,3.6
3787.5,0.006,268,100,4.2
3788.0,0.008,269,100,4.800000000000001
3788.5,0.006,269,100,4.800000000000001
3789.0,0.005,269,100,4.800000000000001
3789.5,0.01,270,101,4.2
3790.0,0.006,270,100,3.6
3790.5,0.005,270,100,3.6
3791.0,0.008,271,100,3.6
3791.5,0.006,271,100,3.6
3792.0,0.006,271,100,4.2
3792.5,0.01,272,100,3.6
3793.0,0.008,272,100,3.6
3793.5,0.006,272,100,3.6
3794.0,0.01,272,100,3.6
3794.5,0.008,273,101,3.6
3795.0,0.006,273,100,3.0
3795.5,0.008,273,101,3.0
3796.0,0.006,274,101,3.0
3796.5,0.005,274,101,3.0
3797.0,0.006,274,100,3.6
3797.5,0.006,275,100,3.0
3798.0,0.01,275,100,2.4000000000000004
3798.5,0.008,275,100,2.4000000000000004
3799.0,0.005,275,101,1.8
3799.5,0.006,276,101,1.8
3800.0,0.008,276,101,1.8
3800.5,0.006,276,100,1.8
3801.0,0.006,277,99,1.2000000000000002
3801.5,0.005,277,99,1.2000000000000002
3802.0,0.006,277,98,1.8
3802.5,0.006,277,98,1.8
3803.0,0.008,278,98,1.8
3803.5,0.006,278,98,0.6000000000000001
3804.0,0.006,278,98,0.0
3804.5,0.008,279,98,0.0
3805.0,0.008,279,98,0.0
3805.5,0.005,279,98,0.0
3806.0,0.008,280,98,0.0
3806.5,0.006,280,98,0.0
3807.0,0.008,280,98,0.0
3807.5,0.008,281,98,0.0
3808.0,0.01,281,99,0.0
3808.5,0.006,281,99,0.0
3809.0,0.008,281,99,0.0
3809.5,0.008,282,100,0.0
3810.0,0.01,282,100,0.6000000000000001
3810.5,0.006,282,100,0.6000000000000001
3811.0,0.01,283,101,0.6000000000000001
3811.5,0.005,283,100,0.6000000000000001
3812.0,0.008,283,100,0.6000000000000001
3812.5,0.006,283,100,0.6000000000000001
3813.0,0.008,284,100,0.6000000000000001
3813.5,0.005,284,99,0.6000000000000001
3814.0,0.005,284,99,2.4000000000000004
3814.5,0.005,285,99,3.6
3815.0,0.006,285,99,4.2
3815.5,0.005,285,100,4.2
3816.0,0.005,286,100,4.2
3816.5,0.006,286,99,3.6
3817.0,0.005,286,99,3.0
3817.5,0.003,286,98,3.6
3818.0,0.006,287,99,3.6
3818.5,0.006,287,98,3.6
3819.0,0.008,287,99,3.6
3819.5,0.01,288,99,4.2
3820.0,0.006,288,99,4.2
3820.5,0.005,288,99,4.800000000000001
3821.0,0.005,289,100,4.800000000000001
3821.5,0.005,289,100,4.800000000000001
3822.0,0.005,289,100,4.2
3822.5,0.008,289,100,4.2
3823.0,0.005,290,100,3.6
3823.5,0.005,290,100,3.6
3824.0,0.006,290,100,3.6
3824.5,0.006,291,100,4.2
3825.0,0.005,291,100,4.2
3825.5,0.008,291,100,4.2
3826.0,0.006,292,100,4.2
3826.5,0.006,292,100,3.6
3827.0,0.006,292,100,3.6
3827.5,0.006,292,101,3.0
3828.0,0.005,293,100,3.0
3828.5,0.006,293,100,3.0
3829.0,0.005,293,101,3.0
3829.5,0.006,294,101,3.6
3830.0,0.002,294,100,3.6
3830.5,0.006,294,100,3.0
3831.0,0.005,295,101,2.4000000000000004
3831.5,0.006,295,101,1.8
3832.0,0.005,295,101,1.8
3832.5,0.006,296,101,1.8
3833.0,0.003,296,100,1.8
3833.5,0.006,296,100,1.8
3834.0,0.005,296,99,1.8
3834.5,0.006,297,99,1.8
3835.0,0.003,297,98,1.8
3835.5,0.006,297,98,1.8
3836.0,0.003,298,98,1.2000000000000002
3836.5,0.005,298,98,0.0
3837.0,0.006,298,98,0.0
3837.5,0.006,298,98,0.0
3838.0,0.005,299,99,0.0
3838.5,0.006,299,98,0.0
3839.0,0.003,299,98,0.0
3839.5,0.006,300,99,0.0
3840.0,0.006,300,98,0.0
3840.5,0.006,300,98,0.0
3841.0,0.005,301,99,0.0
3841.5,0.006,301,99,0.0
3842.0,0.006,301,99,0.6000000000000001
3842.5,0.006,302,101,0.6000000000000001
3843.0,0.006,302,100,0.6000000000000001
3843.5,0.006,302,100,0.6000000000000001
3844.0,0.006,302,101,0.6000000000000001
3844.5,0.005,303,100,0.6000000000000001
3845.0,0.006,303,100,0.6000000000000001
3845.5,0.005,303,100,0.6000000000000001
3846.0,0.003,304,99,0.6000000000000001
3846.5,0.005,304,99,2.4000000000000004
3847.0,0.003,304,99,3.0
3847.5,0.003,304,99,4.2
3848.0,0.005,305,100,4.2
3848.5,0.005,305,100,4.2
3849.0,0.003,305,100,3.6
3849.5,0.005,306,99,3.6
3850.0,0.003,306,99,3.6
3850.5,0.003,306,99,3.0
3851.0,0.005,307,98,3.6
3851.5,0.003,307,98,3.6
3852.0,0.005,307,99,4.2
3852.5,0.005,307,99,4.2
3853.0,0.003,308,99,4.800000000000001
3853.5,0.003,308,99,4.800000000000001
3854.0,0.005,308,100,4.800000000000001
3854.5,0.003,309,100,4.800000000000001
3855.0,0.003,309,100,4.2
3855.5,0.002,309,100,4.2
3856.0,0.003,310,100,3.6
3856.5,0.003,310,100,4.2
3857.0,0.003,310,99,4.2
3857.5,0.003,310,100,4.2
3858.0,0.005,311,99,4.2
3858.5,0.005,311,100,4.2
3859.0,0.003,311,100,4.2
3859.5,0.005,312,100,4.2
3860.0,0.005,312,100,3.6
3860.5,0.003,312,100,3.6
3861.0,0.005,313,100,3.6
3861.5,0.003,313,100,3.6
3862.0,0.003,313,100,3.6
3862.5,0.005,313,100,3.6
3863.0,0.005,314,100,3.6
3863.5,0.003,314,100,2.4000000000000004
3864.0,0.002,314,100,2.4000000000000004
3864.5,0.003,315,101,1.8
3865.0,0.003,315,100,1.8
3865.5,0.003,315,100,1.8
3866.0,0.003,316,99,1.8
3866.5,0.003,316,99,1.8
3867.0,0.003,316,98,1.8
3867.5,0.005,316,98,1.8
3868.0,0.003,317,98,1.8
3868.5,0.003,317,98,1.2000000000000002
3869.0,0.006,317,97,0.6000000000000001
3869.5,0.005,318,98,0.0
3870.0,0.005,318,98,0.0
3870.5,0.005,318,98,0.0
3871.0,0.003,319,98,0.0
3871.5,0.005,319,98,0.0
3872.0,0.006,319,98,0.0
3872.5,0.005,319,98,0.0
3873.0,0.006,320,98,0.0
3873.5,0.006,320,98,0.0
3874.0,0.006,320,99,0.0
3874.5,0.003,321,99,0.0
3875.0,0.006,321,100,0.6000000000000001
3875.5,0.006,321,100,0.6000000000000001
3876.0,0.006,321,101,0.6000000000000001
3876.5,0.005,322,101,0.6000000000000001
3877.0,0.005,322,101,0.6000000000000001
3877.5,0.0,322,100,0.6000000000000001
3878.0,0.006,323,100,0.6000000000000001
3878.5,0.003,323,100,0.6000000000000001
3879.0,0.005,323,100,1.2000000000000002
3879.5,0.005,324,99,2.4000000000000004
3880.0,0.003,324,99,4.2
3880.5,0.002,324,100,4.2
3881.0,0.005,325,100,4.2
3881.5,0.005,325,100,4.2
3882.0,0.005,325,100,3.6
3882.5,0.003,325,99,3.6
3883.0,0.003,326,99,3.6
3883.5,0.003,326,99,3.6
3884.0,0.005,326,99,3.6
3884.5,0.006,327,99,3.6
3885.0,0.005,327,99,4.2
3885.5,0.005,327,100,4.2
3886.0,0.003,328,100,4.800000000000001
3886.5,0.003,328,100,4.800000000000001
3887.0,0.006,328,100,4.800000000000001
3887.5,0.006,328,100,4.2
3888.0,0.003,329,100,3.6
3888.5,0.005,329,100,3.6
3889.0,0.002,329,100,3.6
3889.5,0.002,330,100,4.2
3890.0,0.005,330,100,4.2
3890.5,0.006,330,100,4.2
3891.0,0.003,331,100,4.2
3891.5,0.005,331,100,4.2
3892.0,0.005,331,100,3.6
3892.5,0.003,331,101,3.6
3893.0,0.005,332,100,3.0
3893.5,0.005,332,100,3.0
3894.0,0.005,332,100,3.0
3894.5,0.005,333,100,3.0
3895.0,0.005,333,100,3.6
3895.5,0.003,333,100,3.6
3896.0,0.003,334,100,3.0
3896.5,0.005,334,101,2.4000000000000004
3897.0,0.002,334,101,1.8
3897.5,0.005,335,101,1.8
3898.0,0.005,335,101,1.8
3898.5,0.002,335,100,1.8
3899.0,0.003,335,100,1.8
3899.5,0.005,336,99,1.8
3900.0,0.003,336,99,1.8
3900.5,0.005,336,98,1.8
3901.0,0.005,337,98,1.8
3901.5,0.003,337,98,0.6000000000000001
3902.0,0.003,337,98,0.0
3902.5,0.006,337,98,0.0
3903.0,0.006,338,98,0.0
3903.5,0.005,338,98,0.0
3904.0,0.005,338,98,0.0
3904.5,0.005,339,98,0.0
3905.0,0.003,339,98,0.0
3905.5,0.008,339,98,0.0
3906.0,0.006,340,98,0.0
3906.5,0.006,340,99,0.0
3907.0,0.006,340,99,0.0
3907.5,0.005,341,100,0.6000000000000001
3908.0,0.005,341,100,0.6000000000000001
3908.5,0.006,341,100,0.6000000000000001
3909.0,0.003,341,101,0.6000000000000001
3909.5,0.006,342,100,0.6000000000000001
3910.0,0.005,342,100,0.6000000000000001
3910.5,0.005,342,100,0.6000000000000001
3911.0,0.003,343,100,0.6000000000000001
3911.5,0.005,343,100,0.6000000000000001
3912.0,0.005,343,99,2.4000000000000004
3912.5,0.006,343,99,3.6
3913.0,0.006,344,100,4.2
3913.5,0.003,344,100,4.2
3914.0,0.003,344,100,3.6
3914.5,0.005,345,100,3.6
3915.0,0.005,345,99,3.6
3915.5,0.006,345,99,3.0
3916.0,0.006,346,99,3.0
3916.5,0.003,346,99,3.6
3917.0,0.003,346,99,3.6
3917.5,0.005,346,99,4.2
3918.0,0.005,347,100,4.2
3918.5,0.006,347,100,4.800000000000001
3919.0,0.008,347,100,4.800000000000001
3919.5,0.005,348,100,4.800000000000001
3920.0,0.003,348,100,4.2
3920.5,0.003,348,100,3.6
3921.0,0.005,349,100,3.6
3921.5,0.003,349,100,3.6
3922.0,0.005,350,100,3.6
3922.5,0.006,350,100,3.6
3923.0,0.005,351,100,3.6
3923.5,0.006,351,100,3.6
3924.0,0.005,351,101,3.0
3924.5,0.005,352,100,3.0
3925.0,0.005,352,100,3.0
3925.5,0.005,352,101,3.0
3926.0,0.005,353,100,3.6
3926.5,0.006,353,100,3.6
3927.0,0.005,353,100,3.0
3927.5,0.003,353,100,2.4000000000000004
3928.0,0.003,354,101,1.8
3928.5,0.003,354,101,1.8
3929.0,0.005,354,101,1.8
3929.5,0.005,355,100,1.8
3930.0,0.005,355,100,1.8
3930.5,0.005,355,99,1.8
3931.0,0.005,355,99,1.2000000000000002
3931.5,0.005,356,98,1.8
3932.0,0.003,356,98,1.2000000000000002
3932.5,0.005,356,98,0.6000000000000001
3933.0,0.003,357,98,0.0
3933.5,0.005,357,98,0.0
3934.0,0.005,357,98,0.0
3934.5,0.005,358,98,0.0
3935.0,0.005,358,98,0.0
3935.5,0.006,358,98,0.0
3936.0,0.005,359,98,0.0
3936.5,0.005,359,98,0.0
3937.0,0.003,359,99,0.0
3937.5,0.005,359,99,0.0
3938.0,0.005,360,99,0.0
3938.5,0.006,360,100,0.6000000000000001
3939.0,0.008,360,101,0.6000000000000001
3939.5,0.005,361,101,0.6000000000000001
3940.0,0.005,361,101,0.6000000000000001
3940.5,0.006,361,101,0.6000000000000001
3941.0,0.005,361,100,0.6000000000000001
3941.5,0.005,362,100,0.6000000000000001
3942.0,0.005,362,100,0.6000000000000001
3942.5,0.005,362,100,0.6000000000000001
3943.0,0.005,363,99,1.8
3943.5,0.006,363,99,3.6
3944.0,0.003,363,100,4.2
3944.5,0.006,364,100,4.2
3945.0,0.005,364,100,3.6
3945.5,0.005,364,100,3.6
3946.0,0.005,365,100,3.0
3946.5,0.005,365,99,3.0
3947.0,0.005,365,99,3.0
3947.5,0.005,365,99,3.0
3948.0,0.005,366,99,3.6
3948.5,0.008,366,99,3.6
3949.0,0.005,366,100,3.6
3949.5,0.006,367,100,4.2
3950.0,0.005,367,100,4.800000000000001
3950.5,0.005,367,100,4.800000000000001
3951.0,0.005,368,101,4.2
3951.5,0.008,368,100,3.6
3952.0,0.008,368,100,3.6
3952.5,0.006,368,100,3.6
3953.0,0.005,369,100,4.2
3953.5,0.006,369,100,4.2
3954.0,0.005,369,101,3.6
3954.5,0.008,370,100,3.6
3955.0,0.008,370,100,4.2
3955.5,0.006,370,101,3.6
3956.0,0.003,371,101,3.6
3956.5,0.008,371,101,3.0
3957.0,0.006,371,101,3.0
3957.5,0.008,371,101,3.0
3958.0,0.006,372,101,3.0
3958.5,0.005,372,101,3.0
3959.0,0.003,372,101,3.6
3959.5,0.006,373,101,2.4000000000000004
3960.0,0.005,373,101,2.4000000000000004
3960.5,0.006,373,101,1.8
3961.0,0.006,374,101,1.8
3961.5,0.005,374,101,1.8
3962.0,0.002,374,101,1.2000000000000002
3962.5,0.005,375,100,1.2000000000000002
3963.0,0.003,375,100,1.2000000000000002
3963.5,0.006,375,99,1.8
3964.0,0.006,375,98,1.8
3964.5,0.003,376,98,1.8
3965.0,0.006,376,98,1.2000000000000002
3965.5,0.006,376,98,0.6000000000000001
3966.0,0.005,377,98,0.0
3966.5,0.006,377,98,0.0
3967.0,0.008,377,98,0.0
3967.5,0.003,377,98,0.0
3968.0,0.005,378,98,0.0
3968.5,0.005,378,98,0.0
3969.0,0.006,378,98,0.0
3969.5,0.005,379,98,0.0
3970.0,0.006,379,99,0.0
3970.5,0.006,379,99,0.0
3971.0,0.005,380,99,0.0
3971.5,0.005,380,100,0.6000000000000001
3972.0,0.006,380,101,0.6000000000000001
3972.5,0.005,380,101,0.6000000000000001
3973.0,0.005,381,101,0.6000000000000001
3973.5,0.006,381,100,0.6000000000000001
3974.0,0.006,381,100,0.6000000000000001
3974.5,0.006,382,100,0.6000000000000001
3975.0,0.006,382,100,0.6000000000000001
3975.5,0.005,382,99,1.8
3976.0,0.006,383,99,3.0
3976.5,0.005,383,100,4.2
3977.0,0.005,383,100,4.2
3977.5,0.005,383,100,4.2
3978.0,0.006,384,100,3.6
3978.5,0.005,384,100,3.6
3979.0,0.005,384,99,3.0
3979.5,0.003,385,99,3.0
3980.0,0.006,385,99,3.6
3980.5,0.005,385,99,3.6
3981.0,0.005,386,99,3.6
3981.5,0.005,386,99,4.2
3982.0,0.003,386,100,4.2
3982.5,0.005,386,100,4.800000000000001
3983.0,0.008,387,100,4.800000000000001
3983.5,0.005,387,100,4.2
3984.0,0.005,387,100,3.6
3984.5,0.003,388,100,3.6
3985.0,0.006,388,100,3.6
3985.5,0.005,388,100,3.6
3986.0,0.008,389,100,4.2
3986.5,0.005,389,100,3.6
3987.0,0.005,389,100,3.6
3987.5,0.003,389,100,3.6
3988.0,0.006,390,100,3.6
3988.5,0.006,390,100,3.6
3989.0,0.008,390,101,3.0
3989.5,0.006,391,100,3.0
3990.0,0.005,391,100,3.0
3990.5,0.005,391,100,3.0
3991.0,0.008,392,100,3.0
3991.5,0.006,392,100,3.6
3992.0,0.006,392,100,3.0
3992.5,0.006,393,100,2.4000000000000004
3993.0,0.005,393,101,1.8
3993.5,0.006,393,101,1.8
3994.0,0.006,393,101,1.8
3994.5,0.005,394,100,1.8
3995.0,0.005,394,100,1.8
3995.5,0.005,394,99,1.8
3996.0,0.003,395,99,1.8
3996.5,0.003,395,98,1.2000000000000002
3997.0,0.005,395,98,1.8
3997.5,0.005,395,98,1.2000000000000002
3998.0,0.002,396,98,0.6000000000000001
3998.5,0.005,396,98,0.0
3999.0,0.005,396,98,0.0
3999.5,0.003,397,98,0.0
4000.0,0.005,397,98,0.0
4000.5,0.006,397,98,0.0
4001.0,0.003,398,98,0.0
4001.5,0.006,398,98,0.0
4002.0,0.003,398,98,0.0
4002.5,0.005,398,99,0.0
4003.0,0.006,399,99,0.0
4003.5,0.006,399,99,0.6000000000000001
4004.0,0.003,399,100,0.6000000000000001
4004.5,0.005,400,100,0.6000000000000001
4005.0,0.005,400,101,0.6000000000000001
4005.5,0.006,400,101,0.6000000000000001
4006.0,0.005,401,101,0.6000000000000001
4006.5,0.006,401,100,0.6000000000000001
4007.0,0.005,401,100,0.6000000000000001
4007.5,0.006,401,100,0.6000000000000001
4008.0,0.003,402,100,1.2000000000000002
4008.5,0.006,402,99,3.0
4009.0,0.006,402,99,3.6
4009.5,0.005,403,100,4.2
4010.0,0.003,403,100,4.2
4010.5,0.005,403,100,3.6
4011.0,0.003,404,99,3.6
4011.5,0.005,404,99,3.0
4012.0,0.003,404,99,3.0
4012.5,0.003,404,98,3.6
4013.0,0.002,405,98,3.6
4013.5,0.005,405,98,4.2
4014.0,0.005,405,99,3.6
4014.5,0.005,406,99,4.2
4015.0,0.005,406,99,4.800000000000001
4015.5,0.003,406,100,4.800000000000001
4016.0,0.003,407,100,4.2
4016.5,0.005,407,100,4.2
4017.0,0.003,407,100,3.6
4017.5,0.006,407,99,3.6
4018.0,0.006,408,99,3.6
4018.5,0.003,408,99,4.2
4019.0,0.003,408,99,4.800000000000001
4019.5,0.006,409,99,4.2
4020.0,0.005,409,100,4.2
4020.5,0.006,409,100,4.2
4021.0,0.005,410,100,4.2
4021.5,0.006,410,100,3.6
4022.0,0.003,410,100,3.0
4022.5,0.008,410,100,3.0
4023.0,0.006,411,100,3.0
4023.5,0.006,411,100,3.0
4024.0,0.006,411,100,3.6
4024.5,0.005,412,100,3.6
4025.0,0.005,412,100,3.0
4025.5,0.006,412,100,2.4000000000000004
4026.0,0.006,413,101,1.8
4026.5,0.008,413,101,1.8
4027.0,0.005,413,100,1.8
4027.5,0.005,414,100,1.8
4028.0,0.002,414,99,1.8
4028.5,0.006,414,99,1.8
4029.0,0.003,414,98,1.8
4029.5,0.003,415,98,1.8
4030.0,0.003,415,98,1.8
4030.5,0.005,415,98,0.6000000000000001
4031.0,0.003,416,98,0.6000000000000001
4031.5,0.008,416,98,0.0
4032.0,0.006,416,98,0.0
4032.5,0.005,416,98,0.0
4033.0,0.006,417,98,0.0
4033.5,0.005,417,98,0.0
4034.0,0.003,417,98,0.0
4034.5,0.006,418,98,0.0
4035.0,0.006,418,98,0.0
4035.5,0.006,418,99,0.0
4036.0,0.008,418,99,0.0
4036.5,0.005,419,100,0.6000000000000001
4037.0,0.003,419,101,0.6000000000000001
4037.5,0.003,419,101,0.6000000000000001
4038.0,0.006,420,101,0.6000000000000001
4038.5,0.005,420,101,0.6000000000000001
4039.0,0.008,420,100,0.6000000000000001
4039.5,0.005,421,100,0.6000000000000001
4040.0,0.005,421,100,0.6000000000000001
4040.5,0.005,421,100,0.6000000000000001
4041.0,0.006,422,99,1.8
4041.5,0.003,422,99,3.6
4042.0,0.006,422,100,4.2
4042.5,0.003,422,100,4.2
4043.0,0.005,423,100,4.2
4043.5,0.005,423,100,3.6
4044.0,0.005,423,99,3.6
4044.5,0.003,424,99,3.0
4045.0,0.005,424,99,3.6
4045.5,0.003,424,99,3.6
4046.0,0.005,425,99,3.6
4046.5,0.003,425,99,4.2
4047.0,0.006,425,100,4.2
4047.5,0.003,425,100,4.800000000000001
4048.0,0.006,426,100,4.800000000000001
4048.5,0.006,426,100,4.800000000000001
4049.0,0.005,426,100,4.2
4049.5,0.003,427,100,3.6
4050.0,0.006,427,100,3.6
4050.5,0.003,427,100,3.6
4051.0,0.006,428,100,4.2
4051.5,0.005,428,100,4.2
4052.0,0.005,428,100,3.6
4052.5,0.005,428,100,3.6
4053.0,0.006,429,100,3.6
4053.5,0.005,429,100,3.6
4054.0,0.006,429,100,3.6
4054.5,0.003,430,100,3.0
4055.0,0.003,430,100,3.0
4055.5,0.003,430,100,3.0
4056.0,0.006,431,101,3.0
4056.5,0.003,431,100,3.6
4057.0,0.006,431,100,3.6
4057.5,0.005,432,100,2.4000000000000004
4058.0,0.003,432,100,2.4000000000000004
4058.5,0.003,432,100,1.8
4059.0,0.006,432,101,1.8
4059.5,0.005,433,100,1.8
4060.0,0.005,433,100,1.8
4060.5,0.005,433,99,1.8
4061.0,0.008,435,97,0.6000000000000001
4061.5,0.005,435,97,0.6000000000000001
4062.0,0.003,435,97,0.0
4062.5,0.003,436,97,0.0
4063.0,0.005,436,98,0.0
4063.5,0.006,436,98,0.0
4064.0,0.005,437,97,0.0
4064.5,0.003,437,98,0.0
4065.0,0.003,437,97,0.0
4065.5,0.005,437,97,0.0
4066.0,0.005,438,98,0.0
4066.5,0.005,438,99,0.0
4067.0,0.005,438,99,0.6000000000000001
4067.5,0.005,439,99,0.6000000000000001
4068.0,0.005,439,100,0.6000000000000001
4068.5,0.005,439,100,0.6000000000000001
4069.0,0.006,440,100,0.6000000000000001
4069.5,0.005,440,100,0.6000000000000001
4070.0,0.005,440,100,0.6000000000000001
4070.5,0.005,440,100,0.6000000000000001
4071.0,0.006,441,99,0.6000000000000001
4071.5,0.006,441,99,1.2000000000000002
4072.0,0.006,441,99,3.6
4072.5,0.005,442,99,4.2
4073.0,0.005,442,100,4.2
4073.5,0.006,442,100,4.2
4074.0,0.005,443,100,3.6
4074.5,0.006,443,99,3.6
4075.0,0.005,443,99,3.6
4075.5,0.003,443,99,3.6
4076.0,0.005,444,99,3.6
4076.5,0.006,444,99,3.6
4077.0,0.003,444,99,4.2
4077.5,0.006,445,99,3.6
4078.0,0.003,445,99,4.2
4078.5,0.005,445,100,4.800000000000001
4079.0,0.005,446,100,4.800000000000001
4079.5,0.006,446,100,4.800000000000001
4080.0,0.003,446,100,4.2
4080.5,0.006,446,100,3.6
4081.0,0.005,447,100,3.6
4081.5,0.006,447,100,3.6
4082.0,0.003,447,100,4.2
4082.5,0.005,448,100,4.2
4083.0,0.005,448,100,3.6
4083.5,0.006,448,100,4.2
4084.0,0.005,449,100,4.2
4084.5,0.006,449,100,3.6
4085.0,0.005,449,100,3.6
4085.5,0.005,449,100,3.0
4086.0,0.006,450,100,3.0
4086.5,0.005,451,100,3.0
4087.0,0.008,451,100,2.4000000000000004
4087.5,0.006,452,101,2.4000000000000004
4088.0,0.008,452,101,1.8
4088.5,0.005,452,101,1.8
4089.0,0.006,452,100,1.8
4089.5,0.005,453,100,1.8
4090.0,0.006,453,99,1.8
4090.5,0.005,453,99,1.8
4091.0,0.008,454,98,1.8
4091.5,0.005,454,97,1.8
4092.0,0.002,454,97,1.2000000000000002
4092.5,0.005,455,97,0.6000000000000001
4093.0,0.006,455,98,0.0
4093.5,0.005,455,97,0.0
4094.0,0.005,455,98,0.0
4094.5,0.005,456,98,0.0
4095.0,0.005,456,98,0.0
4095.5,0.005,456,98,0.0
4096.0,0.006,457,98,0.0
4096.5,0.006,457,98,0.0
4097.0,0.005,457,98,0.0
4097.5,0.006,457,99,0.0
4098.0,0.005,458,99,0.6000000000000001
4098.5,0.006,458,100,0.6000000000000001
4099.0,0.006,458,100,0.6000000000000001
4099.5,0.006,459,101,0.6000000000000001
4100.0,0.005,459,101,0.6000000000000001
4100.5,0.006,459,101,0.6000000000000001
4101.0,0.003,460,100,0.6000000000000001
4101.5,0.008,460,100,0.6000000000000001
4102.0,0.006,460,100,0.0
4102.5,0.006,460,100,1.2000000000000002
4103.0,0.003,461,99,2.4000000000000004
4103.5,0.006,461,99,3.6
4104.0,0.005,461,100,4.2
4104.5,0.005,462,100,4.2
4105.0,0.005,462,100,3.6
4105.5,0.005,462,100,3.6
4106.0,0.005,463,99,3.6
4106.5,0.005,463,99,3.0
4107.0,0.005,463,99,3.6
4107.5,0.005,463,99,3.6
4108.0,0.005,464,99,3.6
4108.5,0.003,464,99,3.6
4109.0,0.005,464,100,4.2
4109.5,0.003,465,100,4.800000000000001
4110.0,0.003,465,100,4.800000000000001
4110.5,0.003,465,100,4.800000000000001
4111.0,0.003,466,100,4.2
4111.5,0.005,466,100,3.6
4112.0,0.005,466,100,3.6
4112.5,0.005,467,100,3.6
4113.0,0.003,467,100,4.2
4113.5,0.003,467,100,4.2
4114.0,0.003,467,100,3.6
4114.5,0.005,468,100,3.6
4115.0,0.005,468,100,4.2
4115.5,0.005,468,100,3.6
4116.0,0.005,469,100,3.6
4116.5,0.005,469,100,3.6
4117.0,0.005,469,100,3.0
4117.5,0.003,470,101,3.0
4118.0,0.005,470,101,3.6
4118.5,0.006,470,100,3.6
4119.0,0.005,470,100,3.6
4119.5,0.006,471,100,2.4000000000000004
4120.0,0.005,471,100,2.4000000000000004
4120.5,0.005,471,101,1.8
4121.0,0.003,472,101,1.8
4121.5,0.006,472,101,1.8
4122.0,0.005,472,100,1.8
4122.5,0.003,473,99,1.8
4123.0,0.003,473,99,1.8
4123.5,0.003,473,98,1.8
4124.0,0.003,473,98,1.8
4124.5,0.006,474,97,1.8
4125.0,0.003,474,97,0.6000000000000001
4125.5,0.002,474,97,0.0
4126.0,0.003,475,97,0.0
4126.5,0.005,475,98,0.0
4127.0,0.003,475,98,0.0
4127.5,0.005,475,98,0.0
4128.0,0.003,476,98,0.0
4128.5,0.002,476,98,0.0
4129.0,0.005,476,98,0.0
4129.5,0.002,477,98,0.0
4130.0,0.003,477,99,0.0
4130.5,0.005,477,99,0.0
4131.0,0.003,478,99,0.6000000000000001
4131.5,0.006,478,100,0.6000000000000001
4132.0,0.006,478,100,0.6000000000000001
4132.5,0.005,478,101,0.6000000000000001
4133.0,0.003,479,100,0.6000000000000001
4133.5,0.005,479,100,0.6000000000000001
4134.0,0.003,479,100,0.6000000000000001
4134.5,0.003,480,100,0.0
4135.0,0.005,480,100,0.6000000000000001
4135.5,0.005,480,99,2.4000000000000004
4136.0,0.005,481,99,3.6
4136.5,0.005,481,100,4.2
4137.0,0.005,481,100,4.2
4137.5,0.003,482,100,3.6
4138.0,0.005,482,100,3.6
4138.5,0.003,482,100,3.0
4139.0,0.003,482,99,3.0
4139.5,0.005,483,99,3.0
4140.0,0.005,483,99,3.6
4140.5,0.003,483,99,3.6
4141.0,0.005,484,99,4.2
4141.5,0.005,484,100,4.2
4142.0,0.005,484,100,4.800000000000001
4142.5,0.003,485,100,4.800000000000001
4143.0,0.003,485,100,4.800000000000001
4143.5,0.002,485,101,4.2
4144.0,0.006,485,100,3.6
4144.5,0.003,486,100,3.6
4145.0,0.003,486,100,3.6
4145.5,0.005,486,100,3.6
4146.0,0.005,487,100,4.2
4146.5,0.003,487,100,3.6
4147.0,0.006,487,99,3.6
4147.5,0.005,487,100,3.6
4148.0,0.005,488,101,3.6
4148.5,0.005,488,100,3.6
4149.0,0.005,488,101,3.0
4149.5,0.003,489,100,3.0
4150.0,0.01,489,100,3.0
4150.5,0.002,489,101,3.0
4151.0,0.005,490,101,3.6
4151.5,0.005,490,100,3.6
4152.0,0.006,490,100,3.0
4152.5,0.005,491,100,2.4000000000000004
4153.0,0.008,491,101,1.8
4153.5,0.005,491,101,1.8
4154.0,0.006,491,101,1.8
4154.5,0.005,492,100,1.8
4155.0,0.005,492,99,1.8
4155.5,0.003,492,99,1.8
4156.0,0.008,493,99,1.8
4156.5,0.003,493,98,1.8
4157.0,0.006,493,98,1.8
4157.5,0.006,494,98,1.2000000000000002
4158.0,0.005,494,98,0.0
4158.5,0.003,494,98,0.0
4159.0,0.006,494,98,0.0
4159.5,0.002,495,98,0.0
4160.0,0.005,495,98,0.0
4160.5,0.003,495,98,0.0
4161.0,0.005,496,98,0.0
4161.5,0.003,496,98,0.0
4162.0,0.008,496,98,0.0
4162.5,0.005,496,99,0.0
4163.0,0.005,497,99,0.0
4163.5,0.006,497,99,0.6000000000000001
4164.0,0.006,497,100,0.6000000000000001
4164.5,0.003,498,100,0.6000000000000001
4165.0,0.008,498,101,0.6000000000000001
4165.5,0.006,498,101,0.6000000000000001
4166.0,0.005,499,100,0.6000000000000001
4166.5,0.006,499,100,0.6000000000000001
4167.0,0.005,499,100,0.6000000000000001
4167.5,0.003,500,100,0.6000000000000001
4168.0,0.008,500,99,1.8
4168.5,0.006,500,99,3.6
4169.0,0.005,500,99,4.2
4169.5,0.008,501,100,4.2
4170.0,0.006,501,100,4.2
4170.5,0.006,501,100,3.6
4171.0,0.006,502,100,3.6
4171.5,0.006,502,99,3.0
4172.0,0.006,502,99,3.0
4172.5,0.01,502,99,3.6
4173.0,0.005,503,99,3.6
4173.5,0.005,503,99,3.6
4174.0,0.005,503,100,3.6
4174.5,0.006,504,99,4.2
4175.0,0.006,504,100,4.800000000000001
4175.5,0.006,504,100,4.800000000000001
4176.0,0.005,505,100,4.2
4176.5,0.005,505,100,4.2
4177.0,0.003,505,100,3.6
4177.5,0.005,506,100,3.6
4178.0,0.006,506,100,4.2
4178.5,0.008,506,100,4.2
4179.0,0.003,506,100,4.2
4179.5,0.006,507,100,3.6
4180.0,0.003,507,100,4.2
4180.5,0.008,507,100,4.2
4181.0,0.005,508,100,3.6
4181.5,0.006,508,100,3.6
4182.0,0.006,508,100,3.0
4182.5,0.005,509,101,3.0
4183.0,0.003,509,101,3.0
4183.5,0.006,509,101,3.6
4184.0,0.006,509,101,3.6
4184.5,0.008,510,100,3.0
4185.0,0.006,510,100,2.4000000000000004
4185.5,0.006,510,101,1.8
4186.0,0.005,511,101,1.8
4186.5,0.006,511,101,1.8
4187.0,0.006,511,101,1.8
4187.5,0.006,512,100,1.8
4188.0,0.005,512,99,1.8
4188.5,0.005,512,99,1.8
4189.0,0.003,512,99,1.8
4189.5,0.008,513,98,1.8
4190.0,0.006,513,98,1.2000000000000002
4190.5,0.008,513,98,0.6000000000000001
4191.0,0.005,514,98,0.0
4191.5,0.005,514,98,0.0
4192.0,0.003,514,98,0.0
4192.5,0.008,515,99,0.0
4193.0,0.005,515,98,0.0
4193.5,0.01,515,98,0.0
4194.0,0.005,515,98,0.0
4194.5,0.005,516,98,0.0
4195.0,0.005,516,98,0.0
4195.5,0.008,516,99,0.0
4196.0,0.003,517,99,0.6000000000000001
4196.5,0.01,517,100,0.6000000000000001
4197.0,0.005,517,100,0.6000000000000001
4197.5,0.006,518,101,0.6000000000000001
4198.0,0.005,518,101,0.6000000000000001
4198.5,0.005,518,100,0.6000000000000001
4199.0,0.006,518,100,0.6000000000000001
4199.5,0.008,519,99,0.6000000000000001
4200.0,0.006,519,100,0.6000000000000001
4200.5,0.005,519,99,1.2000000000000002
4201.0,0.003,520,99,3.0
4201.5,0.008,520,99,4.2
4202.0,0.006,520,99,4.2
4202.5,0.008,521,100,4.2
4203.0,0.006,521,100,3.6
4203.5,0.006,521,99,3.6
4204.0,0.005,521,99,3.6
4204.5,0.008,522,99,3.6
4205.0,0.006,522,99,3.6
4205.5,0.006,522,98,3.6
4206.0,0.006,523,99,4.2
4206.5,0.006,523,99,4.2
4207.0,0.006,524,100,5.4
4207.5,0.005,524,100,4.800000000000001
4208.0,0.006,524,100,4.2
4208.5,0.005,525,100,4.2
4209.0,0.006,525,100,3.6
4209.5,0.006,525,100,3.6
4210.0,0.006,526,100,4.2
4210.5,0.005,526,100,4.2
4211.0,0.006,526,100,4.2
4211.5,0.006,526,100,4.2
4212.0,0.006,527,100,4.2
4212.5,0.006,527,100,4.2
4213.0,0.006,527,100,3.6
4213.5,0.005,528,100,3.6
4214.0,0.006,528,100,3.0
4214.5,0.008,528,101,3.0
4215.0,0.01,529,101,3.6
4215.5,0.008,529,100,3.6
4216.0,0.006,529,101,3.6
4216.5,0.006,530,100,2.4000000000000004
4217.0,0.008,530,101,2.4000000000000004
4217.5,0.006,530,101,1.8
4218.0,0.01,530,101,1.8
4218.5,0.006,531,101,1.8
4219.0,0.008,531,100,1.8
4219.5,0.006,531,99,1.8
4220.0,0.006,532,99,1.8
4220.5,0.006,532,98,1.8
4221.0,0.008,532,98,1.8
4221.5,0.006,533,98,1.8
4222.0,0.008,533,98,0.6000000000000001
4222.5,0.006,533,98,0.0
4223.0,0.006,533,98,0.0
4223.5,0.006,534,98,0.0
4224.0,0.008,534,98,0.0
4224.5,0.005,534,98,0.0
4225.0,0.006,535,98,0.0
4225.5,0.005,535,98,0.0
4226.0,0.006,535,98,0.0
4226.5,0.006,535,98,0.0
4227.0,0.01,536,99,0.0
4227.5,0.006,536,99,0.6000000000000001
4228.0,0.006,536,100,0.6000000000000001
4228.5,0.006,537,100,0.6000000000000001
4229.0,0.006,537,101,0.6000000000000001
4229.5,0.006,537,101,0.6000000000000001
4230.0,0.008,538,100,0.6000000000000001
4230.5,0.006,538,100,0.6000000000000001
4231.0,0.008,538,100,0.6000000000000001
4231.5,0.006,539,100,0.6000000000000001
4232.0,0.01,539,100,0.6000000000000001
4232.5,0.008,541,99,3.0
4233.0,0.01,541,99,3.6
4233.5,0.006,542,99,3.6
4234.0,0.008,542,99,3.6
4234.5,0.008,542,99,4.2
4235.0,0.008,543,100,4.2
4235.5,0.008,543,100,4.800000000000001
4236.0,0.008,543,100,4.800000000000001
4236.5,0.006,544,100,4.2
4237.0,0.008,544,100,4.2
4237.5,0.006,544,100,3.6
4238.0,0.005,545,100,3.6
4238.5,0.006,545,100,3.6
4239.0,0.006,545,100,4.2
4239.5,0.006,545,100,4.2
4240.0,0.01,546,100,4.2
4240.5,0.006,546,100,4.2
4241.0,0.005,546,100,4.2
4241.5,0.006,547,100,3.6
4242.0,0.008,547,101,3.6
4242.5,0.006,547,101,3.6
4243.0,0.008,548,101,3.0
4243.5,0.006,548,100,3.0
4244.0,0.006,548,101,3.0
4244.5,0.01,548,100,3.6
4245.0,0.008,549,101,3.6
4245.5,0.006,549,100,2.4000000000000004
4246.0,0.01,549,101,2.4000000000000004
4246.5,0.006,550,101,1.8
4247.0,0.01,550,101,1.8
4247.5,0.01,550,101,1.8
4248.0,0.008,551,100,1.8
4248.5,0.008,551,100,1.8
4249.0,0.011,551,99,1.8
4249.5,0.008,551,99,1.8
4250.0,0.01,552,98,1.8
4250.5,0.008,552,98,1.8
4251.0,0.008,552,98,1.2000000000000002
4251.5,0.006,553,98,0.6000000000000001
4252.0,0.01,553,98,0.0
4252.5,0.008,553,98,0.0
4253.0,0.008,554,98,0.0
4253.5,0.008,554,98,0.0
4254.0,0.01,554,98,0.6000000000000001
4254.5,0.006,555,98,0.0
4255.0,0.008,555,98,0.0
4255.5,0.008,555,98,0.0
4256.0,0.008,555,99,0.0
4256.5,0.01,556,99,0.0
4257.0,0.008,556,99,0.6000000000000001
4257.5,0.008,556,100,0.6000000000000001
4258.0,0.01,557,100,0.6000000000000001
4258.5,0.008,557,101,0.6000000000000001
4259.0,0.01,557,101,0.6000000000000001
4259.5,0.006,557,100,0.6000000000000001
4260.0,0.008,558,100,0.6000000000000001
4260.5,0.006,558,100,0.6000000000000001
4261.0,0.01,558,100,0.6000000000000001
4261.5,0.01,559,99,2.4000000000000004
4262.0,0.01,559,99,3.6
4262.5,0.008,559,100,4.2
4263.0,0.008,560,100,4.2
4263.5,0.008,560,100,4.2
4264.0,0.01,560,100,3.6
4264.5,0.008,560,100,3.6
4265.0,0.01,561,99,3.6
4265.5,0.01,561,99,3.6
4266.0,0.01,561,99,3.6
4266.5,0.008,562,99,3.6
4267.0,0.01,562,99,4.2
4267.5,0.011,562,100,4.2
4268.0,0.01,563,100,4.800000000000001
4268.5,0.01,563,100,4.800000000000001
4269.0,0.01,563,100,4.800000000000001
4269.5,0.008,563,101,4.2
4270.0,0.01,564,100,3.6
4270.5,0.01,564,100,3.6
4271.0,0.005,564,100,3.6
4271.5,0.006,565,100,3.6
4272.0,0.008,565,100,4.2
4272.5,0.006,565,100,4.2
4273.0,0.008,566,100,3.6
4273.5,0.01,566,100,4.2
4274.0,0.008,566,101,3.6
4274.5,0.008,566,100,3.6
4275.0,0.008,567,101,3.0
4275.5,0.008,567,101,3.0
4276.0,0.008,567,100,3.0
4276.5,0.008,568,101,3.0
4277.0,0.006,568,101,3.0
4277.5,0.008,568,100,3.6
4278.0,0.008,569,100,3.0
4278.5,0.008,569,100,2.4000000000000004
4279.0,0.01,569,101,1.8
4279.5,0.008,569,101,1.8
4280.0,0.006,570,101,1.8
4280.5,0.008,570,100,1.8
4281.0,0.01,570,99,1.8
4281.5,0.008,571,99,1.8
4282.0,0.008,571,99,1.8
4282.5,0.01,571,98,1.8
4283.0,0.008,572,98,1.8
4283.5,0.011,572,98,1.2000000000000002
4284.0,0.01,572,98,0.6000000000000001
4284.5,0.006,573,98,0.0
4285.0,0.006,573,98,0.0
4285.5,0.01,573,98,0.0
4286.0,0.006,573,98,0.0
4286.5,0.008,574,98,0.0
4287.0,0.008,574,98,0.0
4287.5,0.008,574,98,0.0
4288.0,0.006,575,98,0.0
4288.5,0.008,575,98,0.0
4289.0,0.006,575,99,0.0
4289.5,0.008,575,99,0.6000000000000001
4290.0,0.006,576,100,0.6000000000000001
4290.5,0.008,576,101,0.6000000000000001
4291.0,0.008,576,101,0.6000000000000001
4291.5,0.01,577,101,0.6000000000000001
4292.0,0.008,577,101,0.6000000000000001
4292.5,0.008,577,100,0.6000000000000001
4293.0,0.008,578,100,0.6000000000000001
4293.5,0.006,578,100,0.6000000000000001
4294.0,0.008,578,99,1.8
4294.5,0.01,579,99,3.6
4295.0,0.006,579,100,4.2
4295.5,0.008,579,100,4.2
4296.0,0.008,579,100,3.6
4296.5,0.008,580,100,3.6
4297.0,0.006,580,100,3.6
4297.5,0.01,580,99,3.6
4298.0,0.006,581,99,3.0
4298.5,0.01,581,99,3.6
4299.0,0.01,581,99,3.6
4299.5,0.008,581,99,4.2
4300.0,0.008,582,100,4.2
4300.5,0.01,582,100,4.800000000000001
4301.0,0.008,582,100,4.800000000000001
4301.5,0.01,583,100,4.800000000000001
4302.0,0.008,583,100,4.2
4302.5,0.008,583,100,3.6
4303.0,0.005,584,100,3.6
4303.5,0.008,584,100,3.6
4304.0,0.008,584,100,3.6
4304.5,0.01,584,100,4.2
4305.0,0.006,585,100,3.6
4305.5,0.006,585,100,3.6
4306.0,0.005,585,100,3.6
4306.5,0.008,586,100,3.6
4307.0,0.006,586,101,3.6
4307.5,0.01,586,101,3.6
4308.0,0.008,587,100,3.0
4308.5,0.006,587,101,3.0
4309.0,0.006,587,101,3.0
4309.5,0.01,588,101,3.6
4310.0,0.006,588,101,3.6
4310.5,0.01,588,101,3.0
4311.0,0.01,588,101,2.4000000000000004
4311.5,0.006,589,101,1.8
4312.0,0.006,589,102,1.8
4312.5,0.01,589,101,1.8
4313.0,0.006,590,101,1.8
4313.5,0.01,590,100,1.2000000000000002
4314.0,0.01,590,100,1.2000000000000002
4314.5,0.006,591,99,1.2000000000000002
4315.0,0.006,591,99,1.8
4315.5,0.01,591,98,1.8
4316.0,0.008,591,98,1.2000000000000002
4316.5,0.006,592,98,0.6000000000000001
4317.0,0.01,592,98,0.0
4317.5,0.006,592,98,0.0
4318.0,0.005,593,98,0.0
4318.5,0.008,593,98,0.0
4319.0,0.008,593,98,0.0
4319.5,0.005,594,98,0.0
4320.0,0.008,594,98,0.0
4320.5,0.006,594,98,0.0
4321.0,0.005,594,98,0.0
4321.5,0.005,595,99,0.0
4322.0,0.008,595,99,0.6000000000000001
4322.5,0.008,595,100,0.6000000000000001
4323.0,0.008,596,100,0.6000000000000001
4323.5,0.006,596,101,0.6000000000000001
4324.0,0.005,596,101,0.6000000000000001
4324.5,0.006,597,101,0.6000000000000001
4325.0,0.006,597,100,0.6000000000000001
4325.5,0.006,597,100,0.6000000000000001
4326.0,0.008,597,100,0.6000000000000001
4326.5,0.008,598,100,1.8
4327.0,0.006,598,99,3.0
4327.5,0.008,598,99,3.6
4328.0,0.008,599,100,4.2
4328.5,0.006,599,100,3.6
4329.0,0.008,599,100,3.6
4329.5,0.006,600,100,3.0
4330.0,0.006,600,99,3.0
4330.5,0.008,600,99,3.0
4331.0,0.01,600,99,3.0
4331.5,0.006,601,99,3.6
4332.0,0.01,601,99,3.6
4332.5,0.008,601,99,3.6
4333.0,0.008,602,100,4.2
4333.5,0.008,602,100,4.800000000000001
4334.0,0.008,602,100,4.800000000000001
4334.5,0.006,603,100,4.2
4335.0,0.008,603,100,4.2
4335.5,0.008,603,100,3.6
4336.0,0.008,603,100,3.6
4336.5,0.006,604,100,3.6
4337.0,0.008,604,100,4.2
4337.5,0.005,604,100,4.2
4338.0,0.006,605,99,3.6
4338.5,0.006,605,100,4.2
4339.0,0.008,605,100,3.6
4339.5,0.008,606,100,3.6
4340.0,0.008,606,101,3.6
4340.5,0.006,606,101,3.0
4341.0,0.008,606,100,3.0
4341.5,0.008,607,101,3.0
4342.0,0.008,607,100,3.0
4342.5,0.006,607,100,3.0
4343.0,0.006,608,100,3.0
4343.5,0.006,608,100,2.4000000000000004
4344.0,0.01,608,100,1.8
4344.5,0.008,609,101,1.8
4345.0,0.006,609,101,1.8
4345.5,0.006,609,100,1.8
4346.0,0.006,609,100,1.2000000000000002
4346.5,0.005,610,99,1.8
4347.0,0.01,610,99,1.8
4347.5,0.008,610,98,1.8
4348.0,0.006,611,98,1.8
4348.5,0.008,611,98,1.2000000000000002
4349.0,0.01,611,98,0.6000000000000001
4349.5,0.006,612,98,0.0
4350.0,0.01,612,98,0.0
4350.5,0.01,612,98,0.0
4351.0,0.006,613,98,0.0
4351.5,0.006,613,98,0.0
4352.0,0.006,615,100,0.6000000000000001
4352.5,0.008,616,101,0.6000000000000001
4353.0,0.006,616,100,0.6000000000000001
4353.5,0.008,616,100,0.6000000000000001
4354.0,0.01,617,100,0.6000000000000001
4354.5,0.006,617,99,0.6000000000000001
4355.0,0.005,617,99,1.2000000000000002
4355.5,0.008,618,99,2.4000000000000004
4356.0,0.006,618,99,3.6
4356.5,0.008,618,99,4.2
4357.0,0.01,618,100,4.2
4357.5,0.01,619,99,3.6
4358.0,0.008,619,99,3.6
4358.5,0.008,619,99,3.6
4359.0,0.006,620,98,3.6
4359.5,0.01,620,98,3.6
4360.0,0.008,620,98,3.6
4360.5,0.01,621,98,3.6
4361.0,0.01,621,99,4.2
4361.5,0.01,621,99,4.2
4362.0,0.006,621,99,4.800000000000001
4362.5,0.01,622,100,4.800000000000001
4363.0,0.01,622,100,4.800000000000001
4363.5,0.006,622,100,4.2
4364.0,0.006,623,100,4.2
4364.5,0.006,623,100,3.6
4365.0,0.008,623,100,3.6
4365.5,0.008,623,100,4.2
4366.0,0.008,624,100,4.2
4366.5,0.006,624,100,3.6
4367.0,0.005,624,99,4.2
4367.5,0.006,625,100,4.2
4368.0,0.006,625,100,3.6
4368.5,0.008,625,100,3.6
4369.0,0.008,626,101,3.0
4369.5,0.008,626,101,3.0
4370.0,0.005,626,100,3.0
4370.5,0.008,627,101,3.0
4371.0,0.01,627,101,3.0
4371.5,0.01,627,100,3.6
4372.0,0.008,628,100,3.0
4372.5,0.008,628,100,2.4000000000000004
4373.0,0.008,628,101,1.8
4373.5,0.008,628,101,1.8
4374.0,0.008,629,101,1.8
4374.5,0.01,629,100,1.8
4375.0,0.006,629,99,1.8
4375.5,0.006,630,99,1.8
4376.0,0.006,630,99,1.8
4376.5,0.008,630,98,1.8
4377.0,0.008,630,98,1.8
4377.5,0.006,632,98,0.0
4378.0,0.008,632,98,0.0
4378.5,0.008,633,98,0.0
4379.0,0.005,633,98,0.0
4379.5,0.006,633,98,0.0
4380.0,0.008,634,99,0.0
4380.5,0.006,634,99,0.0
4381.0,0.005,634,99,0.6000000000000001
4381.5,0.01,635,100,0.6000000000000001
4382.0,0.005,635,100,0.6000000000000001
4382.5,0.008,635,100,0.6000000000000001
4383.0,0.008,636,101,0.6000000000000001
4383.5,0.005,636,100,0.6000000000000001
4384.0,0.005,636,100,0.6000000000000001
4384.5,0.008,636,100,0.6000000000000001
4385.0,0.005,637,100,0.6000000000000001
4385.5,0.008,637,99,1.8
4386.0,0.006,637,99,3.6
4386.5,0.006,638,99,4.2
4387.0,0.006,638,100,4.2
4387.5,0.008,638,100,4.2
4388.0,0.006,638,100,3.6
4388.5,0.008,639,99,3.6
4389.0,0.006,639,99,3.6
4389.5,0.008,639,99,3.6
4390.0,0.006,640,98,3.6
4390.5,0.008,640,98,3.6
4391.0,0.008,640,99,4.2
4391.5,0.01,641,99,4.2
4392.0,0.006,641,99,4.800000000000001
4392.5,0.008,641,99,4.800000000000001
4393.0,0.005,642,100,4.800000000000001
4393.5,0.008,642,100,4.2
4394.0,0.006,642,100,4.2
4394.5,0.013,642,99,4.2
4395.0,0.003,643,99,4.2
4395.5,0.006,643,99,4.2
4396.0,0.008,643,99,4.800000000000001
4396.5,0.006,644,99,4.2
4397.0,0.006,644,99,4.2
4397.5,0.01,644,99,4.2
4398.0,0.003,644,100,4.2
4398.5,0.006,645,100,3.6
4399.0,0.006,645,100,3.6
4399.5,0.006,645,100,3.6
4400.0,0.006,646,100,3.6
4400.5,0.008,646,100,3.6
4401.0,0.006,646,100,3.6
4401.5,0.005,647,100,3.6
4402.0,0.005,647,100,3.6
4402.5,0.008,647,100,3.0
4403.0,0.006,647,100,2.4000000000000004
4403.5,0.008,648,101,1.8
4404.0,0.006,648,101,1.8
4404.5,0.006,648,100,1.8
4405.0,0.006,649,100,1.8
4405.5,0.008,649,99,1.8
4406.0,0.005,649,99,1.8
4406.5,0.006,650,98,1.8
4407.0,0.006,650,98,1.8
4407.5,0.008,650,98,1.2000000000000002
4408.0,0.006,651,98,0.6000000000000001
4408.5,0.006,651,98,0.0
4409.0,0.006,651,98,0.0
4409.5,0.005,651,98,0.0
4410.0,0.006,652,98,0.0
4410.5,0.006,652,98,0.0
4411.0,0.006,652,97,0.0
4411.5,0.006,653,98,0.0
4412.0,0.005,653,98,0.0
4412.5,0.006,653,98,0.0
4413.0,0.006,653,99,0.0
4413.5,0.006,654,99,0.6000000000000001
4414.0,0.005,654,99,0.6000000000000001
4414.5,0.003,654,100,0.6000000000000001
4415.0,0.005,655,100,0.6000000000000001
4415.5,0.005,655,100,0.6000000000000001
4416.0,0.006,655,100,0.6000000000000001
4416.5,0.005,656,100,0.6000000000000001
4417.0,0.005,656,99,0.6000000000000001
4417.5,0.005,656,100,0.6000000000000001
4418.0,0.005,657,99,1.2000000000000002
4418.5,0.003,657,99,3.0
4419.0,0.006,657,99,3.6
4419.5,0.005,657,99,4.2
4420.0,0.005,658,100,4.2
4420.5,0.006,658,100,3.6
4421.0,0.005,658,99,3.6
4421.5,0.005,659,99,3.6
4422.0,0.006,659,98,3.6
4422.5,0.005,659,98,3.6
4423.0,0.003,659,98,3.6
4423.5,0.005,660,98,4.2
4424.0,0.005,660,99,4.2
4424.5,0.005,660,99,4.2
4425.0,0.006,661,99,4.800000000000001
4425.5,0.006,661,100,4.800000000000001
4426.0,0.005,661,100,4.800000000000001
4426.5,0.006,662,100,4.2
4427.0,0.005,662,100,4.2
4427.5,0.003,662,100,3.6
4428.0,0.006,662,100,4.2
4428.5,0.006,663,100,4.2
4429.0,0.01,663,100,4.800000000000001
4429.5,0.006,663,100,4.2
4430.0,0.005,664,100,4.2
4430.5,0.003,664,100,4.2
4431.0,0.006,664,100,4.2
4431.5,0.005,665,100,3.6
4432.0,0.005,665,100,3.6
4432.5,0.003,665,100,3.0
4433.0,0.002,666,101,3.0
4433.5,0.006,666,100,3.6
4434.0,0.006,666,100,3.6
4434.5,0.005,666,100,3.6
4435.0,0.005,667,100,3.0
4435.5,0.006,667,100,2.4000000000000004
4436.0,0.003,667,101,1.8
4436.5,0.003,668,101,1.8
4437.0,0.006,668,101,1.8
4437.5,0.005,668,100,1.8
4438.0,0.006,668,99,1.8
4438.5,0.005,669,99,1.8
4439.0,0.003,669,98,1.8
4439.5,0.002,669,98,1.8
4440.0,0.006,670,98,1.8
4440.5,0.006,670,98,1.2000000000000002
4441.0,0.005,670,98,0.6000000000000001
4441.5,0.006,671,98,0.0
4442.0,0.005,671,98,0.0
4442.5,0.005,671,98,0.0
4443.0,0.006,671,99,0.0
4443.5,0.006,672,98,0.0
4444.0,0.003,672,99,0.0
4444.5,0.005,672,98,0.0
4445.0,0.005,673,99,0.0
4445.5,0.003,673,99,0.0
4446.0,0.003,673,99,0.0
4446.5,0.006,674,100,0.6000000000000001
4447.0,0.003,674,101,0.6000000000000001
4447.5,0.005,674,101,0.6000000000000001
4448.0,0.003,674,101,0.6000000000000001
4448.5,0.002,675,101,0.6000000000000001
4449.0,0.005,675,101,0.6000000000000001
4449.5,0.005,675,100,0.6000000000000001
4450.0,0.005,676,100,0.6000000000000001
4450.5,0.005,676,99,2.4000000000000004
4451.0,0.003,677,99,3.6
4451.5,0.003,677,100,4.2
4452.0,0.003,677,100,4.2
4452.5,0.002,677,100,3.6
4453.0,0.005,678,100,3.6
4453.5,0.003,678,100,3.6
4454.0,0.003,678,99,3.0
4454.5,0.005,679,99,3.0
4455.0,0.005,679,99,3.6
4455.5,0.003,679,99,3.6
4456.0,0.006,680,99,4.2
4456.5,0.005,680,100,4.2
4457.0,0.005,680,100,4.800000000000001
4457.5,0.003,681,100,4.800000000000001
4458.0,0.005,681,100,4.800000000000001
4458.5,0.005,681,100,4.2
4459.0,0.006,681,100,3.6
4459.5,0.003,682,100,3.6
4460.0,0.003,682,100,3.6
4460.5,0.005,682,100,4.2
4461.0,0.005,683,100,4.2
4461.5,0.002,683,100,4.2
4462.0,0.006,683,100,4.2
4462.5,0.003,684,100,4.2
4463.0,0.005,684,100,4.2
4463.5,0.003,684,100,3.6
4464.0,0.003,684,101,3.6
4464.5,0.002,685,101,3.0
4465.0,0.006,685,100,3.0
4465.5,0.003,685,101,3.0
4466.0,0.003,686,101,3.6
4466.5,0.005,686,101,3.6
4467.0,0.005,686,100,3.0
4467.5,0.005,687,101,2.4000000000000004
4468.0,0.005,687,101,1.8
4468.5,0.003,687,101,1.8
4469.0,0.005,687,101,1.8
4469.5,0.003,688,100,1.8
4470.0,0.005,688,100,1.8
4470.5,0.002,688,99,1.8
4471.0,0.006,689,99,1.8
4471.5,0.005,689,98,1.8
4472.0,0.003,689,98,1.8
4472.5,0.002,690,98,1.2000000000000002
4473.0,0.003,690,98,0.6000000000000001
4473.5,0.005,690,98,0.0
4474.0,0.006,690,98,0.0
4474.5,0.006,691,98,0.0
4475.0,0.003,691,98,0.0
4475.5,0.003,691,98,0.0
4476.0,0.005,692,98,0.0
4476.5,0.003,692,98,0.0
4477.0,0.006,692,98,0.0
4477.5,0.006,692,99,0.0
4478.0,0.003,693,99,0.0
4478.5,0.005,693,99,0.6000000000000001
4479.0,0.005,693,100,0.6000000000000001
4479.5,0.005,694,100,0.6000000000000001
4480.0,0.005,694,101,0.6000000000000001
4480.5,0.005,694,101,0.6000000000000001
4481.0,0.002,695,100,0.6000000000000001
4481.5,0.003,695,100,0.6000000000000001
4482.0,0.003,695,100,0.6000000000000001
4482.5,0.005,696,100,0.6000000000000001
4483.0,0.003,696,99,1.8
4483.5,0.005,696,99,3.0
4484.0,0.003,696,99,4.2
4484.5,0.005,697,100,4.2
4485.0,0.005,697,100,4.2
4485.5,0.006,697,100,3.6
4486.0,0.005,698,99,3.6
4486.5,0.005,698,99,3.0
4487.0,0.006,698,99,3.0
4487.5,0.008,699,99,3.6
4488.0,0.005,699,99,3.6
4488.5,0.005,699,99,4.2
4489.0,0.005,699,99,4.2
4489.5,0.005,700,99,4.800000000000001
4490.0,0.005,700,100,4.800000000000001
4490.5,0.006,700,100,4.800000000000001
4491.0,0.005,701,100,4.800000000000001
4491.5,0.006,701,100,4.2
4492.0,0.005,701,100,3.6
4492.5,0.005,701,100,3.6
4493.0,0.005,702,100,4.2
4493.5,0.006,702,100,4.2
4494.0,0.005,702,100,4.2
4494.5,0.005,703,100,4.2
4495.0,0.003,703,100,4.2
4495.5,0.005,703,100,4.2
4496.0,0.005,704,100,3.6
4496.5,0.005,704,100,3.6
4497.0,0.003,704,100,3.0
4497.5,0.006,705,100,3.0
4498.0,0.002,705,100,3.0
4498.5,0.003,705,101,3.6
4499.0,0.005,705,100,3.6
4499.5,0.005,706,100,3.0
4500.0,0.005,706,100,2.4000000000000004
4500.5,0.006,706,101,2.4000000000000004
4501.0,0.003,707,101,1.8
4501.5,0.005,707,101,1.8
4502.0,0.006,707,101,1.8
4502.5,0.006,708,100,1.8
4503.0,0.006,708,99,1.8
4503.5,0.005,708,99,1.8
4504.0,0.005,708,98,1.8
4504.5,0.006,709,98,1.8
4505.0,0.005,709,98,1.2000000000000002
4505.5,0.006,709,98,0.6000000000000001
4506.0,0.005,710,98,0.0
4506.5,0.005,710,98,0.0
4507.0,0.005,710,98,0.0
4507.5,0.005,710,99,0.0
4508.0,0.005,711,99,0.0
4508.5,0.008,711,98,0.0
4509.0,0.005,711,98,0.0
4509.5,0.005,712,98,0.0
4510.0,0.005,712,98,0.0
4510.5,0.006,712,100,0.0
4511.0,0.006,713,100,0.6000000000000001
4511.5,0.006,713,100,0.6000000000000001
4512.0,0.005,713,101,0.6000000000000001
4512.5,0.005,714,101,0.6000000000000001
4513.0,0.005,714,101,0.6000000000000001
4513.5,0.003,714,101,0.6000000000000001
4514.0,0.003,714,100,0.6000000000000001
4514.5,0.005,715,100,0.6000000000000001
4515.0,0.003,715,100,0.6000000000000001
4515.5,0.006,715,100,1.8
4516.0,0.005,716,99,3.0
4516.5,0.005,716,100,3.6
4517.0,0.005,716,100,4.2
4517.5,0.005,717,100,4.2
4518.0,0.005,717,100,3.6
4518.5,0.005,717,100,3.6
4519.0,0.005,717,99,3.6
4519.5,0.005,718,99,3.0
4520.0,0.005,718,99,3.0
4520.5,0.006,718,99,3.6
4521.0,0.006,719,99,4.2
4521.5,0.005,719,100,4.2
4522.0,0.005,719,100,4.2
4522.5,0.005,720,100,4.800000000000001
4523.0,0.003,720,100,4.800000000000001
4523.5,0.008,720,101,4.2
4524.0,0.006,720,101,4.2
4524.5,0.005,721,100,3.6
4525.0,0.006,721,100,3.6
4525.5,0.003,721,100,3.6
4526.0,0.005,722,100,4.2
4526.5,0.006,722,100,4.2
4527.0,0.006,722,100,3.6
4527.5,0.005,723,100,4.2
4528.0,0.006,723,100,4.2
4528.5,0.003,723,101,3.6
4529.0,0.003,724,101,3.6
4529.5,0.005,724,100,3.0
4530.0,0.006,724,101,3.0
4530.5,0.003,724,101,3.0
4531.0,0.003,725,101,3.0
4531.5,0.005,725,101,3.6
4532.0,0.003,725,100,3.0
4532.5,0.005,726,100,2.4000000000000004
4533.0,0.005,726,100,2.4000000000000004
4533.5,0.003,726,101,1.8
4534.0,0.005,727,101,1.8
4534.5,0.005,727,100,1.8
4535.0,0.005,727,100,1.8
4535.5,0.005,727,99,1.8
4536.0,0.005,728,99,1.8
4536.5,0.003,728,98,1.8
4537.0,0.005,728,98,1.8
4537.5,0.005,729,98,1.2000000000000002
4538.0,0.003,729,98,0.6000000000000001
4538.5,0.006,729,98,0.0
4539.0,0.006,730,98,0.0
4539.5,0.005,730,98,0.0
4540.0,0.008,730,98,0.0
4540.5,0.005,730,98,0.0
4541.0,0.006,731,98,0.0
4541.5,0.006,731,98,0.0
4542.0,0.006,731,98,0.0
4542.5,0.005,732,99,0.0
4543.0,0.01,732,99,0.0
4543.5,0.005,732,99,0.6000000000000001
4544.0,0.005,732,100,0.6000000000000001
4544.5,0.005,733,100,0.6000000000000001
4545.0,0.005,733,101,0.6000000000000001
4545.5,0.003,733,101,0.6000000000000001
4546.0,0.008,734,101,0.6000000000000001
4546.5,0.006,734,100,0.6000000000000001
4547.0,0.005,734,100,0.6000000000000001
4547.5,0.005,735,100,0.6000000000000001
4548.0,0.005,735,100,1.2000000000000002
4548.5,0.003,735,99,3.0
4549.0,0.005,735,99,3.6
4549.5,0.006,736,100,4.2
4550.0,0.006,736,101,4.2
4550.5,0.006,736,100,3.6
4551.0,0.005,737,100,3.6
4551.5,0.003,737,99,3.6
4552.0,0.006,737,99,3.6
4552.5,0.005,738,99,3.6
4553.0,0.005,738,99,3.6
4553.5,0.006,738,99,4.2
4554.0,0.006,739,100,4.2
4554.5,0.003,739,100,4.2
4555.0,0.008,739,100,4.800000000000001
4555.5,0.006,739,100,4.800000000000001
4556.0,0.005,740,100,4.2
4556.5,0.005,740,100,4.2
4557.0,0.005,740,100,3.6
4557.5,0.005,741,100,3.6
4558.0,0.006,741,100,3.6
4558.5,0.006,741,100,4.2
4559.0,0.008,742,100,4.2
4559.5,0.005,742,99,3.6
4560.0,0.006,742,100,4.2
4560.5,0.003,742,100,4.2
4561.0,0.006,743,100,3.6
4561.5,0.006,743,100,3.6
4562.0,0.006,743,100,3.0
4562.5,0.006,744,100,3.0
4563.0,0.005,744,100,3.0
4563.5,0.003,744,100,3.0
4564.0,0.005,745,100,3.6
4564.5,0.006,745,100,3.6
4565.0,0.005,745,100,2.4000000000000004
4565.5,0.005,745,100,2.4000000000000004
4566.0,0.003,746,100,1.8
4566.5,0.005,746,101,1.8
4567.0,0.008,746,100,1.8
4567.5,0.006,747,100,1.8
4568.0,0.005,747,99,1.8
4568.5,0.006,747,99,1.8
4569.0,0.005,748,98,1.8
4569.5,0.005,748,98,1.8
4570.0,0.005,748,98,1.8
4570.5,0.006,748,97,0.6000000000000001
4571.0,0.005,749,97,0.0
4571.5,0.006,749,98,0.0
4572.0,0.006,749,98,0.0
4572.5,0.005,750,98,0.0
4573.0,0.005,750,98,0.0
4573.5,0.008,750,98,0.0
4574.0,0.005,750,98,0.6000000000000001
4574.5,0.006,751,98,0.0
4575.0,0.005,751,98,0.0
4575.5,0.006,751,99,0.0
4576.0,0.008,752,99,0.0
4576.5,0.008,752,100,0.6000000000000001
4577.0,0.005,752,100,0.6000000000000001
4577.5,0.006,753,100,0.6000000000000001
4578.0,0.003,753,101,0.6000000000000001
4578.5,0.005,753,100,0.6000000000000001
4579.0,0.005,754,100,0.6000000000000001
4579.5,0.006,754,100,0.6000000000000001
4580.0,0.005,754,100,0.6000000000000001
4580.5,0.005,754,99,0.6000000000000001
4581.0,0.003,755,99,2.4000000000000004
4581.5,0.005,755,99,3.6
4582.0,0.005,755,99,4.2
4582.5,0.006,756,100,4.2
4583.0,0.003,756,100,4.2
4583.5,0.006,756,100,3.6
4584.0,0.005,756,99,3.6
4584.5,0.006,757,99,3.6
4585.0,0.005,757,99,3.6
4585.5,0.008,757,98,3.6
4586.0,0.005,758,98,3.6
4586.5,0.008,758,99,4.2
4587.0,0.005,758,99,4.2
4587.5,0.008,759,99,4.800000000000001
4588.0,0.005,759,100,4.800000000000001
4588.5,0.006,759,100,4.800000000000001
4589.0,0.006,759,100,4.2
4589.5,0.008,760,100,4.2
4590.0,0.006,760,100,3.6
4590.5,0.005,760,100,3.6
4591.0,0.005,761,100,4.2
4591.5,0.006,761,99,4.2
4592.0,0.005,761,100,4.2
4592.5,0.008,762,99,3.6
4593.0,0.008,762,100,4.2
4593.5,0.005,762,100,3.6
4594.0,0.003,763,100,3.6
4594.5,0.005,763,100,3.6
4595.0,0.003,763,101,3.0
4595.5,0.008,763,100,3.0
4596.0,0.006,764,100,3.0
4596.5,0.003,764,101,3.6
4597.0,0.005,764,100,3.6
4597.5,0.005,765,100,3.0
4598.0,0.003,765,100,2.4000000000000004
4598.5,0.006,765,101,2.4000000000000004
4599.0,0.006,766,101,1.8
4599.5,0.005,766,101,1.8
4600.0,0.003,766,100,1.8
4600.5,0.003,766,100,1.8
4601.0,0.005,767,99,1.8
4601.5,0.005,767,99,1.8
4602.0,0.006,767,98,1.8
4602.5,0.005,768,98,1.8
4603.0,0.005,768,98,1.2000000000000002
4603.5,0.005,768,98,0.6000000000000001
4604.0,0.005,769,98,0.0
4604.5,0.005,769,98,0.0
4605.0,0.006,769,98,0.0
4605.5,0.005,769,98,0.0
4606.0,0.005,770,98,0.0
4606.5,0.003,770,98,0.0
4607.0,0.006,770,98,0.0
4607.5,0.005,771,98,0.0
4608.0,0.006,771,99,0.0
4608.5,0.006,771,99,0.0
4609.0,0.005,771,100,0.6000000000000001
4609.5,0.005,772,100,0.6000000000000001
4610.0,0.006,772,101,0.6000000000000001
4610.5,0.005,772,101,0.6000000000000001
4611.0,0.006,773,101,0.6000000000000001
4611.5,0.005,773,101,0.6000000000000001
4612.0,0.005,773,100,0.6000000000000001
4612.5,0.003,774,100,0.6000000000000001
4613.0,0.006,774,100,0.6000000000000001
4613.5,0.005,774,99,3.0
4614.0,0.005,775,100,4.2
4614.5,0.006,775,100,4.2
4615.0,0.005,775,100,3.6
4615.5,0.005,776,100,3.6
4616.0,0.003,776,100,3.6
4616.5,0.006,776,99,3.0
4617.0,0.005,777,99,3.0
4617.5,0.006,777,99,3.0
4618.0,0.005,777,99,3.6
4618.5,0.006,778,99,4.2
4619.0,0.003,778,99,4.2
4619.5,0.006,778,99,4.2
4620.0,0.006,778,100,4.800000000000001
4620.5,0.006,779,100,4.800000000000001
4621.0,0.006,779,100,4.2
4621.5,0.006,779,100,4.2
4622.0,0.003,780,100,3.6
4622.5,0.005,780,100,3.6
4623.0,0.006,780,100,4.2
4623.5,0.008,780,99,4.2
4624.0,0.006,781,100,4.2
4624.5,0.006,781,100,4.2
4625.0,0.005,781,100,4.2
4625.5,0.005,782,100,3.6
4626.0,0.005,782,100,3.6
4626.5,0.006,782,100,3.6
4627.0,0.005,783,100,3.0
4627.5,0.006,783,101,3.0
4628.0,0.005,783,100,3.0
4628.5,0.005,783,100,3.0
4629.0,0.006,784,100,3.6
4629.5,0.005,784,100,3.0
4630.0,0.003,784,100,2.4000000000000004
4630.5,0.003,785,100,1.8
4631.0,0.003,785,101,1.8
4631.5,0.005,785,100,1.8
4632.0,0.006,786,100,1.8
4632.5,0.003,786,99,1.8
4633.0,0.005,786,99,1.8
4633.5,0.003,787,98,1.8
4634.0,0.003,787,98,1.8
4634.5,0.006,787,97,1.8
4635.0,0.005,787,97,1.2000000000000002
4635.5,0.005,788,97,0.6000000000000001
4636.0,0.005,788,97,0.0
4636.5,0.003,788,97,0.0
4637.0,0.005,789,98,0.0
4637.5,0.006,789,98,0.0
4638.0,0.005,789,98,0.0
4638.5,0.003,789,97,0.0
4639.0,0.006,791,99,0.0
4639.5,0.008,791,99,0.0
4640.0,0.006,791,99,0.6000000000000001
4640.5,0.006,792,100,0.6000000000000001
4641.0,0.005,792,100,0.6000000000000001
4641.5,0.005,792,101,0.6000000000000001
4642.0,0.003,793,100,0.6000000000000001
4642.5,0.006,793,100,0.6000000000000001
4643.0,0.005,793,100,0.6000000000000001
4643.5,0.005,793,100,0.0
4644.0,0.005,794,100,0.6000000000000001
4644.5,0.005,794,99,2.4000000000000004
4645.0,0.005,794,99,3.6
4645.5,0.003,795,100,4.2
4646.0,0.005,795,100,4.2
4646.5,0.003,795,100,3.6
4647.0,0.003,795,100,3.6
4647.5,0.006,796,99,3.6
4648.0,0.005,796,99,3.6
4648.5,0.005,796,99,3.6
4649.0,0.005,797,98,3.6
4649.5,0.005,797,98,3.6
4650.0,0.005,797,99,4.2
4650.5,0.006,798,99,4.2
4651.0,0.005,798,99,4.800000000000001
4651.5,0.005,798,100,4.800000000000001
4652.0,0.006,798,100,4.800000000000001
4652.5,0.006,799,100,4.2
4653.0,0.005,799,100,4.2
4653.5,0.005,799,100,3.6
4654.0,0.005,800,99,4.2
4654.5,0.003,800,100,4.2
4655.0,0.005,800,100,4.800000000000001
4655.5,0.008,801,99,4.2
4656.0,0.005,801,100,4.2
4656.5,0.005,801,100,4.2
4657.0,0.005,801,100,3.6
4657.5,0.005,802,100,3.6
4658.0,0.005,802,100,3.0
4658.5,0.008,802,100,3.0
4659.0,0.003,803,100,3.0
4659.5,0.005,803,100,3.0
4660.0,0.003,803,100,3.6
4660.5,0.005,804,100,4.2
4661.0,0.005,804,100,3.0
4661.5,0.006,804,100,2.4000000000000004
4662.0,0.003,804,100,1.8
4662.5,0.003,805,101,1.8
4663.0,0.003,805,100,1.8
4663.5,0.003,805,100,1.8
4664.0,0.003,806,99,1.8
4664.5,0.005,806,99,1.8
4665.0,0.003,806,98,1.8
4665.5,0.003,807,98,1.8
4666.0,0.003,807,97,1.8
4666.5,0.005,807,98,1.2000000000000002
4667.0,0.003,807,98,0.6000000000000001
4667.5,0.005,808,98,0.0
4668.0,0.003,808,98,0.0
4668.5,0.003,808,98,0.0
4669.0,0.008,809,98,0.0
4669.5,0.005,809,98,0.0
4670.0,0.003,809,98,0.0
4670.5,0.003,810,98,0.0
4671.0,0.005,810,98,0.0
4671.5,0.005,810,99,0.0
4672.0,0.006,810,99,0.6000000000000001
4672.5,0.005,811,99,0.6000000000000001
4673.0,0.005,811,100,0.6000000000000001
4673.5,0.005,811,101,0.6000000000000001
4674.0,0.006,812,101,0.6000000000000001
4674.5,0.005,812,101,0.6000000000000001
4675.0,0.005,812,100,0.6000000000000001
4675.5,0.005,813,100,0.6000000000000001
4676.0,0.003,813,100,0.6000000000000001
4676.5,0.005,813,100,0.6000000000000001
4677.0,0.005,813,99,2.4000000000000004
4677.5,0.003,814,99,3.0
4678.0,0.006,814,100,4.2
4678.5,0.006,814,100,4.2
4679.0,0.005,815,100,3.6
4679.5,0.003,815,100,3.6
4680.0,0.003,815,100,3.6
4680.5,0.003,816,99,3.6
4681.0,0.005,816,99,3.6
4681.5,0.003,816,99,3.6
4682.0,0.005,816,99,3.6
4682.5,0.005,817,99,4.2
4683.0,0.003,817,99,4.2
4683.5,0.003,817,100,4.800000000000001
4684.0,0.006,818,100,4.800000000000001
4684.5,0.005,818,100,4.800000000000001
4685.0,0.006,818,100,4.2
4685.5,0.003,819,100,4.2
4686.0,0.005,819,100,3.6
4686.5,0.003,819,100,3.6
4687.0,0.006,819,100,3.6
4687.5,0.003,820,100,4.2
4688.0,0.006,820,100,4.2
4688.5,0.005,820,100,4.2
4689.0,0.005,821,100,4.2
4689.5,0.005,821,100,4.2
4690.0,0.008,821,100,3.6
4690.5,0.005,822,101,3.6
4691.0,0.005,822,100,3.6
4691.5,0.003,822,100,3.0
4692.0,0.003,822,101,3.6
4692.5,0.002,823,101,3.6
4693.0,0.008,823,100,3.6
4693.5,0.002,823,100,3.0
4694.0,0.005,824,100,2.4000000000000004
4694.5,0.003,824,101,2.4000000000000004
4695.0,0.005,824,101,1.8
4695.5,0.002,825,101,1.8
4696.0,0.006,825,100,1.8
4696.5,0.002,825,99,1.8
4697.0,0.003,826,99,1.8
4697.5,0.005,826,98,1.8
4698.0,0.003,826,98,1.8
4698.5,0.003,826,98,1.8
4699.0,0.006,827,98,1.2000000000000002
4699.5,0.003,827,97,0.6000000000000001
4700.0,0.005,827,98,0.0
4700.5,0.005,828,98,0.0
4701.0,0.005,828,98,0.0
4701.5,0.002,828,98,0.0
4702.0,0.005,828,98,0.0
4702.5,0.006,829,98,0.0
4703.0,0.003,829,98,0.0
4703.5,0.006,829,98,0.0
4704.0,0.003,830,98,0.0
4704.5,0.003,830,100,0.0
4705.0,0.003,830,99,0.6000000000000001
4705.5,0.005,831,100,0.6000000000000001
4706.0,0.003,831,101,0.6000000000000001
4706.5,0.005,831,101,0.6000000000000001
4707.0,0.005,831,101,0.6000000000000001
4707.5,0.005,832,100,0.6000000000000001
4708.0,0.005,832,100,0.6000000000000001
4708.5,0.003,833,100,0.6000000000000001
4709.0,0.003,833,99,1.2000000000000002
4709.5,0.005,833,99,3.6
4710.0,0.003,834,100,4.2
4710.5,0.003,834,100,4.2
4711.0,0.005,834,100,4.2
4711.5,0.002,834,100,3.6
4712.0,0.003,835,100,3.6
4712.5,0.005,835,99,3.6
4713.0,0.003,835,99,3.6
4713.5,0.003,836,99,3.6
4714.0,0.005,836,99,3.6
4714.5,0.003,836,99,4.2
4715.0,0.006,837,99,4.2
4715.5,0.005,837,100,4.800000000000001
4716.0,0.003,837,100,4.800000000000001
4716.5,0.003,837,100,4.800000000000001
4717.0,0.006,838,100,4.800000000000001
4717.5,0.003,838,100,4.2
4718.0,0.006,838,100,4.2
4718.5,0.003,839,100,3.6
4719.0,0.003,839,100,4.2
4719.5,0.002,839,100,4.2
4720.0,0.005,840,100,4.2
4720.5,0.005,840,100,4.2
4721.0,0.008,840,100,4.2
4721.5,0.003,840,100,4.2
4722.0,0.003,841,100,3.6
4722.5,0.003,841,100,3.6
4723.0,0.006,841,101,3.0
4723.5,0.005,842,101,3.0
4724.0,0.008,842,101,3.0
4724.5,0.002,842,101,3.0
4725.0,0.003,843,101,3.6
4725.5,0.002,843,100,3.6
4726.0,0.005,843,100,2.4000000000000004
4726.5,0.003,843,101,2.4000000000000004
4727.0,0.008,844,101,1.8
4727.5,0.003,844,101,1.8
4728.0,0.002,844,100,1.8
4728.5,0.002,845,100,1.8
4729.0,0.005,845,99,1.8
4729.5,0.005,845,99,1.8
4730.0,0.006,846,98,1.8
4730.5,0.003,846,98,1.8
4731.0,0.003,846,98,1.2000000000000002
4731.5,0.003,846,97,0.6000000000000001
4732.0,0.005,847,98,0.0
4732.5,0.003,847,97,0.0
4733.0,0.003,847,98,0.0
4733.5,0.002,848,98,0.0
4734.0,0.003,848,98,0.0
4734.5,0.003,848,97,0.0
4735.0,0.006,849,98,0.0
4735.5,0.003,849,98,0.0
4736.0,0.003,849,98,0.0
4736.5,0.005,849,98,0.0
4737.0,0.005,850,99,0.0
4737.5,0.005,850,99,0.6000000000000001
4738.0,0.006,850,100,0.6000000000000001
4738.5,0.005,851,100,0.6000000000000001
4739.0,0.003,851,100,0.6000000000000001
4739.5,0.005,851,100,0.6000000000000001
4740.0,0.005,852,100,0.6000000000000001
4740.5,0.005,852,100,0.6000000000000001
4741.0,0.005,852,100,0.6000000000000001
4741.5,0.003,852,99,0.6000000000000001
4742.0,0.003,853,99,2.4000000000000004
4742.5,0.005,853,99,3.6
4743.0,0.003,853,100,4.2
4743.5,0.005,854,100,4.2
4744.0,0.005,854,100,4.2
4744.5,0.005,854,100,3.6
4745.0,0.002,855,99,3.6
4745.5,0.006,855,99,3.0
4746.0,0.005,855,99,3.6
4746.5,0.006,855,99,3.6
4747.0,0.006,856,99,3.6
4747.5,0.005,856,100,3.6
4748.0,0.003,856,100,4.2
4748.5,0.006,857,100,4.800000000000001
4749.0,0.005,857,100,4.800000000000001
4749.5,0.006,857,100,4.800000000000001
4750.0,0.005,858,101,4.2
4750.5,0.005,858,100,3.6
4751.0,0.003,858,100,3.6
4751.5,0.006,858,100,3.6
4752.0,0.006,859,100,4.2
4752.5,0.005,859,100,4.2
4753.0,0.006,859,100,3.6
4753.5,0.005,860,100,3.6
4754.0,0.003,860,101,4.2
4754.5,0.008,860,101,3.6
4755.0,0.006,861,101,3.6
4755.5,0.006,861,101,3.0
4756.0,0.005,861,101,3.0
4756.5,0.006,861,101,3.0
4757.0,0.005,862,101,3.0
4757.5,0.006,862,101,3.6
4758.0,0.006,862,101,3.0
4758.5,0.005,863,101,2.4000000000000004
4759.0,0.005,863,101,1.8
4759.5,0.005,864,101,1.8
4760.0,0.006,864,101,1.8
4760.5,0.005,864,100,1.8
4761.0,0.005,865,100,1.8
4761.5,0.003,865,99,1.8
4762.0,0.003,865,99,1.8
4762.5,0.003,865,98,1.8
4763.0,0.006,866,98,1.8
4763.5,0.005,866,98,0.6000000000000001
4764.0,0.006,866,98,0.0
4764.5,0.003,867,98,0.0
4765.0,0.006,867,98,0.0
4765.5,0.005,867,98,0.0
4766.0,0.006,867,98,0.0
4766.5,0.005,868,98,0.0
4767.0,0.006,868,98,0.0
4767.5,0.006,868,98,0.0
4768.0,0.005,869,99,0.0
4768.5,0.006,869,99,0.0
4769.0,0.006,869,99,0.0
4769.5,0.006,870,100,0.6000000000000001
4770.0,0.005,870,100,0.6000000000000001
4770.5,0.006,870,100,0.6000000000000001
4771.0,0.006,871,101,0.6000000000000001
4771.5,0.005,871,100,0.6000000000000001
4772.0,0.006,871,100,0.6000000000000001
4772.5,0.005,871,100,0.6000000000000001
4773.0,0.006,872,100,0.6000000000000001
4773.5,0.006,872,99,0.6000000000000001
4774.0,0.005,872,99,1.8
4774.5,0.006,873,99,3.6
4775.0,0.005,873,99,4.2
4775.5,0.005,873,100,4.2
4776.0,0.005,874,100,3.6
4776.5,0.006,874,100,3.6
4777.0,0.005,874,99,3.6
4777.5,0.005,874,99,3.6
4778.0,0.006,875,99,3.6
4778.5,0.006,875,99,3.6
4779.0,0.006,875,99,3.6
4779.5,0.006,876,99,4.2
4780.0,0.005,876,99,4.2
4780.5,0.005,876,99,4.800000000000001
4781.0,0.005,876,100,4.800000000000001
4781.5,0.005,877,100,4.800000000000001
4782.0,0.006,877,100,4.2
4782.5,0.008,877,100,3.6
4783.0,0.005,878,100,3.6
4783.5,0.006,878,100,3.6
4784.0,0.005,878,99,4.2
4784.5,0.008,879,100,4.2
4785.0,0.006,879,100,3.6
4785.5,0.008,879,99,4.2
4786.0,0.005,880,100,4.2
4786.5,0.005,880,100,3.6
4787.0,0.005,880,100,3.6
4787.5,0.008,880,100,3.0
4788.0,0.005,881,100,3.0
4788.5,0.006,881,100,3.0
4789.0,0.006,881,101,3.6
4789.5,0.006,882,100,3.6
4790.0,0.005,882,100,3.6
4790.5,0.006,882,100,3.0
4791.0,0.006,883,100,2.4000000000000004
4791.5,0.008,883,100,1.8
4792.0,0.006,883,101,1.8
4792.5,0.008,883,100,1.8
4793.0,0.005,884,100,1.8
4793.5,0.005,884,99,1.8
4794.0,0.006,884,99,1.8
4794.5,0.006,885,98,1.8
4795.0,0.003,885,98,1.8
4795.5,0.005,885,97,1.8
4796.0,0.005,885,97,1.2000000000000002
4796.5,0.005,886,97,0.0
4797.0,0.006,886,97,0.0
4797.5,0.006,886,97,0.0
4798.0,0.005,887,98,0.0
4798.5,0.005,887,98,0.0
4799.0,0.005,887,97,0.0
4799.5,0.008,888,98,0.0
4800.0,0.006,888,98,0.0
4800.5,0.008,888,98,0.0
4801.0,0.006,888,99,0.0
4801.5,0.006,889,99,0.0
4802.0,0.005,889,99,0.6000000000000001
4802.5,0.008,889,100,0.6000000000000001
4803.0,0.005,890,100,0.6000000000000001
4803.5,0.006,890,101,0.6000000000000001
4804.0,0.006,890,101,0.6000000000000001
4804.5,0.005,891,100,0.6000000000000001
4805.0,0.008,891,100,0.6000000000000001
4805.5,0.008,891,100,0.6000000000000001
4806.0,0.006,891,100,0.6000000000000001
4806.5,0.008,892,99,1.2000000000000002
4807.0,0.006,892,99,3.6
4807.5,0.006,892,100,4.2
4808.0,0.008,893,100,4.2
4808.5,0.006,893,100,4.2
4809.0,0.006,893,100,3.6
4809.5,0.006,894,100,3.6
4810.0,0.006,894,99,3.0
4810.5,0.005,894,99,3.0
4811.0,0.008,895,99,3.6
4811.5,0.005,895,99,3.6
4812.0,0.006,895,99,4.2
4812.5,0.006,895,100,4.2
4813.0,0.006,896,100,4.2
4813.5,0.005,896,100,4.800000000000001
4814.0,0.008,896,100,4.800000000000001
4814.5,0.006,897,101,4.2
4815.0,0.006,897,100,4.2
4815.5,0.006,897,100,3.6
4816.0,0.005,897,100,3.6
4816.5,0.005,898,101,3.6
4817.0,0.01,898,100,4.2
4817.5,0.006,898,100,3.6
4818.0,0.006,899,100,3.6
4818.5,0.006,899,100,4.2
4819.0,0.006,899,100,4.2
4819.5,0.005,900,101,3.6
4820.0,0.008,900,101,3.6
4820.5,0.006,900,100,3.0
4821.0,0.01,900,101,3.0
4821.5,0.006,901,101,3.0
4822.0,0.006,901,101,3.0
4822.5,0.006,901,101,3.6
4823.0,0.008,902,101,3.0
4823.5,0.005,902,101,2.4000000000000004
4824.0,0.006,902,101,2.4000000000000004
4824.5,0.006,903,101,1.8
4825.0,0.006,903,101,1.8
4825.5,0.006,903,101,1.8
4826.0,0.008,904,100,1.8
4826.5,0.005,904,99,1.8
4827.0,0.005,904,99,1.8
4827.5,0.005,904,98,1.8
4828.0,0.005,905,98,1.8
4828.5,0.005,905,98,1.2000000000000002
4829.0,0.008,905,98,0.6000000000000001
4829.5,0.006,906,98,0.0
4830.0,0.005,906,98,0.0
4830.5,0.006,906,98,0.0
4831.0,0.005,907,98,0.0
4831.5,0.005,907,98,0.0
4832.0,0.008,907,98,0.0
4832.5,0.006,907,98,0.0
4833.0,0.006,908,98,0.0
4833.5,0.006,908,99,0.0
4834.0,0.008,908,99,0.0
4834.5,0.005,909,99,0.6000000000000001
4835.0,0.01,909,100,0.6000000000000001
4835.5,0.006,909,101,0.6000000000000001
4836.0,0.006,910,101,0.6000000000000001
4836.5,0.006,910,101,0.6000000000000001
4837.0,0.008,910,101,0.6000000000000001
4837.5,0.006,910,100,0.6000000000000001
4838.0,0.01,911,100,0.6000000000000001
4838.5,0.008,911,100,0.6000000000000001
4839.0,0.008,911,99,1.2000000000000002
4839.5,0.008,912,99,3.0
4840.0,0.006,912,99,3.6
4840.5,0.005,912,100,4.2
4841.0,0.01,913,100,4.2
4841.5,0.008,913,100,3.6
4842.0,0.01,913,99,3.6
4842.5,0.008,913,99,3.6
4843.0,0.006,914,99,3.6
4843.5,0.006,914,99,3.6
4844.0,0.01,914,99,3.6
4844.5,0.006,915,99,4.2
4845.0,0.006,915,99,3.6
4845.5,0.01,915,99,4.800000000000001
4846.0,0.005,915,100,4.800000000000001
4846.5,0.006,916,100,4.800000000000001
4847.0,0.008,916,100,4.800000000000001
4847.5,0.01,916,100,4.2
4848.0,0.006,917,100,4.2
4848.5,0.01,917,100,3.6
4849.0,0.005,917,100,3.6
4849.5,0.006,918,100,4.2
4850.0,0.008,918,100,4.2
4850.5,0.008,918,100,4.2
4851.0,0.006,919,100,4.2
4851.5,0.011,919,100,4.2
4852.0,0.008,919,100,3.6
4852.5,0.006,919,101,3.6
4853.0,0.006,920,100,3.0
4853.5,0.008,920,101,3.0
4854.0,0.006,920,101,3.0
4854.5,0.01,921,100,3.0
4855.0,0.008,921,101,3.6
4855.5,0.008,921,101,3.6
4856.0,0.006,922,100,2.4000000000000004
4856.5,0.01,922,100,2.4000000000000004
4857.0,0.006,922,101,1.8
4857.5,0.01,922,101,1.8
4858.0,0.006,923,100,1.8
4858.5,0.008,923,100,1.8
4859.0,0.005,923,99,1.8
4859.5,0.008,924,99,1.8
4860.0,0.006,924,98,1.8
4860.5,0.01,924,97,1.8
4861.0,0.005,924,98,1.8
4861.5,0.006,925,97,0.6000000000000001
4862.0,0.006,925,98,0.0
4862.5,0.008,925,98,0.0
4863.0,0.006,926,98,0.0
4863.5,0.01,926,98,0.0
4864.0,0.006,926,98,0.0
4864.5,0.008,927,98,0.0
4865.0,0.006,927,98,0.0
4865.5,0.011,927,98,0.0
4866.0,0.006,928,98,0.0
4866.5,0.01,928,99,0.0
4867.0,0.008,928,99,0.0
4867.5,0.006,928,100,0.6000000000000001
4868.0,0.008,929,100,0.6000000000000001
4868.5,0.01,929,101,0.6000000000000001
4869.0,0.008,929,101,0.6000000000000001
4869.5,0.01,930,100,0.6000000000000001
4870.0,0.008,930,100,0.6000000000000001
4870.5,0.008,930,100,0.6000000000000001
4871.0,0.006,930,100,0.6000000000000001
4871.5,0.008,931,100,0.6000000000000001
4872.0,0.006,931,99,2.4000000000000004
4872.5,0.01,931,99,3.6
4873.0,0.008,932,100,4.2
4873.5,0.008,932,100,4.2
4874.0,0.006,932,100,3.6
4874.5,0.006,933,100,3.6
4875.0,0.006,937,100,4.2
4875.5,0.01,937,100,4.2
4876.0,0.006,937,100,4.2
4876.5,0.006,938,100,4.2
4877.0,0.006,938,100,4.2
4877.5,0.008,938,100,4.2
4878.0,0.006,939,100,3.6
4878.5,0.01,939,100,3.6
4879.0,0.006,939,101,3.0
4879.5,0.006,940,101,3.0
4880.0,0.008,940,101,3.0
4880.5,0.006,940,101,3.0
4881.0,0.006,940,101,3.6
4881.5,0.008,941,100,3.6
4882.0,0.006,941,101,2.4000000000000004
4882.5,0.008,941,101,2.4000000000000004
4883.0,0.008,942,101,1.8
4883.5,0.006,942,101,1.8
4884.0,0.008,942,101,1.8
4884.5,0.008,943,100,1.8
4885.0,0.006,943,100,1.8
4885.5,0.006,943,99,1.8
4886.0,0.006,944,99,1.8
4886.5,0.005,944,98,1.8
4887.0,0.005,944,98,1.8
4887.5,0.01,944,98,1.2000000000000002
4888.0,0.006,945,98,0.0
4888.5,0.005,945,98,0.0
4889.0,0.005,945,98,0.0
4889.5,0.008,946,99,0.0
4890.0,0.005,946,99,0.0
4890.5,0.008,946,98,0.0
4891.0,0.006,946,99,0.0
4891.5,0.006,947,98,0.0
4892.0,0.005,947,98,0.0
4892.5,0.008,947,100,0.0
4893.0,0.008,948,99,0.0
4893.5,0.008,948,99,0.6000000000000001
4894.0,0.006,948,101,0.6000000000000001
4894.5,0.006,949,100,0.6000000000000001
4895.0,0.006,949,101,0.6000000000000001
4895.5,0.006,949,101,0.6000000000000001
4896.0,0.006,949,100,0.6000000000000001
4896.5,0.008,950,100,0.6000000000000001
4897.0,0.006,950,100,0.6000000000000001
4897.5,0.006,950,99,0.6000000000000001
4898.0,0.008,951,99,1.8
4898.5,0.006,951,99,3.0
4899.0,0.008,951,99,4.2
4899.5,0.008,952,100,4.2
4900.0,0.008,952,100,3.6
4900.5,0.006,953,99,3.0
4901.0,0.006,953,99,3.0
4901.5,0.006,953,98,3.6
4902.0,0.008,954,99,3.6
4902.5,0.01,954,99,4.2
4903.0,0.008,954,99,4.2
4903.5,0.006,955,99,4.800000000000001
4904.0,0.003,955,100,4.800000000000001
4904.5,0.006,955,100,4.800000000000001
4905.0,0.008,955,100,4.2
4905.5,0.01,956,100,3.6
4906.0,0.008,956,100,3.6
4906.5,0.005,956,100,3.6
4907.0,0.005,957,100,4.2
4907.5,0.008,957,100,4.2
4908.0,0.008,957,100,4.2
4908.5,0.011,958,100,4.2
4909.0,0.008,958,100,4.2
4909.5,0.006,958,100,4.2
4910.0,0.006,958,100,3.6
4910.5,0.01,959,100,3.6
4911.0,0.008,959,100,3.0
4911.5,0.008,959,100,3.0
4912.0,0.008,960,101,3.0
4912.5,0.006,960,100,3.6
4913.0,0.006,960,100,3.6
4913.5,0.008,961,100,3.0
4914.0,0.008,961,100,2.4000000000000004
4914.5,0.01,961,100,1.8
4915.0,0.01,961,101,1.8
4915.5,0.005,962,100,1.8
4916.0,0.008,962,100,1.8
4916.5,0.008,962,99,1.2000000000000002
4917.0,0.006,963,99,1.2000000000000002
4917.5,0.008,963,98,1.2000000000000002
4918.0,0.01,963,98,1.8
4918.5,0.006,964,97,1.8
4919.0,0.006,964,98,1.2000000000000002
4919.5,0.006,964,98,0.6000000000000001
4920.0,0.006,964,98,0.0
4920.5,0.006,965,98,0.0
4921.0,0.008,965,98,0.0
4921.5,0.005,965,98,0.0
4922.0,0.008,966,98,0.0
4922.5,0.006,966,98,0.0
4923.0,0.008,966,98,0.0
4923.5,0.008,967,98,0.0
4924.0,0.006,967,98,0.0
4924.5,0.006,967,100,0.0
4925.0,0.006,967,99,0.0
4925.5,0.008,968,100,0.6000000000000001
4926.0,0.008,968,101,0.6000000000000001
4926.5,0.01,969,101,0.6000000000000001
4927.0,0.008,969,100,0.6000000000000001
4927.5,0.01,969,100,0.6000000000000001
4928.0,0.006,969,100,0.6000000000000001
4928.5,0.006,970,100,0.6000000000000001
4929.0,0.006,970,99,1.2000000000000002
4929.5,0.008,970,99,3.0
4930.0,0.006,971,99,3.6
4930.5,0.01,971,100,4.2
4931.0,0.008,971,100,4.2
4931.5,0.006,972,100,3.6
4932.0,0.008,972,99,3.6
4932.5,0.008,972,99,3.6
4933.0,0.006,973,99,3.6
4933.5,0.01,973,99,3.6
4934.0,0.008,973,99,3.6
4934.5,0.008,973,99,3.6
4935.0,0.008,974,99,4.2
4935.5,0.008,974,99,4.800000000000001
4936.0,0.006,974,100,4.800000000000001
4936.5,0.006,975,100,4.800000000000001
4937.0,0.006,975,100,4.800000000000001
4937.5,0.006,975,100,4.2
4938.0,0.006,976,100,3.6
4938.5,0.008,976,100,3.6
4939.0,0.005,976,100,3.6
4939.5,0.006,976,100,4.2
4940.0,0.006,977,100,4.2
4940.5,0.006,977,100,3.6
4941.0,0.006,977,100,4.2
4941.5,0.01,978,100,3.6
4942.0,0.006,978,101,3.6
4942.5,0.006,978,101,3.6
4943.0,0.008,979,100,3.0
4943.5,0.01,979,101,3.0
4944.0,0.006,979,101,3.0
4944.5,0.008,979,101,3.0
4945.0,0.006,980,101,3.6
4945.5,0.006,980,100,3.6
4946.0,0.01,980,100,2.4000000000000004
4946.5,0.008,981,101,1.8
4947.0,0.006,981,101,1.8
4947.5,0.01,981,101,1.8
4948.0,0.006,982,100,1.8
4948.5,0.006,982,100,1.8
4949.0,0.006,982,99,1.8
4949.5,0.006,983,98,1.8
4950.0,0.006,983,98,1.8
4950.5,0.006,983,98,1.2000000000000002
4951.0,0.006,984,98,0.6000000000000001
4951.5,0.01,984,98,0.0
4952.0,0.006,984,98,0.0
4952.5,0.006,985,98,0.0
4953.0,0.008,985,98,0.0
4953.5,0.006,985,98,0.0
4954.0,0.008,985,98,0.0
4954.5,0.008,986,98,0.0
4955.0,0.005,986,98,0.0
4955.5,0.006,986,98,0.0
4956.0,0.01,987,99,0.0
4956.5,0.008,987,99,0.6000000000000001
4957.0,0.006,987,100,0.6000000000000001
4957.5,0.01,988,100,0.6000000000000001
4958.0,0.008,988,100,0.6000000000000001
4958.5,0.006,988,101,0.6000000000000001
4959.0,0.006,988,100,0.6000000000000001
4959.5,0.008,989,100,0.6000000000000001
4960.0,0.006,989,100,0.6000000000000001
4960.5,0.008,989,100,0.6000000000000001
4961.0,0.005,990,99,1.2000000000000002
4961.5,0.006,990,99,3.0
4962.0,0.006,990,99,3.6
4962.5,0.008,991,100,4.2
4963.0,0.008,991,100,4.2
4963.5,0.006,991,100,4.2
4964.0,0.008,991,100,3.6
4964.5,0.006,992,99,3.6
4965.0,0.006,992,99,3.6
4965.5,0.006,992,99,3.6
4966.0,0.006,993,98,3.6
4966.5,0.006,993,99,4.2
4967.0,0.008,993,99,4.2
4967.5,0.01,993,99,4.2
4968.0,0.006,994,99,4.800000000000001
4968.5,0.006,994,100,4.800000000000001
4969.0,0.01,994,100,4.800000000000001
4969.5,0.006,995,100,4.2
4970.0,0.005,995,100,3.6
4970.5,0.01,995,100,3.6
4971.0,0.005,996,99,4.2
4971.5,0.006,996,100,4.2
4972.0,0.005,996,100,4.800000000000001
4972.5,0.008,997,99,4.2
4973.0,0.006,997,100,4.2
4973.5,0.008,997,101,4.2
4974.0,0.008,997,100,3.6
4974.5,0.006,998,100,3.6
4975.0,0.005,998,101,3.0
4975.5,0.008,998,100,3.0
4976.0,0.008,999,101,3.0
4976.5,0.008,999,101,3.0
4977.0,0.008,999,100,3.6
4977.5,0.006,1000,100,3.6
4978.0,0.005,1000,100,2.4000000000000004
4978.5,0.01,1000,101,2.4000000000000004
4979.0,0.008,1000,101,1.8
4979.5,0.006,1001,101,1.8
4980.0,0.008,1001,101,1.8
4980.5,0.006,1001,100,1.8
4981.0,0.005,1002,100,1.8
4981.5,0.008,1002,99,1.8
4982.0,0.01,1002,99,1.8
4982.5,0.006,1003,98,1.8
4983.0,0.006,1003,98,1.2000000000000002
4983.5,0.008,1003,98,0.6000000000000001
4984.0,0.006,1003,98,0.0
4984.5,0.006,1004,98,0.0
4985.0,0.008,1004,98,0.0
4985.5,0.005,1004,99,0.0
4986.0,0.006,1005,99,0.0
4986.5,0.005,1005,98,0.0
4987.0,0.005,1005,99,0.0
4987.5,0.005,1006,98,0.0
4988.0,0.008,1006,99,0.0
4988.5,0.005,1006,99,0.0
4989.0,0.006,1006,100,0.0
4989.5,0.006,1007,100,0.6000000000000001
4990.0,0.005,1007,101,0.6000000000000001
4990.5,0.005,1007,101,0.6000000000000001
4991.0,0.008,1008,101,0.6000000000000001
4991.5,0.005,1008,101,0.6000000000000001
4992.0,0.005,1008,101,0.6000000000000001
4992.5,0.006,1009,100,0.6000000000000001
4993.0,0.006,1009,100,0.6000000000000001
4993.5,0.006,1009,100,0.6000000000000001
4994.0,0.006,1009,100,2.4000000000000004
4994.5,0.003,1010,100,3.6
4995.0,0.008,1010,100,4.2
4995.5,0.008,1010,101,3.6
4996.0,0.005,1011,100,3.6
4996.5,0.006,1011,100,3.6
4997.0,0.006,1011,100,3.0
4997.5,0.005,1012,99,3.0
4998.0,0.006,1012,99,3.6
4998.5,0.006,1012,99,3.0
4999.0,0.006,1012,99,3.6
4999.5,0.006,1013,99,4.2
5000.0,0.006,1013,100,4.2
5000.5,0.005,1013,100,4.800000000000001
5001.0,0.006,1014,100,4.800000000000001
5001.5,0.005,1014,100,4.800000000000001
5002.0,0.006,1014,100,4.2
5002.5,0.003,1015,100,3.6
5003.0,0.005,1015,100,3.6
5003.5,0.003,1015,100,3.6
5004.0,0.005,1015,100,4.2
5004.5,0.005,1016,100,4.2
5005.0,0.005,1016,100,4.2
5005.5,0.003,1016,99,4.2
5006.0,0.006,1017,100,4.2
5006.5,0.003,1017,100,3.6
5007.0,0.006,1017,100,3.6
5007.5,0.005,1018,100,3.0
5008.0,0.005,1018,101,3.0
5008.5,0.003,1018,101,3.0
5009.0,0.006,1018,101,3.0
5009.5,0.005,1019,101,3.0
5010.0,0.008,1019,100,3.0
5010.5,0.006,1019,100,2.4000000000000004
5011.0,0.005,1020,101,1.8
5011.5,0.003,1020,101,1.8
5012.0,0.005,1020,101,1.8
5012.5,0.006,1021,101,1.8
5013.0,0.008,1021,100,1.2000000000000002
5013.5,0.005,1021,99,1.2000000000000002
5014.0,0.005,1022,99,1.8
5014.5,0.005,1022,99,1.8
5015.0,0.005,1022,98,1.8
5015.5,0.003,1022,98,1.8
5016.0,0.006,1023,98,0.6000000000000001
5016.5,0.005,1023,98,0.0
5017.0,0.005,1023,98,0.0
5017.5,0.003,1024,98,0.0
5018.0,0.005,1024,98,0.0
5018.5,0.005,1028,100,0.6000000000000001
5019.0,0.003,1029,100,0.6000000000000001
5019.5,0.003,1029,99,2.4000000000000004
5020.0,0.005,1029,99,3.6
5020.5,0.003,1030,100,4.2
5021.0,0.003,1030,100,4.2
5021.5,0.005,1030,100,3.6
5022.0,0.003,1031,100,3.6
5022.5,0.006,1031,99,3.0
5023.0,0.005,1031,99,3.0
5023.5,0.006,1031,99,3.0
5024.0,0.003,1032,99,3.6
5024.5,0.005,1032,99,3.6
5025.0,0.005,1032,99,4.2
5025.5,0.003,1033,100,4.2
5026.0,0.005,1033,99,4.800000000000001
5026.5,0.005,1033,100,4.800000000000001
5027.0,0.005,1033,100,4.800000000000001
5027.5,0.005,1034,100,4.2
5028.0,0.003,1034,100,3.6
5028.5,0.005,1034,100,3.6
5029.0,0.005,1035,100,3.6
5029.5,0.003,1035,100,3.6
5030.0,0.003,1035,100,4.2
5030.5,0.005,1036,100,3.6
5031.0,0.005,1036,100,3.6
5031.5,0.003,1036,100,3.6
5032.0,0.005,1036,100,3.6
5032.5,0.005,1037,100,3.0
5033.0,0.003,1037,100,3.0
5033.5,0.005,1037,101,3.0
5034.0,0.003,1038,101,3.0
5034.5,0.006,1038,100,3.0
5035.0,0.005,1038,101,3.6
5035.5,0.005,1039,101,3.6
5036.0,0.005,1039,100,3.0
5036.5,0.006,1039,101,2.4000000000000004
5037.0,0.005,1040,101,1.8
5037.5,0.005,1040,101,1.8
5038.0,0.005,1040,101,1.8
5038.5,0.003,1040,101,1.8
5039.0,0.003,1041,100,1.8
5039.5,0.006,1041,99,1.8
5040.0,0.005,1041,99,1.8
5040.5,0.006,1042,98,1.8
5041.0,0.005,1042,98,1.8
5041.5,0.003,1042,98,0.6000000000000001
5042.0,0.005,1043,98,0.0
5042.5,0.006,1043,98,0.0
5043.0,0.005,1043,98,0.0
5043.5,0.008,1043,99,0.0
5044.0,0.006,1044,99,0.0
5044.5,0.005,1044,98,0.0
5045.0,0.003,1044,98,0.0
5045.5,0.005,1045,99,0.0
5046.0,0.003,1045,98,0.0
5046.5,0.005,1045,98,0.0
5047.0,0.005,1046,99,0.0
5047.5,0.003,1046,99,0.6000000000000001
5048.0,0.003,1046,100,0.6000000000000001
5048.5,0.006,1046,101,0.6000000000000001
5049.0,0.006,1047,101,0.6000000000000001
5049.5,0.008,1047,101,0.6000000000000001
5050.0,0.005,1047,100,0.6000000000000001
5050.5,0.005,1048,100,0.6000000000000001
5051.0,0.003,1048,100,0.6000000000000001
5051.5,0.006,1048,100,0.6000000000000001
5052.0,0.005,1049,100,1.8
5052.5,0.006,1049,99,3.0
5053.0,0.006,1049,100,4.2
5053.5,0.005,1049,100,4.2
5054.0,0.005,1050,100,3.6
5054.5,0.005,1050,100,3.6
5055.0,0.005,1050,100,3.6
5055.5,0.006,1051,99,3.0
5056.0,0.006,1051,99,3.0
5056.5,0.005,1051,99,3.6
5057.0,0.006,1051,99,3.6
5057.5,0.005,1052,99,4.2
5058.0,0.006,1052,99,4.2
5058.5,0.006,1052,100,4.800000000000001
5059.0,0.006,1053,100,4.800000000000001
5059.5,0.005,1053,100,4.800000000000001
5060.0,0.005,1053,100,4.2
5060.5,0.003,1054,100,4.2
5061.0,0.005,1054,100,3.6
5061.5,0.008,1054,100,3.6
5062.0,0.005,1055,100,3.6
5062.5,0.003,1055,100,4.2
5063.0,0.003,1055,100,4.2
5063.5,0.003,1056,100,3.6
5064.0,0.003,1056,100,4.2
5064.5,0.006,1056,100,3.6
5065.0,0.005,1056,100,3.6
5065.5,0.003,1057,101,3.6
5066.0,0.005,1057,101,3.0
5066.5,0.003,1057,100,3.0
5067.0,0.005,1058,101,3.0
5067.5,0.005,1058,101,3.0
5068.0,0.006,1058,101,3.6
5068.5,0.003,1059,100,3.0
5069.0,0.006,1059,100,2.4000000000000004
5069.5,0.005,1059,101,2.4000000000000004
5070.0,0.005,1059,101,1.8
5070.5,0.005,1060,101,1.8
5071.0,0.005,1060,100,1.8
5071.5,0.003,1060,100,1.8
5072.0,0.006,1061,99,1.8
5072.5,0.005,1061,99,1.8
5073.0,0.005,1061,98,1.8
5073.5,0.005,1061,98,1.8
5074.0,0.006,1062,98,1.2000000000000002
5074.5,0.003,1062,98,0.6000000000000001
5075.0,0.008,1062,98,0.0
5075.5,0.005,1063,98,0.0
5076.0,0.005,1063,98,0.0
5076.5,0.005,1063,98,0.0
5077.0,0.006,1064,98,0.0
5077.5,0.005,1064,98,0.0
5078.0,0.006,1064,98,0.0
5078.5,0.005,1064,98,0.0
5079.0,0.005,1065,99,0.0
5079.5,0.003,1065,99,0.0
5080.0,0.006,1065,99,0.6000000000000001
5080.5,0.003,1066,100,0.6000000000000001
5081.0,0.006,1066,100,0.6000000000000001
5081.5,0.005,1066,101,0.6000000000000001
5082.0,0.005,1067,101,0.6000000000000001
5082.5,0.005,1067,100,0.6000000000000001
5083.0,0.006,1067,100,0.6000000000000001
5083.5,0.003,1067,100,0.6000000000000001
5084.0,0.006,1068,100,0.6000000000000001
5084.5,0.005,1068,100,1.2000000000000002
5085.0,0.005,1068,99,3.0
5085.5,0.005,1069,99,3.6
5086.0,0.005,1069,100,4.2
5086.5,0.003,1069,100,4.2
5087.0,0.005,1070,100,3.6
5087.5,0.005,1070,99,3.6
5088.0,0.006,1070,99,3.0
5088.5,0.006,1070,99,3.6
5089.0,0.005,1071,98,3.6
5089.5,0.005,1071,98,3.6
5090.0,0.005,1071,99,4.2
5090.5,0.006,1072,99,4.2
5091.0,0.005,1072,99,4.800000000000001
5091.5,0.006,1072,99,4.800000000000001
5092.0,0.003,1073,100,4.800000000000001
5092.5,0.003,1073,100,4.800000000000001
5093.0,0.005,1073,100,4.2
5093.5,0.005,1073,99,3.6
5094.0,0.003,1074,99,3.6
5094.5,0.005,1074,99,4.2
5095.0,0.003,1074,99,4.2
5095.5,0.002,1075,100,4.2
5096.0,0.003,1075,99,4.2
5096.5,0.005,1075,100,4.2
5097.0,0.005,1076,100,4.2
5097.5,0.005,1076,100,4.2
5098.0,0.005,1076,100,3.6
5098.5,0.003,1076,100,3.6
5099.0,0.002,1077,100,3.0
5099.5,0.005,1077,100,3.0
5100.0,0.003,1077,101,3.6
5100.5,0.005,1078,100,3.6
5101.0,0.006,1078,100,3.6
5101.5,0.005,1078,100,3.0
5102.0,0.005,1079,101,2.4000000000000004
5102.5,0.005,1079,101,1.8
5103.0,0.005,1079,101,1.8
5103.5,0.003,1080,101,1.8
5104.0,0.005,1080,100,1.8
5104.5,0.003,1080,99,1.8
5105.0,0.003,1080,99,1.8
5105.5,0.006,1081,98,1.8
5106.0,0.005,1081,98,1.8
5106.5,0.005,1081,98,1.8
5107.0,0.005,1082,98,0.6000000000000001
5107.5,0.005,1082,98,0.0
5108.0,0.003,1082,98,0.0
5108.5,0.006,1082,98,0.0
5109.0,0.006,1083,98,0.0
5109.5,0.006,1083,98,0.0
5110.0,0.006,1083,97,0.0
5110.5,0.003,1084,98,0.0
5111.0,0.006,1084,98,0.0
5111.5,0.005,1085,99,0.0
5112.0,0.005,1085,99,0.0
5112.5,0.005,1085,99,0.6000000000000001
5113.0,0.003,1085,100,0.6000000000000001
5113.5,0.003,1086,100,0.6000000000000001
5114.0,0.006,1086,101,0.6000000000000001
5114.5,0.005,1086,101,0.6000000000000001
5115.0,0.005,1087,100,0.6000000000000001
5115.5,0.005,1087,100,0.6000000000000001
5116.0,0.002,1087,100,0.6000000000000001
5116.5,0.003,1088,100,0.6000000000000001
5117.0,0.006,1088,99,2.4000000000000004
5117.5,0.005,1088,99,3.6
5118.0,0.005,1088,100,4.2
5118.5,0.005,1089,100,4.2
5119.0,0.006,1089,100,4.2
5119.5,0.003,1089,100,3.6
5120.0,0.008,1090,100,3.6
5120.5,0.005,1090,99,3.0
5121.0,0.006,1090,99,3.6
5121.5,0.006,1090,99,3.6
5122.0,0.006,1091,99,3.6
5122.5,0.006,1091,99,4.2
5123.0,0.008,1091,100,4.2
5123.5,0.005,1092,100,4.800000000000001
5124.0,0.005,1092,100,4.800000000000001
5124.5,0.006,1092,100,4.800000000000001
5125.0,0.005,1093,100,4.2
5125.5,0.005,1093,100,3.6
5126.0,0.006,1093,100,3.6
5126.5,0.005,1094,100,3.6
5127.0,0.008,1094,100,3.6
5127.5,0.006,1094,100,4.2
5128.0,0.003,1095,100,3.6
5128.5,0.003,1095,100,3.6
5129.0,0.005,1095,100,4.2
5129.5,0.005,1095,100,3.6
5130.0,0.006,1096,100,3.6
5130.5,0.006,1096,101,3.0
5131.0,0.003,1096,100,3.0
5131.5,0.005,1097,100,3.0
5132.0,0.006,1097,101,3.0
5132.5,0.005,1097,101,3.0
5133.0,0.005,1097,100,3.6
5133.5,0.008,1098,100,3.0
5134.0,0.003,1098,101,2.4000000000000004
5134.5,0.005,1098,101,1.8
5135.0,0.006,1099,101,1.8
5135.5,0.006,1099,101,1.8
5136.0,0.003,1099,100,1.8
5136.5,0.006,1101,98,1.2000000000000002
5137.0,0.005,1101,98,0.6000000000000001
5137.5,0.006,1101,98,0.0
5138.0,0.005,1102,98,0.0
5138.5,0.005,1102,98,0.0
5139.0,0.005,1102,98,0.0
5139.5,0.006,1103,98,0.0
5140.0,0.003,1103,98,0.0
5140.5,0.005,1103,98,0.0
5141.0,0.005,1103,98,0.0
5141.5,0.005,1104,98,0.0
5142.0,0.005,1104,98,0.0
5142.5,0.006,1104,99,0.0
5143.0,0.005,1105,99,0.6000000000000001
5143.5,0.006,1105,100,0.6000000000000001
5144.0,0.003,1105,100,0.6000000000000001
5144.5,0.003,1106,100,0.6000000000000001
5145.0,0.005,1106,101,0.6000000000000001
5145.5,0.005,1106,100,0.6000000000000001
5146.0,0.005,1106,100,0.6000000000000001
5146.5,0.006,1107,100,0.0
5147.0,0.006,1107,100,0.6000000000000001
5147.5,0.005,1107,99,1.8
5148.0,0.006,1108,99,3.0
5148.5,0.006,1108,99,4.2
5149.0,0.003,1108,100,4.2
5149.5,0.008,1109,100,4.2
5150.0,0.006,1109,100,3.6
5150.5,0.006,1109,99,3.6
5151.0,0.006,1109,99,3.6
5151.5,0.005,1110,99,3.0
5152.0,0.003,1110,99,3.6
5152.5,0.006,1110,99,3.6
5153.0,0.006,1111,99,4.2
5153.5,0.006,1111,99,4.2
5154.0,0.006,1111,99,4.2
5154.5,0.006,1112,100,4.800000000000001
5155.0,0.005,1112,100,4.800000000000001
5155.5,0.008,1112,100,4.2
5156.0,0.006,1112,100,4.2
5156.5,0.003,1113,100,3.6
5157.0,0.005,1113,100,3.6
5157.5,0.005,1113,100,3.6
5158.0,0.003,1114,100,4.2
5158.5,0.006,1114,100,4.2
5159.0,0.006,1114,100,3.6
5159.5,0.005,1115,100,4.2
5160.0,0.005,1115,100,3.6
5160.5,0.005,1115,100,3.6
5161.0,0.003,1115,101,3.6
5161.5,0.005,1116,100,3.0
5162.0,0.005,1116,100,3.0
5162.5,0.003,1116,100,3.0
5163.0,0.005,1117,100,3.0
5163.5,0.005,1117,100,3.6
5164.0,0.005,1117,100,3.0
5164.5,0.005,1118,100,2.4000000000000004
5165.0,0.006,1118,100,2.4000000000000004
5165.5,0.005,1118,101,1.8
5166.0,0.006,1119,101,1.8
5166.5,0.005,1119,100,1.8
5167.0,0.006,1119,100,1.8
5167.5,0.006,1119,99,1.8
5168.0,0.006,1120,99,1.8
5168.5,0.005,1120,98,1.8
5169.0,0.006,1120,98,1.8
5169.5,0.005,1121,98,1.2000000000000002
5170.0,0.006,1121,98,0.6000000000000001
5170.5,0.005,1121,98,0.0
5171.0,0.006,1121,98,0.0
5171.5,0.006,1122,98,0.0
5172.0,0.008,1122,98,0.0
5172.5,0.005,1122,98,0.0
5173.0,0.005,1123,98,0.0
5173.5,0.005,1123,98,0.0
5174.0,0.006,1123,98,0.0
5174.5,0.005,1124,98,0.0
5175.0,0.006,1124,99,0.0
5175.5,0.005,1124,99,0.6000000000000001
5176.0,0.006,1124,100,0.6000000000000001
5176.5,0.003,1125,101,0.6000000000000001
5177.0,0.005,1125,101,0.6000000000000001
5177.5,0.003,1125,101,0.6000000000000001
5178.0,0.005,1126,101,0.6000000000000001
5178.5,0.003,1126,100,0.6000000000000001
5179.0,0.005,1126,100,0.6000000000000001
5179.5,0.003,1127,100,0.6000000000000001
5180.0,0.005,1127,100,1.2000000000000002
5180.5,0.005,1127,99,3.0
5181.0,0.005,1127,99,3.6
5181.5,0.006,1128,100,4.2
5182.0,0.005,1128,101,3.6
5182.5,0.005,1128,100,3.6
5183.0,0.005,1129,100,3.6
5183.5,0.003,1129,100,3.0
5184.0,0.006,1129,99,3.6
5184.5,0.006,1130,99,3.0
5185.0,0.003,1130,99,3.6
5185.5,0.006,1130,100,3.6
5186.0,0.005,1131,100,4.2
5186.5,0.008,1131,100,4.800000000000001
5187.0,0.006,1131,100,4.800000000000001
5187.5,0.005,1132,101,4.2
5188.0,0.006,1132,101,3.6
5188.5,0.005,1132,101,3.6
5189.0,0.005,1133,100,3.6
5189.5,0.01,1133,100,3.6
5190.0,0.005,1133,101,4.2
5190.5,0.005,1134,100,4.2
5191.0,0.006,1134,100,3.6
5191.5,0.005,1134,100,4.2
5192.0,0.003,1134,101,4.2
5192.5,0.008,1135,101,3.6
5193.0,0.005,1135,101,3.6
5193.5,0.003,1135,101,3.0
5194.0,0.005,1136,100,3.0
5194.5,0.005,1136,101,3.0
5195.0,0.003,1136,101,3.0
5195.5,0.008,1137,101,3.6
5196.0,0.006,1137,101,3.0
5196.5,0.005,1137,100,2.4000000000000004
5197.0,0.005,1137,101,2.4000000000000004
5197.5,0.006,1138,101,1.8
5198.0,0.005,1138,101,1.8
5198.5,0.008,1138,101,1.8
5199.0,0.005,1139,100,1.8
5199.5,0.005,1139,100,1.2000000000000002
5200.0,0.005,1139,99,1.8
5200.5,0.005,1140,99,1.8
5201.0,0.006,1140,98,1.8
5201.5,0.006,1140,98,1.2000000000000002
5202.0,0.006,1140,98,0.6000000000000001
5202.5,0.005,1141,98,0.0
5203.0,0.005,1141,98,0.0
5203.5,0.006,1141,98,0.0
5204.0,0.006,1142,98,0.0
5204.5,0.005,1142,98,0.0
5205.0,0.006,1142,98,0.0
5205.5,0.005,1143,98,0.0
5206.0,0.005,1143,99,0.0
5206.5,0.006,1143,99,0.0
5207.0,0.005,1144,99,0.6000000000000001
5207.5,0.006,1144,100,0.6000000000000001
5208.0,0.005,1144,101,0.6000000000000001
5208.5,0.006,1145,101,0.6000000000000001
5209.0,0.003,1145,101,0.6000000000000001
5209.5,0.005,1145,101,0.6000000000000001
5210.0,0.005,1146,100,0.6000000000000001
5210.5,0.005,1146,100,0.6000000000000001
5211.0,0.005,1146,100,0.6000000000000001
5211.5,0.005,1146,100,1.2000000000000002
5212.0,0.005,1147,100,3.0
5212.5,0.005,1147,100,3.6
5213.0,0.005,1147,100,4.2
5213.5,0.005,1148,101,4.2
5214.0,0.005,1148,100,3.6
5214.5,0.008,1148,100,3.6
5215.0,0.005,1148,99,3.0
5215.5,0.005,1149,99,3.0
5216.0,0.005,1149,99,3.0
5216.5,0.005,1149,99,3.6
5217.0,0.005,1150,99,3.6
5217.5,0.008,1150,99,3.6
5218.0,0.005,1150,100,4.2
5218.5,0.005,1151,100,4.800000000000001
5219.0,0.008,1151,100,4.800000000000001
5219.5,0.005,1151,100,4.2
5220.0,0.005,1152,101,4.2
5220.5,0.008,1152,99,3.6
5221.0,0.006,1152,100,3.6
5221.5,0.005,1152,100,3.6
5222.0,0.003,1153,100,4.2
5222.5,0.006,1153,100,4.2
5223.0,0.003,1153,100,4.2
5223.5,0.01,1154,100,4.2
5224.0,0.003,1154,99,4.2
5224.5,0.006,1154,100,3.6
5225.0,0.005,1155,100,3.6
5225.5,0.005,1155,100,3.0
5226.0,0.003,1155,100,3.0
5226.5,0.006,1155,100,3.0
5227.0,0.003,1156,100,3.0
5227.5,0.003,1156,100,3.6
5228.0,0.005,1156,100,3.6
5228.5,0.005,1157,100,2.4000000000000004
5229.0,0.005,1157,100,2.4000000000000004
5229.5,0.008,1157,101,1.8
5230.0,0.003,1158,101,1.8
5230.5,0.005,1158,100,1.8
5231.0,0.003,1158,100,1.8
5231.5,0.005,1159,99,1.8
5232.0,0.008,1159,98,1.8
5232.5,0.005,1159,98,1.8
5233.0,0.005,1160,98,1.8
5233.5,0.005,1160,97,0.6000000000000001
5234.0,0.005,1160,97,0.0
5234.5,0.006,1161,98,0.0
5235.0,0.005,1161,98,0.0
5235.5,0.005,1161,98,0.0
5236.0,0.003,1161,98,0.0
5236.5,0.003,1162,98,0.0
5237.0,0.005,1162,98,0.0
5237.5,0.005,1162,98,0.0
5238.0,0.005,1163,98,0.0
5238.5,0.006,1163,99,0.0
5239.0,0.005,1163,99,0.0
5239.5,0.006,1163,99,0.6000000000000001
5240.0,0.005,1164,100,0.6000000000000001
5240.5,0.003,1164,100,0.6000000000000001
5241.0,0.005,1164,100,0.6000000000000001
5241.5,0.006,1165,100,0.6000000000000001
5242.0,0.002,1165,100,0.6000000000000001
5242.5,0.003,1165,99,0.6000000000000001
5243.0,0.003,1166,100,0.6000000000000001
5243.5,0.005,1166,99,0.6000000000000001
5244.0,0.003,1166,99,1.8
5244.5,0.006,1167,99,3.6
5245.0,0.003,1167,99,4.2
5245.5,0.005,1167,99,4.2
5246.0,0.005,1167,100,4.2
5246.5,0.003,1168,99,3.6
5247.0,0.002,1168,99,3.6
5247.5,0.006,1168,99,3.6
5248.0,0.005,1169,99,3.6
5248.5,0.006,1169,98,3.6
5249.0,0.005,1169,98,3.6
5249.5,0.005,1169,99,4.2
5250.0,0.003,1170,99,4.2
5250.5,0.005,1170,99,4.800000000000001
5251.0,0.005,1170,100,4.800000000000001
5251.5,0.006,1171,100,4.800000000000001
5252.0,0.006,1171,100,4.2
5252.5,0.003,1171,100,4.2
5253.0,0.006,1172,100,3.6
5253.5,0.005,1172,100,3.6
5254.0,0.006,1172,100,3.6
5254.5,0.006,1172,100,4.2
5255.0,0.006,1173,100,3.6
5255.5,0.003,1173,100,4.2
5256.0,0.003,1173,100,4.2
5256.5,0.005,1174,100,3.6
5257.0,0.005,1174,100,3.6
5257.5,0.006,1174,100,3.0
5258.0,0.005,1175,100,3.0
5258.5,0.003,1175,101,3.0
5259.0,0.002,1175,100,3.0
5259.5,0.005,1176,101,3.6
5260.0,0.003,1176,100,3.6
5260.5,0.006,1176,100,3.0
5261.0,0.005,1176,100,2.4000000000000004
5261.5,0.005,1177,100,1.8
5262.0,0.002,1177,101,1.8
5262.5,0.005,1177,100,1.8
5263.0,0.005,1178,100,1.8
5263.5,0.005,1178,99,1.8
5264.0,0.003,1178,99,1.8
5264.5,0.003,1178,98,1.8
5265.0,0.003,1179,98,1.8
5265.5,0.008,1179,97,1.8
5266.0,0.005,1179,97,1.2000000000000002
5266.5,0.006,1180,97,0.6000000000000001
5267.0,0.003,1180,97,0.0
5267.5,0.003,1180,97,0.0
5268.0,0.005,1181,98,0.0
5268.5,0.006,1181,98,0.0
5269.0,0.006,1181,98,0.0
5269.5,0.005,1181,97,0.0
5270.0,0.006,1182,98,0.0
5270.5,0.003,1182,98,0.0
5271.0,0.005,1182,98,0.0
5271.5,0.005,1183,99,0.0
5272.0,0.006,1183,99,0.6000000000000001
5272.5,0.003,1183,100,0.6000000000000001
5273.0,0.006,1184,100,0.6000000000000001
5273.5,0.003,1184,101,0.6000000000000001
5274.0,0.005,1184,101,0.6000000000000001
5274.5,0.003,1184,100,0.6000000000000001
5275.0,0.005,1185,100,0.6000000000000001
5275.5,0.002,1185,100,0.6000000000000001
5276.0,0.003,1185,100,0.6000000000000001
5276.5,0.002,1186,99,1.2000000000000002
5277.0,0.003,1186,99,3.0
5277.5,0.003,1186,99,3.6
5278.0,0.003,1187,100,4.2
5278.5,0.002,1187,100,3.6
5279.0,0.006,1187,100,3.6
5279.5,0.003,1187,99,3.0
5280.0,0.005,1188,99,3.6
5280.5,0.005,1188,99,3.0
5281.0,0.003,1188,99,3.6
5281.5,0.003,1189,99,3.6
5282.0,0.006,1189,99,4.2
5282.5,0.005,1189,99,4.2
5283.0,0.005,1190,99,4.2
5283.5,0.003,1190,100,4.800000000000001
5284.0,0.005,1190,100,4.800000000000001
5284.5,0.005,1191,100,4.2
5285.0,0.005,1191,100,4.2
5285.5,0.003,1191,100,4.2
5286.0,0.003,1191,100,3.6
5286.5,0.003,1192,100,3.6
5287.0,0.003,1192,100,4.2
5287.5,0.003,1192,100,4.2
5288.0,0.005,1193,100,4.2
5288.5,0.005,1193,100,4.2
5289.0,0.003,1193,100,4.2
5289.5,0.003,1193,100,3.6
5290.0,0.002,1194,100,3.6
5290.5,0.003,1194,100,3.0
5291.0,0.005,1194,100,3.0
5291.5,0.002,1195,100,3.0
5292.0,0.002,1195,100,3.6
5292.5,0.002,1195,100,3.6
5293.0,0.002,1196,100,3.6
5293.5,0.002,1196,100,2.4000000000000004
5294.0,0.006,1196,100,1.8
5294.5,0.003,1197,101,1.8
5295.0,0.002,1197,101,1.8
5295.5,0.002,1197,100,1.8
5296.0,0.002,1197,100,1.8
5296.5,0.002,1198,99,1.8
5297.0,0.006,1198,99,1.8
5297.5,0.002,1198,98,1.2000000000000002
5298.0,0.003,1199,98,1.8
5298.5,0.003,1199,98,1.2000000000000002
5299.0,0.005,1199,98,0.6000000000000001
5299.5,0.003,1199,98,0.0
5300.0,0.008,1200,98,0.0
5300.5,0.003,1200,98,0.0
5301.0,0.002,1200,98,0.0
5301.5,0.003,1201,98,0.0
5302.0,0.005,1201,98,0.0
5302.5,0.003,1201,98,0.0
5303.0,0.005,1202,97,0.0
5303.5,0.003,1202,98,0.0
5304.0,0.003,1202,99,0.0
5304.5,0.003,1202,99,0.0
5305.0,0.003,1203,100,0.6000000000000001
5305.5,0.005,1203,100,0.6000000000000001
5306.0,0.005,1203,100,0.6000000000000001
5306.5,0.003,1204,101,0.6000000000000001
5307.0,0.003,1204,100,0.6000000000000001
5307.5,0.005,1204,100,0.6000000000000001
5308.0,0.003,1205,100,0.6000000000000001
5308.5,0.003,1205,100,0.6000000000000001
5309.0,0.002,1205,99,1.2000000000000002
5309.5,0.003,1205,99,2.4000000000000004
5310.0,0.002,1206,99,3.6
5310.5,0.003,1206,99,4.2
5311.0,0.003,1206,100,4.2
5311.5,0.005,1207,100,4.2
5312.0,0.003,1207,99,3.6
5312.5,0.005,1207,99,3.6
5313.0,0.003,1207,99,3.6
5313.5,0.006,1208,99,3.6
5314.0,0.005,1208,98,3.6
5314.5,0.005,1208,99,3.6
5315.0,0.005,1209,99,4.2
5315.5,0.005,1209,99,4.2
5316.0,0.003,1209,100,4.800000000000001
5316.5,0.006,1210,100,4.800000000000001
5317.0,0.003,1210,100,4.800000000000001
5317.5,0.005,1210,100,4.2
5318.0,0.005,1211,100,3.6
5318.5,0.006,1211,100,3.6
5319.0,0.005,1211,100,3.6
5319.5,0.005,1211,100,4.2
5320.0,0.005,1212,100,4.800000000000001
5320.5,0.006,1212,100,4.2
5321.0,0.003,1212,100,4.2
5321.5,0.005,1213,100,4.2
5322.0,0.002,1213,100,3.6
5322.5,0.006,1213,100,3.6
5323.0,0.002,1214,100,3.6
5323.5,0.005,1214,100,3.0
5324.0,0.003,1214,100,3.0
5324.5,0.005,1214,101,3.0
5325.0,0.002,1215,100,3.6
5325.5,0.005,1215,100,3.6
5326.0,0.003,1215,100,3.0
5326.5,0.005,1216,100,2.4000000000000004
5327.0,0.002,1216,100,1.8
5327.5,0.005,1216,101,1.8
5328.0,0.003,1217,100,1.8
5328.5,0.008,1217,100,1.8
5329.0,0.002,1217,99,1.8
5329.5,0.003,1217,99,1.8
5330.0,0.003,1218,98,1.8
5330.5,0.005,1218,98,1.8
5331.0,0.006,1218,97,1.8
5331.5,0.005,1219,98,1.2000000000000002
5332.0,0.005,1219,98,0.6000000000000001
5332.5,0.003,1219,98,0.0
5333.0,0.005,1220,98,0.0
5333.5,0.005,1220,98,0.0
5334.0,0.005,1220,98,0.0
5334.5,0.006,1220,98,0.0
5335.0,0.005,1221,98,0.0
5335.5,0.005,1221,98,0.0
5336.0,0.005,1221,98,0.0
5336.5,0.005,1222,98,0.0
5337.0,0.005,1222,100,0.0
5337.5,0.005,1222,99,0.6000000000000001
5338.0,0.003,1222,100,0.6000000000000001
5338.5,0.005,1223,101,0.6000000000000001
5339.0,0.005,1223,101,0.6000000000000001
5339.5,0.005,1223,101,0.6000000000000001
5340.0,0.003,1224,100,0.6000000000000001
5340.5,0.005,1224,100,0.6000000000000001
5341.0,0.005,1224,100,0.6000000000000001
5341.5,0.003,1225,100,0.6000000000000001
5342.0,0.003,1225,99,1.8
5342.5,0.005,1225,99,3.0
5343.0,0.003,1226,100,4.2
5343.5,0.005,1226,100,4.2
5344.0,0.005,1226,100,4.2
5344.5,0.003,1226,100,3.6
5345.0,0.006,1227,100,3.6
5345.5,0.005,1227,99,3.6
5346.0,0.005,1227,99,3.0
5346.5,0.006,1228,99,3.6
5347.0,0.005,1228,99,4.2
5347.5,0.005,1228,99,4.2
5348.0,0.006,1229,100,4.2
5348.5,0.005,1229,100,4.800000000000001
5349.0,0.005,1229,100,4.800000000000001
5349.5,0.005,1229,100,4.800000000000001
5350.0,0.005,1230,100,4.2
5350.5,0.003,1230,101,4.2
5351.0,0.006,1230,100,3.6
5351.5,0.005,1231,100,3.6
5352.0,0.006,1231,100,3.6
5352.5,0.005,1231,100,4.2
5353.0,0.003,1232,100,4.2
5353.5,0.005,1232,100,3.6
5354.0,0.008,1232,100,3.6
5354.5,0.003,1232,100,3.6
5355.0,0.006,1233,100,3.6
5355.5,0.003,1233,100,3.6
5356.0,0.003,1233,101,3.0
5356.5,0.005,1234,101,3.0
5357.0,0.006,1234,101,3.0
5357.5,0.005,1234,101,3.6
5358.0,0.005,1235,100,3.6
5358.5,0.003,1235,100,3.0
5359.0,0.005,1235,100,2.4000000000000004
5359.5,0.005,1236,101,1.8
5360.0,0.006,1236,101,1.8
5360.5,0.003,1236,101,1.8
5361.0,0.005,1236,100,1.8
5361.5,0.005,1237,100,1.8
5362.0,0.005,1237,99,1.8
5362.5,0.005,1237,99,1.8
5363.0,0.008,1238,98,1.8
5363.5,0.005,1238,98,1.8
5364.0,0.005,1238,98,1.2000000000000002
5364.5,0.005,1238,98,0.6000000000000001
5365.0,0.005,1239,98,0.0
5365.5,0.005,1239,98,0.0
5366.0,0.01,1239,98,0.0
5366.5,0.005,1240,98,0.0
5367.0,0.005,1240,98,0.0
5367.5,0.005,1240,98,0.0
5368.0,0.006,1241,98,0.0
5368.5,0.005,1241,98,0.0
5369.0,0.008,1241,98,0.0
5369.5,0.008,1241,99,0.0
5370.0,0.005,1242,99,0.6000000000000001
5370.5,0.006,1242,100,0.6000000000000001
5371.0,0.006,1242,100,0.6000000000000001
5371.5,0.005,1243,100,0.6000000000000001
5372.0,0.008,1243,101,0.6000000000000001
5372.5,0.006,1243,100,0.6000000000000001
5373.0,0.005,1244,100,0.6000000000000001
5373.5,0.003,1244,100,0.6000000000000001
5374.0,0.005,1244,100,0.6000000000000001
5374.5,0.003,1244,100,1.2000000000000002
5375.0,0.005,1245,99,3.0
5375.5,0.005,1245,99,3.6
5376.0,0.003,1245,100,4.2
5376.5,0.006,1246,100,4.2
5377.0,0.005,1246,100,3.6
5377.5,0.005,1246,100,3.6
5378.0,0.005,1247,99,3.0
5378.5,0.005,1247,99,3.0
5379.0,0.005,1247,99,3.6
5379.5,0.006,1247,99,3.6
5380.0,0.006,1248,99,4.2
5380.5,0.005,1248,100,3.6
5381.0,0.006,1248,100,4.2
5381.5,0.006,1249,100,4.800000000000001
5382.0,0.005,1249,100,4.800000000000001
5382.5,0.006,1249,100,4.2
5383.0,0.003,1250,101,3.6
5383.5,0.005,1250,100,3.6
5384.0,0.005,1250,100,3.6
5384.5,0.008,1250,100,3.6
5385.0,0.005,1251,100,4.2
5385.5,0.006,1251,100,4.2
5386.0,0.006,1251,100,3.6
5386.5,0.005,1252,101,3.6
5387.0,0.005,1252,100,3.6
5387.5,0.006,1252,100,3.6
5388.0,0.005,1253,101,3.6
5388.5,0.006,1253,101,3.0
5389.0,0.003,1253,100,3.0
5389.5,0.005,1254,101,3.0
5390.0,0.003,1254,101,3.6
5390.5,0.006,1254,101,3.6
5391.0,0.005,1254,100,3.0
5391.5,0.006,1255,100,2.4000000000000004
5392.0,0.003,1255,101,1.8
5392.5,0.003,1255,101,1.8
5393.0,0.003,1256,101,1.8
5393.5,0.006,1256,101,1.8
5394.0,0.003,1256,100,1.8
5394.5,0.006,1256,99,1.2000000000000002
5395.0,0.003,1257,99,1.2000000000000002
5395.5,0.003,1257,98,1.2000000000000002
5396.0,0.005,1257,98,1.8
5396.5,0.006,1258,98,1.2000000000000002
5397.0,0.005,1258,97,0.6000000000000001
5397.5,0.006,1258,98,0.0
5398.0,0.006,1259,97,0.0
5398.5,0.006,1259,98,0.0
5399.0,0.005,1259,98,0.0
5399.5,0.008,1260,98,0.0
5400.0,0.003,1260,98,0.0
5400.5,0.008,1260,98,0.0
5401.0,0.008,1260,98,0.0
5401.5,0.006,1261,98,0.0
5402.0,0.005,1261,99,0.0
5402.5,0.006,1261,99,0.0
5403.0,0.006,1262,100,0.6000000000000001
5403.5,0.006,1262,100,0.6000000000000001
5404.0,0.008,1262,100,0.6000000000000001
5404.5,0.005,1262,101,0.6000000000000001
5405.0,0.005,1263,101,0.6000000000000001
5405.5,0.006,1263,100,0.6000000000000001
5406.0,0.006,1263,100,0.6000000000000001
5406.5,0.005,1264,100,0.6000000000000001
5407.0,0.006,1264,99,0.6000000000000001
5407.5,0.003,1264,99,2.4000000000000004
5408.0,0.003,1265,99,3.6
5408.5,0.005,1265,100,4.2
5409.0,0.003,1265,100,4.2
5409.5,0.003,1265,100,3.6
5410.0,0.008,1266,100,3.6
5410.5,0.005,1266,99,3.0
5411.0,0.005,1266,99,3.0
5411.5,0.006,1267,99,3.0
5412.0,0.005,1267,99,3.6
5412.5,0.005,1267,99,3.6
5413.0,0.006,1268,99,3.6
5413.5,0.005,1268,100,4.2
5414.0,0.005,1268,100,4.800000000000001
5414.5,0.006,1268,100,4.800000000000001
5415.0,0.006,1269,100,4.800000000000001
5415.5,0.005,1269,100,4.2
5416.0,0.006,1269,100,3.6
5416.5,0.005,1270,100,3.6
5417.0,0.005,1270,100,3.6
5417.5,0.005,1270,100,3.6
5418.0,0.006,1271,100,4.800000000000001
5418.5,0.005,1271,100,3.6
5419.0,0.006,1271,99,3.6
5419.5,0.006,1271,100,3.6
5420.0,0.008,1272,100,3.6
5420.5,0.005,1272,100,3.6
5421.0,0.006,1272,100,3.0
5421.5,0.005,1273,101,3.0
5422.0,0.006,1273,100,3.0
5422.5,0.005,1273,100,3.0
5423.0,0.006,1274,100,3.6
5423.5,0.005,1274,100,3.6
5424.0,0.006,1274,100,2.4000000000000004
5424.5,0.006,1275,100,2.4000000000000004
5425.0,0.006,1275,100,1.8
5425.5,0.005,1275,101,1.8
5426.0,0.005,1275,101,1.8
5426.5,0.003,1276,100,1.8
5427.0,0.005,1276,99,1.8
5427.5,0.006,1276,99,1.8
5428.0,0.006,1277,98,1.8
5428.5,0.005,1277,98,1.8
5429.0,0.006,1277,98,1.8
5429.5,0.005,1278,98,0.6000000000000001
5430.0,0.006,1278,98,0.0
5430.5,0.006,1278,98,0.0
5431.0,0.008,1278,98,0.0
5431.5,0.006,1279,98,0.0
5432.0,0.006,1279,98,0.0
5432.5,0.006,1279,98,0.0
5433.0,0.008,1280,98,0.0
5433.5,0.005,1280,98,0.0
5434.0,0.006,1280,98,0.0
5434.5,0.006,1280,99,0.0
5435.0,0.008,1281,99,0.0
5435.5,0.008,1281,99,0.6000000000000001
5436.0,0.008,1281,100,0.6000000000000001
5436.5,0.006,1282,100,0.6000000000000001
5437.0,0.01,1282,101,0.6000000000000001
5437.5,0.006,1282,101,0.6000000000000001
5438.0,0.008,1283,100,0.6000000000000001
5438.5,0.006,1283,100,0.6000000000000001
5439.0,0.006,1283,100,0.6000000000000001
5439.5,0.005,1284,100,0.6000000000000001
5440.0,0.008,1284,99,1.8
5440.5,0.008,1284,99,3.6
5441.0,0.008,1284,100,4.2
5441.5,0.006,1285,100,4.2
5442.0,0.006,1285,100,4.2
5442.5,0.005,1285,100,3.6
5443.0,0.008,1286,100,3.6
5443.5,0.008,1286,99,3.0
5444.0,0.01,1286,99,3.6
5444.5,0.006,1286,99,3.6
5445.0,0.006,1287,99,3.6
5445.5,0.006,1287,99,4.2
5446.0,0.008,1287,100,4.2
5446.5,0.006,1288,100,4.800000000000001
5447.0,0.008,1288,100,4.800000000000001
5447.5,0.008,1288,100,4.800000000000001
5448.0,0.008,1289,100,4.2
5448.5,0.006,1289,100,4.2
5449.0,0.008,1289,100,3.6
5449.5,0.006,1289,100,3.6
5450.0,0.008,1290,100,4.2
5450.5,0.008,1290,100,4.2
5451.0,0.006,1290,100,4.2
5451.5,0.006,1291,100,4.2
5452.0,0.006,1291,100,4.2
5452.5,0.008,1291,100,4.2
5453.0,0.006,1292,100,3.6
5453.5,0.008,1292,100,3.6
5454.0,0.005,1292,101,3.0
5454.5,0.006,1292,100,3.0
5455.0,0.006,1293,101,3.0
5455.5,0.008,1293,101,3.0
5456.0,0.006,1293,100,3.6
5456.5,0.006,1294,100,3.0
5457.0,0.005,1294,100,2.4000000000000004
5457.5,0.008,1294,100,1.8
5458.0,0.006,1295,101,1.8
5458.5,0.006,1295,100,1.8
5459.0,0.005,1295,100,1.8
5459.5,0.006,1295,99,1.8
5460.0,0.005,1296,99,1.8
5460.5,0.006,1296,98,1.8
5461.0,0.005,1296,98,1.8
5461.5,0.008,1297,97,1.8
5462.0,0.005,1297,98,1.2000000000000002
5462.5,0.006,1297,97,0.6000000000000001
5463.0,0.006,1298,97,0.6000000000000001
5463.5,0.006,1298,97,0.0
5464.0,0.006,1298,98,0.0
5464.5,0.006,1299,98,0.0
5465.0,0.006,1299,97,0.0
5465.5,0.01,1299,97,0.0
5466.0,0.006,1299,98,0.0
5466.5,0.006,1300,97,0.0
5467.0,0.008,1300,98,0.0
5467.5,0.006,1300,99,0.0
5468.0,0.006,1301,98,0.0
5468.5,0.008,1301,99,0.6000000000000001
5469.0,0.008,1301,100,0.6000000000000001
5469.5,0.006,1301,100,0.6000000000000001
5470.0,0.006,1302,100,0.6000000000000001
5470.5,0.008,1302,100,0.6000000000000001
5471.0,0.006,1302,100,0.6000000000000001
5471.5,0.006,1303,99,0.6000000000000001
5472.0,0.006,1303,100,0.6000000000000001
5472.5,0.003,1303,99,1.2000000000000002
5473.0,0.006,1304,99,3.0
5473.5,0.006,1304,99,4.2
5474.0,0.005,1304,100,4.2
5474.5,0.006,1304,100,4.2
5475.0,0.006,1305,100,4.2
5475.5,0.005,1305,100,3.6
5476.0,0.003,1305,99,3.6
5476.5,0.006,1306,99,3.6
5477.0,0.005,1306,99,3.6
5477.5,0.006,1306,99,3.6
5478.0,0.006,1307,99,4.2
5478.5,0.006,1307,99,4.2
5479.0,0.008,1307,100,4.800000000000001
5479.5,0.008,1307,100,4.800000000000001
5480.0,0.006,1308,100,4.800000000000001
5480.5,0.006,1308,100,4.800000000000001
5481.0,0.006,1308,101,4.2
5481.5,0.005,1309,100,4.2
5482.0,0.008,1309,100,3.6
5482.5,0.008,1309,100,4.2
5483.0,0.008,1310,100,4.2
5483.5,0.006,1310,100,4.2
5484.0,0.006,1310,100,3.6
5484.5,0.005,1310,100,4.2
5485.0,0.01,1311,100,4.2
5485.5,0.008,1311,101,4.2
5486.0,0.006,1311,101,3.6
5486.5,0.006,1312,101,3.0
5487.0,0.006,1312,101,3.0
5487.5,0.008,1312,101,3.0
5488.0,0.01,1313,101,3.6
5488.5,0.008,1313,101,3.6
5489.0,0.006,1313,101,3.0
5489.5,0.008,1314,101,2.4000000000000004
5490.0,0.008,1314,101,2.4000000000000004
5490.5,0.005,1314,101,1.8
5491.0,0.01,1314,101,1.8
5491.5,0.005,1315,101,1.8
5492.0,0.005,1315,100,1.8
5492.5,0.008,1315,100,1.8
5493.0,0.006,1316,99,1.8
5493.5,0.006,1316,98,1.8
5494.0,0.006,1316,98,1.8
5494.5,0.006,1316,98,1.2000000000000002
5495.0,0.008,1317,98,0.6000000000000001
5495.5,0.006,1317,98,0.0
5496.0,0.006,1317,98,0.0
5496.5,0.006,1318,98,0.0
5497.0,0.008,1318,98,0.0
5497.5,0.006,1318,98,0.0
5498.0,0.006,1319,98,0.0
5498.5,0.006,1319,98,0.0
5499.0,0.006,1319,98,0.0
5499.5,0.006,1319,98,0.0
5500.0,0.008,1320,99,0.0
5500.5,0.006,1320,99,0.0
5501.0,0.006,1320,100,0.6000000000000001
5501.5,0.008,1321,100,0.6000000000000001
5502.0,0.008,1321,101,0.6000000000000001
5502.5,0.006,1321,101,0.6000000000000001
5503.0,0.006,1322,100,0.6000000000000001
5503.5,0.008,1322,100,0.6000000000000001
5504.0,0.006,1322,100,0.0
5504.5,0.006,1323,100,0.6000000000000001
5505.0,0.006,1323,99,1.2000000000000002
5505.5,0.006,1323,99,2.4000000000000004
5506.0,0.008,1323,99,3.6
5506.5,0.008,1324,100,4.2
5507.0,0.006,1324,100,4.2
5507.5,0.006,1324,100,3.6
5508.0,0.008,1325,100,3.6
5508.5,0.006,1325,99,3.6
5509.0,0.008,1325,99,3.0
5509.5,0.006,1325,99,3.6
5510.0,0.01,1326,99,3.6
5510.5,0.006,1326,99,3.6
5511.0,0.008,1329,100,4.2
5511.5,0.008,1330,100,3.6
5512.0,0.003,1330,100,4.2
5512.5,0.006,1330,100,4.2
5513.0,0.01,1331,101,3.6
5513.5,0.011,1331,101,3.6
5514.0,0.008,1331,101,3.0
5514.5,0.01,1332,101,3.0
5515.0,0.008,1332,101,3.0
5515.5,0.006,1332,101,3.0
5516.0,0.01,1332,101,3.0
5516.5,0.011,1333,101,3.0
5517.0,0.006,1333,100,2.4000000000000004
5517.5,0.01,1333,101,2.4000000000000004
5518.0,0.008,1334,101,1.8
5518.5,0.006,1334,101,1.8
5519.0,0.011,1334,101,1.8
5519.5,0.008,1335,100,1.8
5520.0,0.006,1335,100,1.8
5520.5,0.006,1335,99,1.8
5521.0,0.008,1335,99,1.8
5521.5,0.006,1336,98,1.8
5522.0,0.008,1336,98,1.8
5522.5,0.011,1336,98,0.6000000000000001
5523.0,0.006,1337,98,0.0
5523.5,0.008,1337,98,0.0
5524.0,0.008,1337,99,0.0
5524.5,0.006,1338,99,0.0
5525.0,0.006,1338,99,0.0
5525.5,0.008,1338,98,0.0
5526.0,0.006,1338,99,0.0
5526.5,0.011,1339,98,0.0
5527.0,0.011,1339,99,0.0
5527.5,0.008,1339,100,0.0
5528.0,0.006,1340,99,0.0
5528.5,0.01,1340,100,0.6000000000000001
5529.0,0.006,1340,101,0.6000000000000001
5529.5,0.01,1340,101,0.6000000000000001
5530.0,0.008,1341,101,0.6000000000000001
5530.5,0.01,1341,101,0.6000000000000001
5531.0,0.008,1341,100,0.6000000000000001
5531.5,0.01,1342,100,0.6000000000000001
5532.0,0.006,1342,100,0.0
5532.5,0.01,1342,100,0.6000000000000001
5533.0,0.008,1343,99,2.4000000000000004
5533.5,0.008,1343,99,3.6
5534.0,0.008,1343,100,4.2
5534.5,0.008,1343,101,4.2
5535.0,0.005,1344,100,3.6
5535.5,0.01,1344,100,3.6
5536.0,0.006,1344,99,3.6
5536.5,0.006,1345,99,3.6
5537.0,0.005,1346,99,3.6
5537.5,0.01,1346,99,3.6
5538.0,0.008,1346,100,4.2
5538.5,0.01,1347,100,4.800000000000001
5539.0,0.008,1347,100,4.800000000000001
5539.5,0.006,1347,100,4.2
5540.0,0.006,1347,101,4.2
5540.5,0.01,1348,100,3.6
5541.0,0.006,1348,100,3.6
5541.5,0.008,1348,100,3.6
5542.0,0.006,1349,100,3.6
5542.5,0.01,1349,100,4.2
5543.0,0.006,1349,100,3.6
5543.5,0.011,1350,100,4.2
5544.0,0.008,1350,100,4.2
5544.5,0.006,1350,100,3.6
5545.0,0.005,1350,100,3.6
5545.5,0.008,1351,101,3.0
5546.0,0.006,1351,101,3.0
5546.5,0.01,1351,100,3.0
5547.0,0.008,1352,101,3.0
5547.5,0.006,1352,101,3.6
5548.0,0.006,1352,100,3.6
5548.5,0.008,1353,100,3.0
5549.0,0.006,1353,101,2.4000000000000004
5549.5,0.01,1353,101,1.8
5550.0,0.008,1353,101,1.8
5550.5,0.006,1354,101,1.8
5551.0,0.006,1354,100,1.8
5551.5,0.011,1354,100,1.8
5552.0,0.008,1355,99,1.8
5552.5,0.01,1355,99,1.8
5553.0,0.006,1355,98,1.8
5553.5,0.006,1356,98,1.8
5554.0,0.006,1356,98,0.6000000000000001
5554.5,0.006,1356,98,0.0
5555.0,0.008,1357,98,0.0
5555.5,0.008,1357,98,0.0
5556.0,0.006,1357,98,0.0
5556.5,0.006,1357,98,0.0
5557.0,0.006,1358,97,0.0
5557.5,0.006,1358,98,0.0
5558.0,0.008,1358,98,0.0
5558.5,0.006,1359,98,0.0
5559.0,0.008,1359,98,0.0
5559.5,0.006,1359,99,0.0
5560.0,0.008,1359,99,0.6000000000000001
5560.5,0.006,1360,100,0.6000000000000001
5561.0,0.008,1360,100,0.6000000000000001
5561.5,0.006,1360,101,0.6000000000000001
5562.0,0.008,1361,101,0.6000000000000001
5562.5,0.008,1361,100,0.6000000000000001
5563.0,0.006,1361,100,0.6000000000000001
5563.5,0.006,1362,100,0.6000000000000001
5564.0,0.008,1362,99,0.6000000000000001
5564.5,0.01,1362,99,1.8
5565.0,0.008,1362,99,3.0
5565.5,0.006,1363,99,4.2
5566.0,0.008,1363,100,4.2
5566.5,0.006,1363,100,4.2
5567.0,0.008,1364,100,3.6
5567.5,0.006,1364,99,3.6
5568.0,0.006,1364,99,3.6
5568.5,0.006,1365,99,3.0
5569.0,0.008,1365,99,3.6
5569.5,0.006,1365,99,3.6
5570.0,0.008,1365,99,4.2
5570.5,0.003,1366,99,3.6
5571.0,0.006,1366,99,4.2
5571.5,0.008,1366,100,4.800000000000001
5572.0,0.006,1367,100,4.800000000000001
5572.5,0.008,1367,100,4.2
5573.0,0.006,1367,100,3.6
5573.5,0.006,1368,100,3.6
5574.0,0.008,1368,100,3.6
5574.5,0.006,1368,100,3.6
5575.0,0.008,1368,100,4.2
5575.5,0.006,1369,100,3.6
5576.0,0.006,1369,100,3.6
5576.5,0.006,1369,100,3.6
5577.0,0.006,1370,100,3.6
5577.5,0.008,1370,101,3.6
5578.0,0.008,1370,100,3.0
5578.5,0.008,1371,100,3.0
5579.0,0.006,1371,101,3.0
5579.5,0.005,1371,101,3.0
5580.0,0.006,1372,101,3.0
5580.5,0.006,1372,101,3.6
5581.0,0.011,1372,101,3.0
5581.5,0.006,1372,101,2.4000000000000004
5582.0,0.006,1373,101,1.8
5582.5,0.005,1373,101,1.8
5583.0,0.008,1373,101,1.8
5583.5,0.006,1374,101,1.8
5584.0,0.008,1374,100,1.8
5584.5,0.008,1374,100,1.2000000000000002
5585.0,0.005,1375,99,1.8
5585.5,0.005,1375,99,1.2000000000000002
5586.0,0.005,1375,98,1.8
5586.5,0.006,1375,98,1.2000000000000002
5587.0,0.008,1376,98,0.6000000000000001
5587.5,0.006,1376,98,0.0
5588.0,0.006,1376,98,0.0
5588.5,0.005,1377,99,0.0
5589.0,0.006,1377,99,0.0
5589.5,0.006,1377,98,0.0
5590.0,0.005,1377,98,0.0
5590.5,0.005,1378,98,0.0
5591.0,0.006,1378,99,0.0
5591.5,0.005,1378,99,0.0
5592.0,0.008,1379,99,0.0
5592.5,0.006,1379,100,0.6000000000000001
5593.0,0.005,1379,100,0.6000000000000001
5593.5,0.006,1380,101,0.6000000000000001
5594.0,0.006,1380,101,0.6000000000000001
5594.5,0.005,1380,101,0.6000000000000001
5595.0,0.005,1381,100,0.6000000000000001
5595.5,0.005,1381,100,0.6000000000000001
5596.0,0.005,1381,100,0.6000000000000001
5596.5,0.006,1381,100,0.6000000000000001
5597.0,0.005,1382,100,1.8
5597.5,0.006,1382,99,3.0
5598.0,0.006,1382,99,4.2
5598.5,0.006,1383,100,4.2
5599.0,0.006,1383,100,4.2
5599.5,0.006,1383,100,3.6
5600.0,0.005,1383,100,3.6
5600.5,0.005,1384,99,3.6
5601.0,0.005,1384,99,3.0
5601.5,0.003,1384,99,3.6
5602.0,0.005,1385,99,3.6
5602.5,0.006,1385,99,4.2
5603.0,0.002,1385,100,4.2
5603.5,0.005,1386,99,4.2
5604.0,0.005,1386,100,4.800000000000001
5604.5,0.003,1386,100,4.800000000000001
5605.0,0.005,1386,100,4.2
5605.5,0.005,1387,100,4.2
5606.0,0.003,1387,100,3.6
5606.5,0.003,1387,100,3.6
5607.0,0.005,1388,100,3.6
5607.5,0.003,1388,100,4.2
5608.0,0.005,1388,100,4.2
5608.5,0.003,1389,100,4.2
5609.0,0.006,1389,100,3.6
5609.5,0.005,1390,100,3.6
5610.0,0.005,1390,101,3.6
5610.5,0.003,1390,101,3.0
5611.0,0.005,1390,100,3.0
5611.5,0.005,1391,101,3.0
5612.0,0.006,1391,101,3.0
5612.5,0.005,1391,101,3.6
5613.0,0.006,1392,101,3.0
5613.5,0.005,1392,100,2.4000000000000004
5614.0,0.005,1392,101,1.8
5614.5,0.005,1393,101,1.8
5615.0,0.006,1393,101,1.8
5615.5,0.005,1393,101,1.8
5616.0,0.006,1393,100,1.8
5616.5,0.005,1394,99,1.8
5617.0,0.006,1394,99,1.8
5617.5,0.003,1394,99,1.8
5618.0,0.005,1395,98,1.8
5618.5,0.005,1395,98,1.2000000000000002
5619.0,0.002,1395,98,0.6000000000000001
5619.5,0.003,1396,98,0.0
5620.0,0.005,1396,98,0.0
5620.5,0.003,1396,99,0.0
5621.0,0.003,1396,99,0.0
5621.5,0.005,1397,98,0.0
5622.0,0.003,1397,98,0.0
5622.5,0.003,1397,98,0.0
5623.0,0.005,1398,98,0.0
5623.5,0.005,1398,99,0.0
5624.0,0.005,1398,99,0.0
5624.5,0.006,1399,99,0.6000000000000001
5625.0,0.005,1399,100,0.6000000000000001
5625.5,0.003,1399,100,0.6000000000000001
5626.0,0.006,1399,101,0.6000000000000001
5626.5,0.005,1400,101,0.6000000000000001
5627.0,0.005,1400,100,0.6000000000000001
5627.5,0.005,1400,100,0.6000000000000001
5628.0,0.005,1401,100,0.6000000000000001
5628.5,0.005,1401,99,0.6000000000000001
5629.0,0.006,1401,99,1.2000000000000002
5629.5,0.005,1401,98,3.0
5630.0,0.005,1402,99,3.6
5630.5,0.006,1402,100,4.2
5631.0,0.006,1402,100,4.2
5631.5,0.005,1403,99,3.6
5632.0,0.003,1403,99,3.6
5632.5,0.003,1403,99,3.6
5633.0,0.003,1404,99,3.6
5633.5,0.006,1404,98,3.6
5634.0,0.005,1404,98,3.6
5634.5,0.005,1405,98,4.2
5635.0,0.003,1405,99,4.2
5635.5,0.002,1405,99,4.2
5636.0,0.003,1405,99,4.800000000000001
5636.5,0.005,1406,100,4.800000000000001
5637.0,0.003,1406,100,4.800000000000001
5637.5,0.005,1406,100,4.2
5638.0,0.003,1407,100,4.2
5638.5,0.005,1407,100,3.6
5639.0,0.003,1407,100,4.2
5639.5,0.005,1407,99,4.2
5640.0,0.003,1408,100,4.800000000000001
5640.5,0.003,1408,99,4.2
5641.0,0.003,1408,100,4.2
5641.5,0.003,1409,100,4.2
5642.0,0.003,1409,101,4.2
5642.5,0.008,1409,100,3.6
5643.0,0.003,1410,100,3.0
5643.5,0.005,1410,100,3.0
5644.0,0.005,1410,100,3.0
5644.5,0.003,1411,101,3.0
5645.0,0.003,1411,100,3.6
5645.5,0.008,1411,100,3.6
5646.0,0.005,1411,100,2.4000000000000004
5646.5,0.006,1412,100,2.4000000000000004
5647.0,0.006,1412,101,1.8
5647.5,0.003,1412,101,1.8
5648.0,0.005,1413,101,1.8
5648.5,0.008,1413,100,1.8
5649.0,0.005,1413,99,1.8
5649.5,0.003,1414,99,1.8
5650.0,0.003,1414,98,1.8
5650.5,0.003,1414,98,1.8
5651.0,0.005,1414,98,1.8
5651.5,0.006,1415,98,0.6000000000000001
5652.0,0.005,1415,98,0.0
5652.5,0.003,1415,98,0.0
5653.0,0.003,1416,98,0.0
5653.5,0.003,1416,98,0.0
5654.0,0.003,1416,98,0.0
5654.5,0.006,1416,98,0.0
5655.0,0.008,1417,98,0.0
5655.5,0.006,1417,98,0.0
5656.0,0.006,1417,98,0.0
5656.5,0.005,1418,99,0.0
5657.0,0.003,1418,99,0.0
5657.5,0.008,1418,100,0.6000000000000001
5658.0,0.006,1419,100,0.6000000000000001
5658.5,0.008,1421,100,0.6000000000000001
5659.0,0.006,1421,99,2.4000000000000004
5659.5,0.006,1421,99,3.6
5660.0,0.005,1422,100,4.2
5660.5,0.008,1422,100,4.2
5661.0,0.006,1422,100,3.6
5661.5,0.008,1422,100,3.6
5662.0,0.005,1423,99,3.6
5662.5,0.005,1423,99,3.0
5663.0,0.003,1423,99,3.0
5663.5,0.006,1424,99,3.6
5664.0,0.006,1424,99,3.6
5664.5,0.008,1424,99,4.2
5665.0,0.006,1425,99,4.2
5665.5,0.003,1425,100,4.800000000000001
5666.0,0.005,1425,100,4.800000000000001
5666.5,0.003,1425,100,4.800000000000001
5667.0,0.003,1426,100,4.2
5667.5,0.005,1426,100,3.6
5668.0,0.006,1426,100,3.6
5668.5,0.003,1427,100,3.6
5669.0,0.005,1427,100,3.6
5669.5,0.006,1427,100,4.2
5670.0,0.005,1428,100,3.6
5670.5,0.005,1428,100,3.6
5671.0,0.008,1428,100,3.6
5671.5,0.003,1429,101,3.6
5672.0,0.005,1429,101,3.6
5672.5,0.005,1429,101,3.0
5673.0,0.006,1429,100,3.0
5673.5,0.005,1430,101,3.0
5674.0,0.01,1430,101,3.0
5674.5,0.003,1430,101,3.6
5675.0,0.005,1431,100,3.6
5675.5,0.006,1431,100,3.0
5676.0,0.006,1431,101,2.4000000000000004
5676.5,0.005,1432,101,1.8
5677.0,0.006,1432,101,1.8
5677.5,0.006,1432,101,1.8
5678.0,0.005,1432,100,1.8
5678.5,0.006,1433,99,1.8
5679.0,0.005,1433,99,1.2000000000000002
5679.5,0.005,1433,98,1.8
5680.0,0.006,1434,98,1.8
5680.5,0.005,1434,98,1.8
5681.0,0.003,1434,98,0.6000000000000001
5681.5,0.003,1435,98,0.0
5682.0,0.006,1435,98,0.0
5682.5,0.005,1435,98,0.0
5683.0,0.006,1435,98,0.0
5683.5,0.005,1436,98,0.0
5684.0,0.003,1436,98,0.0
5684.5,0.003,1436,98,0.0
5685.0,0.006,1437,98,0.0
5685.5,0.005,1437,98,0.0
5686.0,0.006,1437,99,0.0
5686.5,0.006,1438,99,0.0
5687.0,0.006,1438,99,0.6000000000000001
5687.5,0.003,1438,100,0.6000000000000001
5688.0,0.006,1438,101,0.6000000000000001
5688.5,0.006,1439,101,0.6000000000000001
5689.0,0.008,1439,101,0.6000000000000001
5689.5,0.006,1439,100,0.6000000000000001
5690.0,0.005,1440,100,0.6000000000000001
5690.5,0.005,1440,100,0.6000000000000001
5691.0,0.006,1440,100,0.6000000000000001
5691.5,0.005,1441,99,1.8
5692.0,0.006,1441,99,3.6
5692.5,0.006,1441,100,4.2
5693.0,0.005,1441,100,4.2
5693.5,0.006,1442,100,3.6
5694.0,0.006,1442,100,3.6
5694.5,0.005,1442,100,3.0
5695.0,0.006,1443,99,3.0
5695.5,0.006,1443,99,3.0
5696.0,0.006,1443,99,3.0
5696.5,0.005,1444,99,3.6
5697.0,0.005,1444,99,4.2
5697.5,0.003,1444,100,3.6
5698.0,0.006,1445,100,4.800000000000001
5698.5,0.005,1445,100,4.800000000000001
5699.0,0.005,1445,100,4.2
5699.5,0.003,1445,100,4.2
5700.0,0.005,1446,100,3.6
5700.5,0.005,1446,100,3.6
5701.0,0.006,1446,100,3.6
5701.5,0.005,1447,100,3.6
5702.0,0.005,1447,100,4.800000000000001
5702.5,0.003,1447,100,3.6
5703.0,0.005,1447,100,3.6
5703.5,0.005,1448,100,3.6
5704.0,0.006,1448,100,3.6
5704.5,0.006,1448,100,3.6
5705.0,0.003,1449,101,3.0
5705.5,0.006,1449,100,3.0
5706.0,0.005,1449,101,3.0
5706.5,0.005,1450,101,3.0
5707.0,0.006,1450,101,3.0
5707.5,0.005,1450,101,3.6
5708.0,0.005,1450,100,3.0
5708.5,0.006,1451,100,2.4000000000000004
5709.0,0.005,1451,101,1.8
5709.5,0.005,1451,101,1.8
5710.0,0.005,1452,101,1.8
5710.5,0.006,1452,100,1.8
5711.0,0.005,1452,100,1.8
5711.5,0.006,1453,99,1.8
5712.0,0.005,1453,99,1.8
5712.5,0.005,1453,98,1.8
5713.0,0.008,1454,98,1.8
5713.5,0.006,1454,98,1.2000000000000002
5714.0,0.005,1454,98,0.6000000000000001
5714.5,0.006,1454,98,0.0
5715.0,0.005,1455,98,0.0
5715.5,0.005,1455,98,0.0
5716.0,0.003,1455,98,0.0
5716.5,0.005,1456,98,0.0
5717.0,0.005,1456,98,0.0
5717.5,0.005,1456,98,0.0
5718.0,0.003,1456,98,0.0
5718.5,0.005,1457,99,0.0
5719.0,0.003,1457,99,0.0
5719.5,0.006,1457,99,0.6000000000000001
5720.0,0.005,1458,100,0.6000000000000001
5720.5,0.005,1458,100,0.6000000000000001
5721.0,0.005,1458,101,0.6000000000000001
5721.5,0.005,1459,101,0.6000000000000001
5722.0,0.005,1459,100,0.6000000000000001
5722.5,0.005,1459,100,0.6000000000000001
5723.0,0.005,1459,100,0.6000000000000001
5723.5,0.005,1460,99,0.6000000000000001
5724.0,0.005,1460,99,1.8
5724.5,0.006,1460,98,3.0
5725.0,0.005,1461,99,3.6
5725.5,0.005,1461,100,4.2
5726.0,0.008,1461,100,4.2
5726.5,0.005,1462,99,3.6
5727.0,0.008,1462,99,3.6
5727.5,0.006,1462,99,3.6
5728.0,0.005,1462,99,3.6
5728.5,0.006,1463,98,3.6
5729.0,0.005,1463,98,3.6
5729.5,0.005,1463,99,4.2
5730.0,0.006,1464,99,3.6
5730.5,0.005,1464,99,4.800000000000001
5731.0,0.005,1464,99,4.800000000000001
5731.5,0.006,1464,100,4.800000000000001
5732.0,0.005,1465,100,4.800000000000001
5732.5,0.006,1465,100,4.2
5733.0,0.003,1465,100,4.2
5733.5,0.003,1466,100,4.2
5734.0,0.005,1466,100,3.6
5734.5,0.006,1466,100,4.2
5735.0,0.005,1467,100,4.2
5735.5,0.006,1467,100,3.6
5736.0,0.005,1467,100,3.6
5736.5,0.005,1468,100,3.6
5737.0,0.005,1468,100,3.6
5737.5,0.005,1468,101,3.0
5738.0,0.006,1469,101,3.0
5738.5,0.008,1469,100,3.0
5739.0,0.005,1469,101,3.0
5739.5,0.005,1469,101,3.0
5740.0,0.006,1470,100,3.6
5740.5,0.005,1470,100,3.0
5741.0,0.005,1470,100,2.4000000000000004
5741.5,0.006,1471,100,1.8
5742.0,0.005,1471,101,1.8
5742.5,0.006,1471,101,1.8
5743.0,0.006,1472,100,1.8
5743.5,0.005,1472,100,1.8
5744.0,0.005,1472,99,1.8
5744.5,0.008,1472,99,1.8
5745.0,0.005,1473,98,1.8
5745.5,0.003,1473,98,1.8
5746.0,0.005,1473,98,1.8
5746.5,0.005,1474,98,0.6000000000000001
5747.0,0.005,1474,98,0.0
5747.5,0.005,1474,98,0.0
5748.0,0.005,1474,98,0.0
5748.5,0.003,1475,98,0.0
5749.0,0.005,1475,98,0.0
5749.5,0.003,1475,98,0.0
5750.0,0.003,1476,99,0.0
5750.5,0.005,1476,98,0.0
5751.0,0.005,1476,99,0.0
5751.5,0.005,1477,99,0.0
5752.0,0.006,1477,99,0.0
5752.5,0.005,1477,100,0.6000000000000001
5753.0,0.005,1477,101,0.6000000000000001
5753.5,0.005,1478,100,0.6000000000000001
5754.0,0.006,1478,101,0.6000000000000001
5754.5,0.005,1478,101,0.6000000000000001
5755.0,0.006,1479,100,0.6000000000000001
5755.5,0.005,1479,100,0.6000000000000001
5756.0,0.006,1479,100,0.6000000000000001
5756.5,0.005,1480,99,1.2000000000000002
5757.0,0.006,1480,99,3.0
5757.5,0.002,1480,99,3.6
5758.0,0.006,1480,100,4.2
5758.5,0.006,1481,100,4.2
5759.0,0.006,1481,100,3.6
5759.5,0.005,1481,100,3.6
5760.0,0.006,1482,99,3.6
5760.5,0.006,1482,99,3.0
5761.0,0.01,1482,99,3.0
5761.5,0.005,1483,99,3.6
5762.0,0.005,1483,99,3.6
5762.5,0.006,1483,100,4.2
5763.0,0.006,1484,100,4.2
5763.5,0.005,1484,100,4.800000000000001
5764.0,0.008,1484,100,4.800000000000001
5764.5,0.005,1484,100,4.2
5765.0,0.005,1485,101,4.2
5765.5,0.005,1485,100,3.6
5766.0,0.005,1485,100,3.6
5766.5,0.003,1486,100,3.6
5767.0,0.008,1486,100,3.6
5767.5,0.005,1486,100,4.2
5768.0,0.002,1487,100,4.2
5768.5,0.003,1487,100,3.6
5769.0,0.006,1487,100,3.6
5769.5,0.005,1487,101,3.6
5770.0,0.006,1488,100,3.6
5770.5,0.005,1488,101,3.0
5771.0,0.003,1488,101,3.0
5771.5,0.003,1489,100,3.0
5772.0,0.005,1489,101,3.0
5772.5,0.005,1489,101,3.6
5773.0,0.008,1489,100,3.6
5773.5,0.005,1490,100,2.4000000000000004
5774.0,0.003,1490,101,2.4000000000000004
5774.5,0.005,1490,101,1.8
5775.0,0.005,1491,101,1.8
5775.5,0.005,1491,101,1.8
5776.0,0.006,1491,100,1.8
5776.5,0.005,1492,99,1.8
5777.0,0.005,1492,99,1.8
5777.5,0.005,1492,98,1.8
5778.0,0.006,1493,98,1.8
5778.5,0.005,1493,98,1.8
5779.0,0.005,1493,98,0.6000000000000001
5779.5,0.006,1493,98,0.0
5780.0,0.003,1494,98,0.0
5780.5,0.005,1494,98,0.0
5781.0,0.006,1494,98,0.0
5781.5,0.005,1495,99,0.0
5782.0,0.005,1495,98,0.0
5782.5,0.003,1495,98,0.0
5783.0,0.003,1495,98,0.0
5783.5,0.005,1496,98,0.0
5784.0,0.006,1496,99,0.0
5784.5,0.003,1496,99,0.6000000000000001
5785.0,0.005,1497,100,0.6000000000000001
5785.5,0.005,1497,100,0.6000000000000001
5786.0,0.003,1497,101,0.6000000000000001
5786.5,0.005,1498,101,0.6000000000000001
5787.0,0.006,1498,101,0.6000000000000001
5787.5,0.005,1498,100,0.6000000000000001
5788.0,0.003,1498,100,0.6000000000000001
5788.5,0.008,1499,100,0.6000000000000001
5789.0,0.005,1499,100,0.6000000000000001
5789.5,0.006,1499,99,2.4000000000000004
5790.0,0.006,1500,99,3.6
5790.5,0.005,1500,100,3.6
5791.0,0.005,1500,100,4.2
5791.5,0.006,1501,100,3.6
5792.0,0.005,1501,100,3.6
5792.5,0.006,1501,99,3.0
5793.0,0.005,1501,99,3.0
5793.5,0.005,1502,99,3.0
5794.0,0.005,1502,98,3.6
5794.5,0.008,1502,99,3.6
5795.0,0.005,1503,99,4.2
5795.5,0.006,1503,99,4.2
5796.0,0.005,1503,99,4.800000000000001
5796.5,0.005,1504,100,4.800000000000001
5797.0,0.005,1504,100,4.2
5797.5,0.005,1504,100,4.2
5798.0,0.005,1504,100,4.2
5798.5,0.005,1505,99,3.6
5799.0,0.006,1505,99,3.6
5799.5,0.003,1505,99,4.2
5800.0,0.002,1506,99,4.800000000000001
5800.5,0.006,1506,99,4.2
5801.0,0.003,1506,99,4.2
5801.5,0.006,1507,99,4.2
5802.0,0.005,1507,99,4.2
5802.5,0.003,1507,100,3.6
5803.0,0.003,1508,100,3.6
5803.5,0.006,1508,100,3.0
5804.0,0.006,1508,100,3.0
5804.5,0.006,1508,100,3.0
5805.0,0.005,1509,100,3.6
5805.5,0.005,1509,100,3.6
5806.0,0.005,1509,100,3.0
5806.5,0.006,1510,100,2.4000000000000004
5807.0,0.005,1510,100,1.8
5807.5,0.006,1510,100,1.8
5808.0,0.003,1511,100,1.8
5808.5,0.005,1511,100,1.8
5809.0,0.005,1511,99,1.8
5809.5,0.008,1511,99,1.2000000000000002
5810.0,0.005,1512,98,1.8
5810.5,0.006,1512,97,1.8
5811.0,0.006,1512,97,1.8
5811.5,0.003,1513,97,1.2000000000000002
5812.0,0.005,1513,97,0.6000000000000001
5812.5,0.006,1513,97,0.0
5813.0,0.006,1513,97,0.0
5813.5,0.005,1514,98,0.0
5814.0,0.006,1514,98,0.0
5814.5,0.003,1514,97,0.0
5815.0,0.003,1515,98,0.0
5815.5,0.005,1515,98,0.0
5816.0,0.006,1515,98,0.0
5816.5,0.003,1516,98,0.0
5817.0,0.006,1516,99,0.0
5817.5,0.005,1516,99,0.6000000000000001
5818.0,0.005,1516,100,0.6000000000000001
5818.5,0.006,1517,100,0.6000000000000001
5819.0,0.006,1517,100,0.6000000000000001
5819.5,0.003,1517,100,0.6000000000000001
5820.0,0.006,1518,100,0.6000000000000001
5820.5,0.005,1518,100,0.6000000000000001
5821.0,0.005,1518,100,0.6000000000000001
5821.5,0.006,1519,100,0.0
5822.0,0.005,1519,99,1.2000000000000002
5822.5,0.005,1519,99,3.0
5823.0,0.008,1519,99,3.6
5823.5,0.006,1520,100,4.2
5824.0,0.006,1520,100,4.2
5824.5,0.005,1520,100,3.6
5825.0,0.006,1521,100,3.6
5825.5,0.005,1521,99,3.6
5826.0,0.008,1521,99,3.6
5826.5,0.005,1522,99,3.6
5827.0,0.006,1522,99,3.6
5827.5,0.005,1522,99,4.2
5828.0,0.006,1522,100,4.2
5828.5,0.006,1523,100,4.800000000000001
5829.0,0.008,1523,100,4.800000000000001
5829.5,0.005,1523,100,4.800000000000001
5830.0,0.005,1524,100,4.2
5830.5,0.005,1524,100,4.2
5831.0,0.005,1524,100,3.6
5831.5,0.005,1525,100,3.6
5832.0,0.008,1525,100,3.6
5832.5,0.003,1525,100,4.2
5833.0,0.003,1525,100,4.2
5833.5,0.005,1526,100,3.6
5834.0,0.003,1526,100,4.2
5834.5,0.005,1526,101,3.6
5835.0,0.008,1527,100,3.6
5835.5,0.005,1527,100,3.6
5836.0,0.002,1527,101,3.0
5836.5,0.005,1528,100,3.0
5837.0,0.002,1528,101,3.0
5837.5,0.005,1528,101,3.0
5838.0,0.008,1528,101,3.6
5838.5,0.005,1529,100,3.6
5839.0,0.005,1529,101,2.4000000000000004
5839.5,0.005,1530,101,1.8
5840.0,0.005,1530,101,1.8
5840.5,0.006,1530,100,1.8
5841.0,0.005,1531,100,1.8
5841.5,0.005,1531,99,1.8
5842.0,0.003,1531,99,1.8
5842.5,0.006,1532,98,1.8
5843.0,0.005,1532,98,1.8
5843.5,0.008,1532,98,1.8
5844.0,0.006,1532,97,0.6000000000000001
5844.5,0.005,1533,98,0.0
5845.0,0.005,1533,98,0.0
5845.5,0.005,1533,98,0.0
5846.0,0.003,1534,98,0.0
5846.5,0.006,1534,98,0.0
5847.0,0.006,1534,98,0.0
5847.5,0.005,1534,98,0.0
5848.0,0.003,1535,98,0.0
5848.5,0.005,1535,99,0.0
5849.0,0.005,1535,99,0.0
5849.5,0.005,1536,99,0.6000000000000001
5850.0,0.005,1536,100,0.6000000000000001
5850.5,0.005,1536,100,0.6000000000000001
5851.0,0.005,1537,100,0.6000000000000001
5851.5,0.003,1537,101,0.6000000000000001
5852.0,0.005,1537,100,0.6000000000000001
5852.5,0.005,1537,100,0.6000000000000001
5853.0,0.005,1538,100,0.6000000000000001
5853.5,0.005,1538,100,0.6000000000000001
5854.0,0.005,1538,99,1.2000000000000002
5854.5,0.003,1539,99,2.4000000000000004
5855.0,0.005,1539,99,3.6
5855.5,0.006,1539,100,4.2
5856.0,0.005,1540,100,4.2
5856.5,0.005,1540,100,4.2
5857.0,0.006,1540,100,3.6
5857.5,0.003,1540,99,3.6
5858.0,0.006,1541,99,3.6
5858.5,0.005,1541,99,3.6
5859.0,0.005,1541,98,3.6
5859.5,0.003,1542,99,4.2
5860.0,0.008,1542,99,4.2
5860.5,0.005,1542,99,4.2
5861.0,0.005,1542,99,4.800000000000001
5861.5,0.003,1543,100,4.800000000000001
5862.0,0.005,1543,100,4.800000000000001
5862.5,0.005,1543,100,4.2
5863.0,0.005,1544,99,4.2
5863.5,0.003,1544,100,3.6
5864.0,0.003,1544,100,3.6
5864.5,0.003,1545,99,4.2
5865.0,0.003,1545,100,4.800000000000001
5865.5,0.002,1545,100,4.2
5866.0,0.005,1546,99,4.2
5866.5,0.003,1546,99,4.2
5867.0,0.003,1546,101,4.2
5867.5,0.003,1547,100,3.6
5868.0,0.005,1547,100,3.6
5868.5,0.003,1547,101,3.0
5869.0,0.008,1547,100,3.0
5869.5,0.003,1548,101,3.6
5870.0,0.003,1548,100,3.6
5870.5,0.003,1548,100,3.6
5871.0,0.006,1549,100,3.0
5871.5,0.005,1549,100,2.4000000000000004
5872.0,0.006,1549,100,1.8
5872.5,0.003,1549,101,1.8
5873.0,0.005,1550,100,1.8
5873.5,0.005,1550,100,1.8
5874.0,0.003,1550,99,1.8
5874.5,0.003,1551,99,1.8
5875.0,0.005,1551,98,1.8
5875.5,0.003,1551,98,1.8
5876.0,0.003,1552,97,1.8
5876.5,0.005,1552,97,0.6000000000000001
5877.0,0.005,1552,97,0.0
5877.5,0.005,1552,98,0.0
5878.0,0.005,1553,98,0.0
5878.5,0.003,1553,98,0.0
5879.0,0.003,1553,98,0.0
5879.5,0.005,1554,98,0.0
5880.0,0.005,1554,98,0.0
5880.5,0.003,1554,98,0.0
5881.0,0.005,1555,98,0.0
5881.5,0.005,1555,99,0.0
5882.0,0.002,1555,99,0.0
5882.5,0.003,1555,99,0.6000000000000001
5883.0,0.005,1556,100,1.2000000000000002
5883.5,0.003,1556,101,0.6000000000000001
5884.0,0.003,1556,101,0.6000000000000001
5884.5,0.005,1557,101,0.6000000000000001
5885.0,0.003,1557,100,0.6000000000000001
5885.5,0.003,1557,100,0.6000000000000001
5886.0,0.003,1558,100,0.6000000000000001
5886.5,0.005,1558,100,0.6000000000000001
5887.0,0.005,1558,99,1.8
5887.5,0.005,1558,99,3.6
5888.0,0.003,1559,100,4.2
5888.5,0.005,1559,100,4.2
5889.0,0.005,1559,100,4.2
5889.5,0.005,1560,100,3.6
5890.0,0.005,1560,100,3.6
5890.5,0.005,1560,99,3.6
5891.0,0.003,1561,99,3.6
5891.5,0.008,1561,99,3.6
5892.0,0.005,1561,99,3.6
5892.5,0.005,1561,99,4.2
5893.0,0.003,1562,100,4.2
5893.5,0.005,1562,100,4.800000000000001
5894.0,0.003,1562,100,4.800000000000001
5894.5,0.008,1563,100,4.800000000000001
5895.0,0.003,1563,100,4.2
5895.5,0.005,1563,100,4.2
5896.0,0.003,1564,100,4.2
5896.5,0.005,1564,100,3.6
5897.0,0.002,1564,100,4.2
5897.5,0.008,1564,100,4.2
5898.0,0.003,1565,99,4.2
5898.5,0.003,1565,100,4.2
5899.0,0.002,1565,100,4.2
5899.5,0.006,1566,100,4.2
5900.0,0.003,1566,101,3.6
5900.5,0.005,1566,100,3.6
5901.0,0.002,1566,100,3.0
5901.5,0.003,1567,101,3.0
5902.0,0.003,1567,101,3.0
5902.5,0.006,1567,101,3.6
5903.0,0.003,1568,100,3.6
5903.5,0.006,1568,100,3.0
5904.0,0.003,1568,100,2.4000000000000004
5904.5,0.003,1569,100,2.4000000000000004
5905.0,0.003,1569,101,2.4000000000000004
5905.5,0.006,1569,100,1.8
5906.0,0.003,1570,100,1.8
5906.5,0.005,1570,99,1.2000000000000002
5907.0,0.002,1570,99,1.2000000000000002
5907.5,0.002,1570,98,1.8
5908.0,0.003,1571,98,1.8
5908.5,0.006,1571,97,1.8
5909.0,0.003,1571,97,1.2000000000000002
5909.5,0.003,1572,97,0.6000000000000001
5910.0,0.005,1572,97,0.0
5910.5,0.003,1572,97,0.0
5911.0,0.005,1572,97,0.0
5911.5,0.005,1573,98,0.0
5912.0,0.003,1573,98,0.0
5912.5,0.003,1573,97,0.0
5913.0,0.003,1574,98,0.0
5913.5,0.003,1574,98,0.0
5914.0,0.005,1574,98,0.0
5914.5,0.005,1575,99,0.0
5915.0,0.003,1575,99,0.0
5915.5,0.002,1575,100,0.6000000000000001
5916.0,0.005,1576,100,0.6000000000000001
5916.5,0.003,1576,101,0.6000000000000001
5917.0,0.003,1576,101,0.6000000000000001
5917.5,0.005,1576,100,0.6000000000000001
5918.0,0.003,1577,100,0.6000000000000001
5918.5,0.002,1577,100,0.6000000000000001
5919.0,0.005,1577,100,0.6000000000000001
5919.5,0.003,1578,100,1.2000000000000002
5920.0,0.005,1578,99,3.0
5920.5,0.005,1578,99,3.6
5921.0,0.003,1579,100,4.2
5921.5,0.002,1579,100,4.2
5922.0,0.005,1579,100,3.6
5922.5,0.003,1579,100,3.6
5923.0,0.005,1580,99,3.0
5923.5,0.005,1580,99,3.6
5924.0,0.003,1580,99,3.6
5924.5,0.002,1581,99,3.6
5925.0,0.006,1581,99,3.6
5925.5,0.005,1581,99,3.6
5926.0,0.005,1581,100,4.2
5926.5,0.006,1582,100,4.800000000000001
5927.0,0.005,1582,100,4.800000000000001
5927.5,0.003,1582,100,4.800000000000001
5928.0,0.006,1583,100,4.2
5928.5,0.005,1583,100,4.2
5929.0,0.005,1583,100,3.6
5929.5,0.006,1584,100,3.6
5930.0,0.003,1584,100,4.2
5930.5,0.003,1584,100,4.2
5931.0,0.008,1585,100,4.2
5931.5,0.005,1585,100,4.2
5932.0,0.005,1585,100,3.6
5932.5,0.005,1585,100,3.6
5933.0,0.003,1586,101,3.6
5933.5,0.002,1586,101,3.0
5934.0,0.006,1586,100,3.0
5934.5,0.005,1587,101,3.0
5935.0,0.005,1587,101,3.6
5935.5,0.006,1587,100,3.6
5936.0,0.003,1588,101,3.6
5936.5,0.003,1588,100,2.4000000000000004
5937.0,0.006,1588,101,2.4000000000000004
5937.5,0.005,1588,101,1.8
5938.0,0.006,1589,101,1.8
5938.5,0.006,1589,100,1.8
5939.0,0.003,1589,100,1.8
5939.5,0.003,1590,99,1.8
5940.0,0.008,1590,99,1.8
5940.5,0.003,1590,98,1.8
5941.0,0.005,1591,98,1.8
5941.5,0.005,1591,98,1.8
5942.0,0.005,1591,97,0.6000000000000001
5942.5,0.005,1591,98,0.0
5943.0,0.008,1592,98,0.0
5943.5,0.005,1592,98,0.0
5944.0,0.005,1592,98,0.0
5944.5,0.006,1593,98,0.0
5945.0,0.005,1593,98,0.0
5945.5,0.003,1593,98,0.0
5946.0,0.006,1594,98,0.0
5946.5,0.006,1594,99,0.0
5947.0,0.005,1594,99,0.0
5947.5,0.006,1594,99,0.6000000000000001
5948.0,0.005,1595,100,0.6000000000000001
5948.5,0.005,1595,100,0.6000000000000001
5949.0,0.005,1595,100,0.6000000000000001
5949.5,0.006,1596,101,0.6000000000000001
5950.0,0.003,1596,101,0.6000000000000001
5950.5,0.006,1596,100,0.6000000000000001
5951.0,0.003,1596,100,0.6000000000000001
5951.5,0.005,1597,100,0.6000000000000001
5952.0,0.005,1597,99,0.6000000000000001
5952.5,0.006,1597,99,2.4000000000000004
5953.0,0.003,1598,99,3.6
5953.5,0.006,1598,100,4.2
5954.0,0.005,1598,100,4.2
5954.5,0.005,1599,100,4.2
5955.0,0.006,1599,100,3.6
5955.5,0.006,1599,99,3.6
5956.0,0.006,1600,99,3.6
5956.5,0.006,1600,99,3.6
5957.0,0.005,1600,99,3.6
5957.5,0.005,1600,99,3.6
5958.0,0.006,1601,99,4.2
5958.5,0.006,1601,100,4.2
5959.0,0.005,1601,100,4.800000000000001
5959.5,0.008,1602,100,4.800000000000001
5960.0,0.006,1602,100,4.800000000000001
5960.5,0.005,1602,100,4.2
5961.0,0.005,1603,100,3.6
5961.5,0.006,1603,100,4.2
5962.0,0.005,1603,100,4.2
5962.5,0.006,1603,100,4.2
5963.0,0.005,1604,100,4.800000000000001
5963.5,0.005,1604,100,4.2
5964.0,0.003,1604,100,4.2
5964.5,0.005,1605,100,4.2
5965.0,0.005,1605,100,4.2
5965.5,0.006,1605,100,3.6
5966.0,0.003,1605,100,3.6
5966.5,0.005,1606,100,3.0
5967.0,0.003,1606,100,3.0
5967.5,0.006,1606,101,3.0
5968.0,0.005,1607,101,3.6
5968.5,0.01,1607,100,3.6
5969.0,0.005,1607,100,3.0
5969.5,0.003,1608,100,2.4000000000000004
5970.0,0.003,1608,101,1.8
5970.5,0.006,1608,101,1.8
5971.0,0.005,1609,100,1.8
5971.5,0.008,1609,100,1.8
5972.0,0.005,1609,99,1.8
5972.5,0.006,1610,99,1.8
5973.0,0.005,1610,98,1.8
5973.5,0.006,1610,98,1.8
5974.0,0.006,1610,98,1.8
5974.5,0.011,1611,98,1.2000000000000002
5975.0,0.008,1611,98,0.0
5975.5,0.005,1611,98,0.0
5976.0,0.006,1611,98,0.0
5976.5,0.006,1612,98,0.0
5977.0,0.005,1612,98,0.0
5977.5,0.008,1612,98,0.0
5978.0,0.006,1613,98,0.0
5978.5,0.003,1613,98,0.0
5979.0,0.005,1613,98,0.0
5979.5,0.005,1614,99,0.0
5980.0,0.005,1614,99,0.0
5980.5,0.005,1614,99,0.6000000000000001
5981.0,0.005,1615,100,0.6000000000000001
5981.5,0.005,1615,100,0.6000000000000001
5982.0,0.003,1615,100,0.6000000000000001
5982.5,0.003,1615,100,0.6000000000000001
5983.0,0.005,1616,100,0.6000000000000001
5983.5,0.006,1616,100,0.6000000000000001
5984.0,0.003,1616,100,0.6000000000000001
5984.5,0.005,1617,99,0.6000000000000001
5985.0,0.005,1617,99,1.8
5985.5,0.006,1617,98,3.6
5986.0,0.005,1617,99,4.2
5986.5,0.006,1618,100,4.2
5987.0,0.006,1618,100,4.2
5987.5,0.006,1618,100,3.6
5988.0,0.006,1619,99,3.6
5988.5,0.006,1619,99,3.6
5989.0,0.006,1619,99,3.6
5989.5,0.005,1620,99,3.6
5990.0,0.008,1620,99,3.6
5990.5,0.005,1620,99,4.2
5991.0,0.008,1620,99,4.2
5991.5,0.006,1621,99,4.800000000000001
5992.0,0.006,1621,100,4.800000000000001
5992.5,0.005,1621,100,4.800000000000001
5993.0,0.006,1622,100,4.800000000000001
5993.5,0.006,1622,100,4.2
5994.0,0.006,1622,100,3.6
5994.5,0.005,1623,100,3.6
5995.0,0.006,1623,100,4.2
5995.5,0.005,1623,100,4.2
5996.0,0.006,1624,100,4.2
5996.5,0.006,1624,100,4.2
5997.0,0.006,1624,100,4.2
5997.5,0.005,1624,100,4.2
5998.0,0.005,1625,101,4.2
5998.5,0.005,1625,100,3.6
5999.0,0.006,1625,101,3.0
5999.5,0.003,1626,101,3.0
6000.0,0.008,1626,101,3.0
6000.5,0.005,1626,101,3.6
6001.0,0.006,1627,101,3.6
6001.5,0.005,1627,100,3.0
6002.0,0.006,1627,101,2.4000000000000004
6002.5,0.005,1627,101,2.4000000000000004
6003.0,0.006,1628,101,1.8
6003.5,0.006,1628,101,1.8
6004.0,0.008,1628,100,1.8
6004.5,0.005,1629,100,1.8
6005.0,0.006,1629,99,1.8
6005.5,0.006,1629,99,1.8
6006.0,0.008,1630,98,1.8
6006.5,0.006,1630,98,1.8
6007.0,0.005,1630,98,1.2000000000000002
6007.5,0.006,1630,98,0.6000000000000001
6008.0,0.008,1631,98,0.0
6008.5,0.006,1631,98,0.0
6009.0,0.01,1631,98,0.0
6009.5,0.008,1632,98,0.0
6010.0,0.006,1632,98,0.0
6010.5,0.006,1632,98,0.0
6011.0,0.006,1633,98,0.0
6011.5,0.006,1633,98,0.0
6012.0,0.008,1633,98,0.0
6012.5,0.006,1633,99,0.0
6013.0,0.006,1634,100,0.6000000000000001
6013.5,0.006,1634,100,0.6000000000000001
6014.0,0.008,1634,101,0.6000000000000001
6014.5,0.006,1635,101,0.6000000000000001
6015.0,0.006,1635,101,0.6000000000000001
6015.5,0.005,1635,101,0.6000000000000001
6016.0,0.005,1635,101,0.6000000000000001
6016.5,0.005,1636,100,0.6000000000000001
6017.0,0.008,1636,100,0.6000000000000001
6017.5,0.006,1636,100,1.2000000000000002
6018.0,0.006,1637,99,3.0
6018.5,0.006,1637,100,3.6
6019.0,0.005,1637,101,4.2
6019.5,0.008,1638,101,4.2
6020.0,0.006,1638,100,3.6
6020.5,0.006,1638,100,3.6
6021.0,0.006,1639,100,3.6
6021.5,0.006,1639,100,3.0
6022.0,0.005,1639,99,3.6
6022.5,0.008,1639,99,3.6
6023.0,0.008,1640,99,3.6
6023.5,0.006,1640,100,4.2
6024.0,0.008,1640,100,4.800000000000001
6024.5,0.006,1641,100,4.800000000000001
6025.0,0.006,1641,101,4.800000000000001
6025.5,0.008,1641,101,4.2
6026.0,0.008,1642,101,4.2
6026.5,0.005,1642,100,3.6
6027.0,0.008,1642,100,3.6
6027.5,0.008,1642,100,3.6
6028.0,0.006,1643,100,4.2
6028.5,0.008,1643,100,4.2
6029.0,0.006,1643,101,4.2
6029.5,0.006,1644,101,4.2
6030.0,0.01,1644,100,4.2
6030.5,0.01,1644,100,3.6
6031.0,0.005,1645,102,3.6
6031.5,0.008,1645,100,3.0
6032.0,0.005,1645,100,3.0
6032.5,0.006,1645,102,3.0
6033.0,0.006,1646,101,3.0
6033.5,0.006,1646,101,3.6
6034.0,0.005,1646,100,3.0
6034.5,0.008,1647,100,2.4000000000000004
6035.0,0.006,1647,101,1.8
6035.5,0.006,1647,101,1.8
6036.0,0.006,1648,101,1.8
6036.5,0.006,1648,101,1.8
6037.0,0.006,1648,100,1.8
6037.5,0.008,1649,99,1.8
6038.0,0.006,1649,99,1.8
6038.5,0.008,1649,98,1.8
6039.0,0.008,1649,98,1.8
6039.5,0.008,1650,98,1.2000000000000002
6040.0,0.006,1650,98,0.6000000000000001
6040.5,0.01,1650,98,0.0
6041.0,0.005,1651,98,0.0
6041.5,0.006,1651,98,0.0
6042.0,0.006,1651,98,0.0
6042.5,0.008,1651,98,0.0
6043.0,0.006,1652,98,0.0
6043.5,0.01,1652,98,0.0
6044.0,0.008,1652,98,0.0
6044.5,0.005,1653,99,0.0
6045.0,0.006,1653,99,0.0
6045.5,0.008,1653,99,0.0
6046.0,0.005,1654,100,0.6000000000000001
6046.5,0.008,1654,100,0.6000000000000001
6047.0,0.006,1654,101,0.6000000000000001
6047.5,0.006,1654,101,0.6000000000000001
6048.0,0.006,1655,100,0.6000000000000001
6048.5,0.006,1655,100,0.6000000000000001
6049.0,0.003,1655,100,0.6000000000000001
6049.5,0.005,1656,100,0.6000000000000001
6050.0,0.006,1656,99,1.2000000000000002
6050.5,0.006,1656,99,3.0
6051.0,0.006,1657,99,4.2
6051.5,0.005,1657,100,4.2
6052.0,0.006,1657,100,4.2
6052.5,0.006,1658,100,4.2
6053.0,0.006,1658,100,3.6
6053.5,0.006,1658,99,3.6
6054.0,0.005,1658,99,3.6
6054.5,0.005,1659,99,3.6
6055.0,0.005,1659,99,3.6
6055.5,0.006,1659,99,4.2
6056.0,0.008,1660,99,4.2
6056.5,0.006,1660,100,4.2
6057.0,0.006,1660,100,4.800000000000001
6057.5,0.006,1660,100,4.800000000000001
6058.0,0.005,1661,100,4.800000000000001
6058.5,0.006,1661,100,4.2
6059.0,0.006,1661,100,3.6
6059.5,0.006,1662,100,3.6
6060.0,0.008,1662,100,3.6
6060.5,0.006,1662,100,4.2
6061.0,0.005,1663,100,4.2
6061.5,0.005,1663,99,3.6
6062.0,0.006,1663,100,4.2
6062.5,0.005,1664,100,4.2
6063.0,0.008,1664,100,3.6
6063.5,0.006,1664,100,3.6
6064.0,0.005,1664,101,3.0
6064.5,0.005,1665,101,3.0
6065.0,0.006,1665,100,3.0
6065.5,0.005,1665,100,3.0
6066.0,0.005,1666,100,3.6
6066.5,0.006,1666,100,3.6
6067.0,0.003,1666,100,2.4000000000000004
6067.5,0.005,1667,100,1.8
6068.0,0.006,1667,101,1.8
6068.5,0.005,1668,99,1.2000000000000002
6069.0,0.008,1669,99,1.8
6069.5,0.006,1669,98,1.8
6070.0,0.006,1669,98,1.8
6070.5,0.006,1669,98,0.6000000000000001
6071.0,0.005,1670,98,0.0
6071.5,0.006,1670,98,0.0
6072.0,0.008,1670,98,0.0
6072.5,0.005,1671,98,0.0
6073.0,0.006,1671,99,0.0
6073.5,0.008,1671,98,0.0
6074.0,0.006,1672,98,0.0
6074.5,0.006,1672,98,0.0
6075.0,0.008,1672,99,0.0
6075.5,0.006,1673,99,0.0
6076.0,0.01,1673,99,0.0
6076.5,0.006,1673,100,0.6000000000000001
6077.0,0.005,1673,101,0.6000000000000001
6077.5,0.006,1674,101,0.6000000000000001
6078.0,0.008,1674,101,0.6000000000000001
6078.5,0.006,1674,101,0.6000000000000001
6079.0,0.006,1675,100,0.6000000000000001
6079.5,0.008,1675,100,0.6000000000000001
6080.0,0.008,1675,100,0.6000000000000001
6080.5,0.005,1676,100,0.6000000000000001
6081.0,0.006,1676,99,2.4000000000000004
6081.5,0.005,1676,100,3.6
6082.0,0.008,1676,100,4.2
6082.5,0.006,1677,100,4.2
6083.0,0.006,1677,100,3.6
6083.5,0.005,1677,100,3.6
6084.0,0.008,1678,99,3.0
6084.5,0.006,1678,99,3.0
6085.0,0.01,1678,99,3.0
6085.5,0.006,1678,99,3.6
6086.0,0.006,1679,99,3.6
6086.5,0.006,1679,99,4.2
6087.0,0.008,1679,100,4.2
6087.5,0.006,1680,100,4.800000000000001
6088.0,0.011,1680,100,4.800000000000001
6088.5,0.006,1680,100,4.2
6089.0,0.006,1681,100,4.2
6089.5,0.006,1681,100,3.6
6090.0,0.008,1681,100,3.6
6090.5,0.006,1682,100,3.6
6091.0,0.01,1682,100,3.6
6091.5,0.008,1682,99,4.2
6092.0,0.006,1682,100,3.6
6092.5,0.005,1683,100,3.6
6093.0,0.008,1683,100,4.2
6093.5,0.01,1683,100,3.6
6094.0,0.008,1684,100,3.6
6094.5,0.006,1684,101,3.0
6095.0,0.006,1685,101,3.0
6095.5,0.008,1685,100,3.0
6096.0,0.006,1685,100,3.6
6096.5,0.006,1685,100,3.6
6097.0,0.006,1686,100,2.4000000000000004
6097.5,0.005,1686,100,2.4000000000000004
6098.0,0.005,1686,101,1.8
6098.5,0.008,1687,101,1.8
6099.0,0.005,1687,101,1.8
6099.5,0.008,1687,100,1.8
6100.0,0.008,1688,99,1.8
6100.5,0.005,1688,99,1.2000000000000002
6101.0,0.005,1688,98,1.8
6101.5,0.005,1688,98,1.8
6102.0,0.006,1689,98,1.8
6102.5,0.008,1689,98,1.2000000000000002
6103.0,0.006,1689,97,0.6000000000000001
6103.5,0.006,1690,98,0.0
6104.0,0.006,1690,98,0.0
6104.5,0.005,1690,98,0.0
6105.0,0.006,1691,98,0.0
6105.5,0.006,1691,98,0.0
6106.0,0.01,1691,98,0.0
6106.5,0.006,1691,98,0.0
6107.0,0.008,1692,98,0.0
6107.5,0.006,1692,99,0.0
6108.0,0.008,1692,99,0.0
6108.5,0.008,1693,99,0.6000000000000001
6109.0,0.01,1693,100,0.6000000000000001
6109.5,0.006,1693,100,0.6000000000000001
6110.0,0.006,1693,101,0.6000000000000001
6110.5,0.006,1694,101,0.6000000000000001
6111.0,0.008,1694,100,0.6000000000000001
6111.5,0.006,1694,100,0.6000000000000001
6112.0,0.008,1695,100,0.6000000000000001
6112.5,0.006,1695,100,0.6000000000000001
6113.0,0.005,1695,99,1.8
6113.5,0.006,1696,99,3.0
6114.0,0.005,1696,100,4.2
6114.5,0.006,1696,100,4.2
6115.0,0.008,1697,100,3.6
6115.5,0.008,1697,100,3.6
6116.0,0.006,1697,99,3.6
6116.5,0.006,1697,99,3.0
6117.0,0.006,1698,99,3.0
6117.5,0.006,1698,99,3.6
6118.0,0.01,1698,99,3.6
6118.5,0.008,1699,99,4.2
6119.0,0.006,1699,100,4.2
6119.5,0.006,1699,99,4.800000000000001
6120.0,0.008,1699,100,4.800000000000001
6120.5,0.006,1700,100,4.800000000000001
6121.0,0.008,1700,100,4.2
6121.5,0.008,1700,100,3.6
6122.0,0.006,1701,100,3.6
6122.5,0.008,1701,100,3.6
6123.0,0.008,1701,100,3.6
6123.5,0.006,1702,100,4.2
6124.0,0.008,1702,100,4.2
6124.5,0.008,1702,100,4.2
6125.0,0.008,1703,100,4.2
6125.5,0.006,1703,100,3.6
6126.0,0.008,1703,100,3.6
6126.5,0.006,1703,100,3.0
6127.0,0.006,1704,100,3.0
6127.5,0.008,1704,101,3.0
6128.0,0.008,1704,101,3.0
6128.5,0.006,1705,100,3.0
6129.0,0.005,1705,101,3.6
6129.5,0.005,1705,100,3.0
6130.0,0.005,1706,100,2.4000000000000004
6130.5,0.006,1706,101,1.8
6131.0,0.008,1706,101,1.8
6131.5,0.006,1707,101,1.8
6132.0,0.006,1707,100,1.8
6132.5,0.006,1707,99,1.2000000000000002
6133.0,0.006,1707,99,1.2000000000000002
6133.5,0.008,1708,99,1.2000000000000002
6134.0,0.008,1708,98,1.8
6134.5,0.006,1708,98,1.2000000000000002
6135.0,0.006,1709,98,1.2000000000000002
6135.5,0.008,1709,98,0.6000000000000001
6136.0,0.008,1709,98,0.0
6136.5,0.008,1709,98,0.0
6137.0,0.006,1710,98,0.0
6137.5,0.008,1710,98,0.0
6138.0,0.006,1710,98,0.0
6138.5,0.005,1711,98,0.0
6139.0,0.01,1711,98,0.0
6139.5,0.008,1711,98,0.0
6140.0,0.006,1712,98,0.0
6140.5,0.008,1712,99,0.0
6141.0,0.006,1712,99,0.0
6141.5,0.006,1712,100,0.6000000000000001
6142.0,0.008,1713,100,0.6000000000000001
6142.5,0.008,1713,101,0.6000000000000001
6143.0,0.006,1717,99,3.6
6143.5,0.008,1717,98,3.6
6144.0,0.005,1718,98,3.6
6144.5,0.006,1718,99,4.2
6145.0,0.006,1718,99,4.2
6145.5,0.005,1719,99,4.2
6146.0,0.008,1719,100,4.800000000000001
6146.5,0.006,1719,100,4.800000000000001
6147.0,0.006,1720,100,4.2
6147.5,0.006,1720,100,3.6
6148.0,0.008,1720,100,3.6
6148.5,0.005,1721,100,3.6
6149.0,0.008,1721,100,3.6
6149.5,0.006,1721,100,4.2
6150.0,0.006,1721,100,4.2
6150.5,0.005,1722,100,3.6
6151.0,0.006,1722,100,4.2
6151.5,0.006,1722,100,4.2
6152.0,0.008,1723,100,4.2
6152.5,0.005,1723,101,3.6
6153.0,0.003,1723,101,3.6
6153.5,0.005,1723,100,3.0
6154.0,0.006,1724,101,3.0
6154.5,0.006,1724,101,3.0
6155.0,0.008,1724,100,3.6
6155.5,0.005,1725,101,3.6
6156.0,0.003,1725,100,2.4000000000000004
6156.5,0.003,1725,101,2.4000000000000004
6157.0,0.005,1726,101,1.8
6157.5,0.005,1726,101,1.8
6158.0,0.006,1726,101,1.8
6158.5,0.005,1727,100,1.8
6159.0,0.003,1727,99,1.8
6159.5,0.005,1727,99,1.8
6160.0,0.005,1727,98,1.8
6160.5,0.005,1728,98,1.8
6161.0,0.006,1728,98,1.2000000000000002
6161.5,0.005,1728,98,0.6000000000000001
6162.0,0.005,1729,98,0.0
6162.5,0.005,1729,98,0.0
6163.0,0.006,1729,98,0.0
6163.5,0.005,1730,98,0.0
6164.0,0.006,1730,98,0.0
6164.5,0.008,1730,98,0.6000000000000001
6165.0,0.003,1730,98,0.0
6165.5,0.006,1731,98,0.0
6166.0,0.006,1731,99,0.0
6166.5,0.005,1731,99,0.0
6167.0,0.006,1732,99,0.0
6167.5,0.005,1732,100,0.6000000000000001
6168.0,0.006,1732,100,0.6000000000000001
6168.5,0.006,1732,100,0.6000000000000001
6169.0,0.005,1733,101,0.6000000000000001
6169.5,0.005,1733,101,0.6000000000000001
6170.0,0.005,1733,100,0.6000000000000001
6170.5,0.005,1734,100,0.6000000000000001
6171.0,0.005,1734,100,0.6000000000000001
6171.5,0.005,1734,99,0.6000000000000001
6172.0,0.003,1735,99,2.4000000000000004
6172.5,0.003,1735,99,3.6
6173.0,0.005,1735,100,4.2
6173.5,0.003,1736,100,4.2
6174.0,0.003,1736,100,4.2
6174.5,0.006,1736,100,3.6
6175.0,0.003,1736,99,3.6
6175.5,0.003,1737,99,3.6
6176.0,0.005,1737,99,3.6
6176.5,0.003,1737,98,3.6
6177.0,0.003,1738,99,3.6
6177.5,0.006,1738,99,4.2
6178.0,0.003,1738,99,4.2
6178.5,0.003,1738,99,4.800000000000001
6179.0,0.006,1739,100,4.800000000000001
6179.5,0.005,1739,100,4.800000000000001
6180.0,0.003,1739,100,4.2
6180.5,0.005,1740,99,4.2
6181.0,0.005,1740,99,4.2
6181.5,0.005,1740,99,4.2
6182.0,0.003,1741,99,4.2
6182.5,0.005,1741,99,4.800000000000001
6183.0,0.003,1741,99,4.2
6183.5,0.006,1742,99,4.2
6184.0,0.005,1742,100,4.2
6184.5,0.005,1742,100,4.2
6185.0,0.005,1742,100,3.6
6185.5,0.003,1743,100,3.6
6186.0,0.003,1743,100,3.0
6186.5,0.006,1743,100,3.0
6187.0,0.003,1744,100,3.6
6187.5,0.003,1744,100,3.6
6188.0,0.003,1744,100,3.6
6188.5,0.003,1745,100,3.0
6189.0,0.003,1745,100,2.4000000000000004
6189.5,0.008,1745,100,1.8
6190.0,0.005,1745,101,1.8
6190.5,0.003,1746,100,1.8
6191.0,0.003,1746,100,1.8
6191.5,0.003,1746,99,1.8
6192.0,0.002,1747,99,1.8
6192.5,0.003,1747,98,1.8
6193.0,0.003,1747,98,1.8
6193.5,0.003,1747,98,1.8
6194.0,0.003,1748,98,1.2000000000000002
6194.5,0.005,1748,98,0.6000000000000001
6195.0,0.003,1748,98,0.0
6195.5,0.005,1749,98,0.0
6196.0,0.005,1749,98,0.0
6196.5,0.002,1749,98,0.0
6197.0,0.005,1750,98,0.0
6197.5,0.005,1750,98,0.0
6198.0,0.003,1750,99,0.0
6198.5,0.003,1750,98,0.0
6199.0,0.005,1751,99,0.0
6199.5,0.005,1751,99,0.0
6200.0,0.005,1751,100,0.6000000000000001
6200.5,0.005,1752,101,0.6000000000000001
6201.0,0.003,1752,101,0.6000000000000001
6201.5,0.003,1752,101,0.6000000000000001
6202.0,0.005,1753,101,0.6000000000000001
6202.5,0.003,1753,101,0.6000000000000001
6203.0,0.005,1753,100,0.6000000000000001
6203.5,0.005,1753,100,0.6000000000000001
6204.0,0.005,1754,100,0.6000000000000001
6204.5,0.003,1754,100,1.8
6205.0,0.005,1754,99,3.0
6205.5,0.003,1755,100,3.6
6206.0,0.003,1755,100,4.2
6206.5,0.003,1755,100,3.6
6207.0,0.002,1756,100,3.6
6207.5,0.003,1756,100,3.6
6208.0,0.003,1756,99,3.6
6208.5,0.002,1756,99,3.0
6209.0,0.003,1757,99,3.6
6209.5,0.003,1757,99,3.6
6210.0,0.002,1757,100,4.2
6210.5,0.003,1758,100,4.2
6211.0,0.005,1758,100,4.800000000000001
6211.5,0.002,1758,101,4.800000000000001
6212.0,0.003,1759,101,4.800000000000001
6212.5,0.003,1759,101,4.2
6213.0,0.005,1759,100,3.6
6213.5,0.003,1760,100,3.6
6214.0,0.005,1760,100,4.2
6214.5,0.003,1761,100,3.6
6215.0,0.005,1761,100,3.6
6215.5,0.005,1761,100,3.6
6216.0,0.005,1762,100,3.6
6216.5,0.005,1762,101,3.6
6217.0,0.005,1762,101,3.0
6217.5,0.005,1763,101,3.0
6218.0,0.005,1763,101,3.0
6218.5,0.002,1763,101,3.0
6219.0,0.005,1763,101,3.0
6219.5,0.003,1764,101,3.6
6220.0,0.006,1764,100,3.0
6220.5,0.003,1764,100,2.4000000000000004
6221.0,0.003,1765,101,1.8
6221.5,0.003,1765,101,1.8
6222.0,0.003,1765,101,1.8
6222.5,0.002,1766,100,1.8
6223.0,0.005,1766,100,1.8
6223.5,0.003,1766,99,1.8
6224.0,0.005,1766,99,1.8
6224.5,0.003,1767,98,1.8
6225.0,0.003,1767,98,1.8
6225.5,0.003,1767,98,1.2000000000000002
6226.0,0.005,1768,98,0.6000000000000001
6226.5,0.005,1768,98,0.0
6227.0,0.003,1768,98,0.0
6227.5,0.002,1769,99,0.0
6228.0,0.006,1769,99,0.0
6228.5,0.006,1769,98,0.0
6229.0,0.005,1769,98,0.0
6229.5,0.006,1770,98,0.0
6230.0,0.005,1770,98,0.0
6230.5,0.003,1770,98,0.0
6231.0,0.003,1771,99,0.0
6231.5,0.005,1771,99,0.6000000000000001
6232.0,0.005,1771,100,0.6000000000000001
6232.5,0.006,1772,100,0.6000000000000001
6233.0,0.005,1772,101,0.6000000000000001
6233.5,0.003,1772,101,0.6000000000000001
6234.0,0.003,1772,100,0.6000000000000001
6234.5,0.005,1773,100,0.6000000000000001
6235.0,0.005,1773,100,0.6000000000000001
6235.5,0.005,1773,100,0.6000000000000001
6236.0,0.003,1774,99,1.8
6236.5,0.003,1774,99,3.0
6237.0,0.005,1774,99,4.2
6237.5,0.003,1775,100,4.2
6238.0,0.006,1775,100,4.2
6238.5,0.005,1775,100,4.2
6239.0,0.003,1776,99,3.6
6239.5,0.003,1776,99,3.6
6240.0,0.003,1776,99,3.6
6240.5,0.003,1776,99,3.6
6241.0,0.003,1777,99,3.6
6241.5,0.008,1777,99,4.2
6242.0,0.005,1777,99,4.2
6242.5,0.003,1778,99,4.800000000000001
6243.0,0.005,1778,100,4.800000000000001
6243.5,0.003,1778,100,4.800000000000001
6244.0,0.003,1778,100,4.800000000000001
6244.5,0.006,1779,100,4.2
6245.0,0.005,1779,100,4.2
6245.5,0.005,1779,100,3.6
6246.0,0.003,1780,100,4.2
6246.5,0.005,1780,100,4.2
6247.0,0.003,1780,100,4.2
6247.5,0.005,1781,99,4.2
6248.0,0.003,1781,100,4.2
6248.5,0.005,1781,100,4.2
6249.0,0.005,1781,100,3.6
6249.5,0.005,1782,101,3.6
6250.0,0.003,1782,101,3.6
6250.5,0.008,1782,100,3.0
6251.0,0.005,1783,100,3.0
6251.5,0.003,1783,100,3.6
6252.0,0.003,1783,100,3.6
6252.5,0.005,1784,100,3.6
6253.0,0.003,1784,100,2.4000000000000004
6253.5,0.006,1784,101,2.4000000000000004
6254.0,0.005,1785,101,1.8
6254.5,0.005,1785,101,1.8
6255.0,0.005,1785,100,1.8
6255.5,0.005,1785,100,1.8
6256.0,0.003,1786,99,1.8
6256.5,0.005,1786,99,1.8
6257.0,0.003,1786,98,1.8
6257.5,0.005,1787,98,1.8
6258.0,0.005,1787,98,1.2000000000000002
6258.5,0.003,1787,98,0.6000000000000001
6259.0,0.005,1787,98,0.0
6259.5,0.005,1788,98,0.0
6260.0,0.005,1788,98,0.0
6260.5,0.006,1788,98,0.0
6261.0,0.005,1789,98,0.0
6261.5,0.006,1789,98,0.0
6262.0,0.003,1789,98,0.0
6262.5,0.006,1789,98,0.6000000000000001
6263.0,0.006,1790,99,0.0
6263.5,0.006,1790,99,0.0
6264.0,0.005,1790,99,0.0
6264.5,0.006,1791,100,0.6000000000000001
6265.0,0.005,1791,101,0.6000000000000001
6265.5,0.006,1791,101,0.6000000000000001
6266.0,0.008,1792,101,0.6000000000000001
6266.5,0.006,1792,101,0.6000000000000001
6267.0,0.005,1792,100,0.0
6267.5,0.008,1793,100,0.6000000000000001
6268.0,0.006,1793,100,0.0
6268.5,0.005,1793,100,1.2000000000000002
6269.0,0.006,1793,99,2.4000000000000004
6269.5,0.006,1794,99,3.6
6270.0,0.005,1794,100,4.2
6270.5,0.006,1794,100,4.2
6271.0,0.006,1795,100,3.6
6271.5,0.006,1795,100,3.6
6272.0,0.005,1795,99,3.0
6272.5,0.006,1796,99,3.0
6273.0,0.005,1796,99,3.0
6273.5,0.005,1796,99,3.6
6274.0,0.005,1796,99,3.6
6274.5,0.005,1797,100,3.6
6275.0,0.005,1797,100,4.2
6275.5,0.006,1797,100,4.800000000000001
6276.0,0.006,1798,100,4.800000000000001
6276.5,0.003,1798,101,4.2
6277.0,0.005,1798,101,4.2
6277.5,0.005,1799,100,3.6
6278.0,0.005,1799,101,3.6
6278.5,0.006,1799,100,3.6
6279.0,0.006,1800,100,4.2
6279.5,0.005,1800,101,4.2
6280.0,0.006,0,100,3.6
6280.5,0.005,0,100,3.6
6281.0,0.005,1,101,3.6
6281.5,0.006,1,101,3.6
6282.0,0.008,1,101,3.0
6282.5,0.005,2,101,3.0
6283.0,0.005,2,101,3.0
6283.5,0.006,2,101,3.0
6284.0,0.005,3,101,3.6
6284.5,0.006,3,101,3.6
6285.0,0.008,3,101,3.0
6285.5,0.005,3,100,2.4000000000000004
6286.0,0.005,4,101,1.8
6286.5,0.005,4,101,1.8
6287.0,0.003,4,101,1.8
6287.5,0.005,5,101,1.8
6288.0,0.008,5,100,1.2000000000000002
6288.5,0.005,5,99,1.2000000000000002
6289.0,0.005,6,99,1.2000000000000002
6289.5,0.003,6,98,1.2000000000000002
6290.0,0.005,6,98,1.8
6290.5,0.003,6,98,1.2000000000000002
6291.0,0.005,7,98,0.6000000000000001
6291.5,0.005,7,98,0.6000000000000001
6292.0,0.005,7,98,0.0
6292.5,0.005,8,98,0.0
6293.0,0.005,8,98,0.0
6293.5,0.005,8,98,0.0
6294.0,0.006,9,98,0.0
6294.5,0.005,9,98,0.0
6295.0,0.006,9,98,0.0
6295.5,0.006,9,99,0.0
6296.0,0.006,10,99,0.0
6296.5,0.005,10,99,0.0
6297.0,0.006,10,100,0.6000000000000001
6297.5,0.006,11,101,0.6000000000000001
6298.0,0.006,11,101,0.6000000000000001
6298.5,0.005,11,101,0.6000000000000001
6299.0,0.006,12,101,0.6000000000000001
6299.5,0.006,12,100,0.6000000000000001
6300.0,0.006,12,100,0.6000000000000001
6300.5,0.005,12,100,0.6000000000000001
6301.0,0.008,13,100,1.2000000000000002
6301.5,0.005,13,99,3.0
6302.0,0.006,13,100,3.6
6302.5,0.005,14,100,4.2
6303.0,0.006,14,100,4.2
6303.5,0.005,14,100,3.6
6304.0,0.008,15,100,3.6
6304.5,0.005,15,99,3.6
6305.0,0.005,15,99,3.6
6305.5,0.005,15,99,3.0
6306.0,0.005,16,99,3.6
6306.5,0.003,16,99,3.6
6307.0,0.008,16,99,3.6
6307.5,0.006,17,100,4.2
6308.0,0.005,17,100,4.800000000000001
6308.5,0.005,17,100,4.800000000000001
6309.0,0.005,18,100,4.2
6309.5,0.003,18,101,4.2
6310.0,0.008,18,100,3.6
6310.5,0.005,18,100,3.6
6311.0,0.002,19,100,3.6
6311.5,0.005,19,100,4.2
6312.0,0.008,19,100,4.2
6312.5,0.005,20,100,3.6
6313.0,0.006,20,100,4.2
6313.5,0.006,20,100,4.2
6314.0,0.005,21,101,3.6
6314.5,0.003,21,101,3.6
6315.0,0.006,21,100,3.0
6315.5,0.006,21,101,3.0
6316.0,0.005,22,100,3.0
6316.5,0.006,22,100,3.0
6317.0,0.005,22,101,3.6
6317.5,0.005,23,100,3.6
6318.0,0.006,23,100,2.4000000000000004
6318.5,0.005,23,100,2.4000000000000004
6319.0,0.006,24,101,1.8
6319.5,0.005,24,101,1.8
6320.0,0.005,24,100,1.8
6320.5,0.003,24,100,1.8
6321.0,0.006,25,99,1.8
6321.5,0.005,25,99,1.8
6322.0,0.003,25,98,1.8
6322.5,0.003,26,97,1.8
6323.0,0.005,26,97,1.8
6323.5,0.005,26,97,0.6000000000000001
6324.0,0.005,27,97,0.6000000000000001
6324.5,0.003,27,98,0.0
6325.0,0.005,27,98,0.0
6325.5,0.006,27,98,0.0
6326.0,0.005,28,98,0.0
6326.5,0.005,28,98,0.0
6327.0,0.005,28,98,0.0
6327.5,0.005,29,98,0.0
6328.0,0.003,29,98,0.0
6328.5,0.008,29,99,0.0
6329.0,0.006,29,99,0.0
6329.5,0.005,30,99,0.6000000000000001
6330.0,0.006,30,100,0.6000000000000001
6330.5,0.005,30,101,0.6000000000000001
6331.0,0.003,31,101,0.6000000000000001
6331.5,0.006,31,101,0.6000000000000001
6332.0,0.005,31,100,0.6000000000000001
6332.5,0.005,32,100,0.6000000000000001
6333.0,0.006,32,100,0.6000000000000001
6333.5,0.006,32,100,0.6000000000000001
6334.0,0.005,33,99,1.8
6334.5,0.008,33,99,3.6
6335.0,0.006,33,100,4.2
6335.5,0.005,33,100,4.2
6336.0,0.005,34,100,4.2
6336.5,0.005,34,100,3.6
6337.0,0.003,34,100,3.6
6337.5,0.006,35,99,3.6
6338.0,0.005,35,99,3.6
6338.5,0.006,35,99,3.6
6339.0,0.005,36,99,3.6
6339.5,0.005,36,99,4.2
6340.0,0.005,36,99,4.2
6340.5,0.005,36,100,4.800000000000001
6341.0,0.003,37,100,4.800000000000001
6341.5,0.006,37,100,4.800000000000001
6342.0,0.005,37,100,4.2
6342.5,0.003,38,100,4.2
6343.0,0.003,38,100,3.6
6343.5,0.005,38,100,3.6
6344.0,0.005,39,100,4.2
6344.5,0.008,39,100,4.2
6345.0,0.008,39,99,4.2
6345.5,0.005,39,100,3.6
6346.0,0.003,40,99,3.6
6346.5,0.006,40,100,3.6
6347.0,0.005,40,100,3.6
6347.5,0.006,41,100,3.0
6348.0,0.005,41,100,3.0
6348.5,0.003,41,100,3.0
6349.0,0.003,42,101,3.0
6349.5,0.008,42,100,3.6
6350.0,0.008,42,100,3.6
6350.5,0.005,42,100,3.0
6351.0,0.006,43,100,2.4000000000000004
6351.5,0.005,43,101,1.8
6352.0,0.003,43,101,1.8
6352.5,0.008,44,101,1.8
6353.0,0.006,44,100,1.8
6353.5,0.003,44,99,1.2000000000000002
6354.0,0.006,45,99,1.8
6354.5,0.005,45,99,1.2000000000000002
6355.0,0.003,45,98,1.8
6355.5,0.006,45,98,1.8
6356.0,0.005,46,98,1.2000000000000002
6356.5,0.003,46,98,0.6000000000000001
6357.0,0.005,46,98,0.0
6357.5,0.005,47,98,0.0
6358.0,0.003,47,98,0.0
6358.5,0.005,47,98,0.0
6359.0,0.006,48,98,0.0
6359.5,0.003,48,98,0.0
6360.0,0.005,48,98,0.0
6360.5,0.005,48,98,0.0
6361.0,0.003,49,99,0.0
6361.5,0.003,49,99,0.0
6362.0,0.005,49,100,0.6000000000000001
6362.5,0.006,50,100,0.6000000000000001
6363.0,0.006,50,100,0.6000000000000001
6363.5,0.005,50,101,0.6000000000000001
6364.0,0.003,51,101,0.6000000000000001
6364.5,0.003,51,100,0.6000000000000001
6365.0,0.006,51,100,0.6000000000000001
6365.5,0.005,51,100,0.0
6366.0,0.006,52,100,0.0
6366.5,0.005,52,100,1.2000000000000002
6367.0,0.005,52,99,3.6
6367.5,0.006,53,100,3.6
6368.0,0.006,53,100,4.2
6368.5,0.003,53,100,4.2
6369.0,0.006,54,100,3.6
6369.5,0.003,54,100,3.6
6370.0,0.006,54,99,3.0
6370.5,0.003,54,99,3.0
6371.0,0.006,55,99,3.0
6371.5,0.005,55,99,3.6
6372.0,0.006,55,99,3.6
6372.5,0.005,56,100,3.6
6373.0,0.006,56,100,4.2
6373.5,0.005,56,100,4.800000000000001
6374.0,0.006,57,100,4.2
6374.5,0.005,57,100,4.2
6375.0,0.006,57,100,3.6
6375.5,0.005,58,100,3.6
6376.0,0.005,58,100,3.6
6376.5,0.005,58,100,3.6
6377.0,0.005,58,100,4.2
6377.5,0.005,59,100,4.2
6378.0,0.006,59,100,4.2
6378.5,0.005,59,100,3.6
6379.0,0.003,60,100,3.6
6379.5,0.005,60,100,3.6
6380.0,0.005,60,100,3.0
6380.5,0.005,60,100,3.0
6381.0,0.008,61,100,3.0
6381.5,0.006,61,100,3.0
6382.0,0.006,61,100,3.0
6382.5,0.003,62,100,3.6
6383.0,0.006,62,100,3.0
6383.5,0.005,62,100,2.4000000000000004
6384.0,0.01,63,100,1.8
6384.5,0.003,63,100,1.8
6385.0,0.005,63,100,1.8
6385.5,0.003,63,100,1.8
6386.0,0.005,64,99,1.8
6386.5,0.005,64,99,1.8
6387.0,0.006,64,98,1.8
6387.5,0.003,65,98,1.8
6388.0,0.003,65,97,1.8
6388.5,0.006,65,97,1.8
6389.0,0.003,66,97,0.6000000000000001
6389.5,0.003,66,97,0.0
6390.0,0.005,66,97,0.0
6390.5,0.005,66,98,0.0
6391.0,0.005,67,98,0.0
6391.5,0.005,67,98,0.0
6392.0,0.003,67,98,0.0
6392.5,0.003,68,98,0.0
6393.0,0.005,68,98,0.0
6393.5,0.005,68,98,0.0
6394.0,0.003,68,99,0.0
6394.5,0.005,69,99,0.0
6395.0,0.003,69,100,0.6000000000000001
6395.5,0.005,69,100,0.6000000000000001
6396.0,0.005,70,100,0.6000000000000001
6396.5,0.006,70,101,0.6000000000000001
6397.0,0.005,70,100,0.6000000000000001
6397.5,0.005,71,100,0.6000000000000001
6398.0,0.003,71,100,0.6000000000000001
6398.5,0.006,71,100,0.6000000000000001
6399.0,0.003,72,99,1.2000000000000002
6399.5,0.006,72,99,2.4000000000000004
6400.0,0.005,72,99,4.2
6400.5,0.005,72,99,4.2
6401.0,0.005,73,100,4.2
6401.5,0.006,73,100,3.6
6402.0,0.005,73,99,3.6
6402.5,0.006,74,99,3.6
6403.0,0.005,74,99,3.6
6403.5,0.005,74,99,3.6
6404.0,0.005,74,98,3.6
6404.5,0.005,75,99,3.6
6405.0,0.005,75,99,4.2
6405.5,0.003,75,100,4.2
6406.0,0.003,76,100,4.800000000000001
6406.5,0.005,76,100,4.800000000000001
6407.0,0.005,76,100,4.800000000000001
6407.5,0.005,77,100,4.2
6408.0,0.003,77,100,4.2
6408.5,0.005,77,100,3.6
6409.0,0.005,78,100,3.6
6409.5,0.005,78,100,4.2
6410.0,0.005,78,100,4.2
6410.5,0.006,78,100,4.2
6411.0,0.006,79,100,4.2
6411.5,0.006,79,100,4.2
6412.0,0.006,79,100,3.6
6412.5,0.008,80,100,3.6
6413.0,0.003,80,100,3.0
6413.5,0.005,80,101,3.0
6414.0,0.005,81,100,3.0
6414.5,0.005,81,101,3.0
6415.0,0.006,81,101,3.6
6415.5,0.01,81,100,3.6
6416.0,0.006,82,100,3.0
6416.5,0.006,82,101,2.4000000000000004
6417.0,0.006,82,101,1.8
6417.5,0.008,83,101,1.8
6418.0,0.006,83,101,1.8
6418.5,0.008,83,100,1.8
6419.0,0.005,84,100,1.8
6419.5,0.006,84,99,1.8
6420.0,0.006,84,99,1.8
6420.5,0.006,84,98,1.8
6421.0,0.006,85,98,1.8
6421.5,0.006,85,98,0.6000000000000001
6422.0,0.005,85,98,0.0
6422.5,0.003,86,98,0.0
6423.0,0.005,86,98,0.0
6423.5,0.008,86,99,0.0
6424.0,0.005,87,99,0.0
6424.5,0.005,87,98,0.0
6425.0,0.006,87,99,0.0
6425.5,0.005,87,98,0.0
6426.0,0.005,88,99,0.0
6426.5,0.006,88,99,0.0
6427.0,0.005,88,100,0.0
6427.5,0.005,89,100,0.6000000000000001
6428.0,0.006,89,101,0.6000000000000001
6428.5,0.005,89,101,0.6000000000000001
6429.0,0.006,90,101,0.6000000000000001
6429.5,0.006,90,101,0.6000000000000001
6430.0,0.006,90,101,0.6000000000000001
6430.5,0.005,90,100,0.6000000000000001
6431.0,0.005,91,100,0.6000000000000001
6431.5,0.005,91,100,0.6000000000000001
6432.0,0.008,91,99,3.0
6432.5,0.006,92,100,3.6
6433.0,0.006,92,100,4.2
6433.5,0.006,92,101,4.2
6434.0,0.006,93,100,3.6
6434.5,0.006,93,100,3.6
6435.0,0.006,93,100,3.0
6435.5,0.006,93,99,3.0
6436.0,0.006,94,99,3.0
6436.5,0.008,94,99,3.6
6437.0,0.006,94,99,3.6
6437.5,0.006,95,100,3.6
6438.0,0.005,95,100,4.2
6438.5,0.003,95,100,4.800000000000001
6439.0,0.005,96,101,4.800000000000001
6439.5,0.003,96,101,4.2
6440.0,0.006,96,101,3.6
6440.5,0.005,97,100,3.6
6441.0,0.006,97,100,3.6
6441.5,0.003,97,100,3.6
6442.0,0.005,97,100,4.2
6442.5,0.005,98,100,4.2
6443.0,0.005,98,100,3.6
6443.5,0.005,98,100,3.6
6444.0,0.008,99,100,4.2
6444.5,0.003,99,101,3.6
6445.0,0.006,99,101,3.6
6445.5,0.003,100,101,3.0
6446.0,0.008,100,101,3.0
6446.5,0.005,100,101,3.0
6447.0,0.008,100,101,3.0
6447.5,0.003,101,101,3.0
6448.0,0.005,101,100,3.0
6448.5,0.006,101,100,2.4000000000000004
6449.0,0.006,102,100,1.8
6449.5,0.006,102,101,1.8
6450.0,0.008,102,101,1.8
6450.5,0.003,103,101,1.8
6451.0,0.006,103,100,1.8
6451.5,0.005,103,99,1.8
6452.0,0.005,103,99,1.8
6452.5,0.005,104,99,1.8
6453.0,0.006,104,98,1.8
6453.5,0.003,104,98,1.8
6454.0,0.005,105,98,0.6000000000000001
6454.5,0.005,105,98,0.6000000000000001
6455.0,0.005,105,98,0.0
6455.5,0.003,106,98,0.0
6456.0,0.005,106,98,0.0
6456.5,0.003,106,99,0.0
6457.0,0.003,106,98,0.0
6457.5,0.006,107,98,0.0
6458.0,0.006,107,98,0.0
6458.5,0.003,107,99,0.0
6459.0,0.005,108,99,0.0
6459.5,0.003,108,99,0.0
6460.0,0.003,108,100,0.6000000000000001
6460.5,0.005,108,100,0.6000000000000001
6461.0,0.005,109,101,0.6000000000000001
6461.5,0.003,109,101,0.6000000000000001
6462.0,0.005,109,101,0.6000000000000001
6462.5,0.003,110,100,0.6000000000000001
6463.0,0.003,110,100,0.6000000000000001
6463.5,0.005,110,100,0.6000000000000001
6464.0,0.003,111,100,0.6000000000000001
6464.5,0.002,111,99,1.8
6465.0,0.005,111,99,3.0
6465.5,0.005,112,100,3.6
6466.0,0.003,112,100,3.6
6466.5,0.006,112,100,3.6
6467.0,0.002,112,100,3.6
6467.5,0.003,113,99,3.0
6468.0,0.003,113,99,3.0
6468.5,0.005,113,99,3.0
6469.0,0.005,114,99,3.6
6469.5,0.003,114,99,3.6
6470.0,0.003,114,99,3.6
6470.5,0.003,115,100,3.6
6471.0,0.002,116,100,3.6
6471.5,0.002,117,100,3.6
6472.0,0.003,117,100,3.6
6472.5,0.003,117,100,4.2
6473.0,0.005,117,99,3.6
6473.5,0.003,118,100,3.6
6474.0,0.002,118,100,3.6
6474.5,0.003,118,100,3.6
6475.0,0.003,119,100,3.6
6475.5,0.003,119,101,3.0
6476.0,0.003,119,100,3.0
6476.5,0.003,120,100,3.0
6477.0,0.003,120,100,3.0
6477.5,0.003,120,100,3.6
6478.0,0.006,121,100,3.6
6478.5,0.002,121,100,3.0
6479.0,0.005,121,100,2.4000000000000004
6479.5,0.003,122,100,1.8
6480.0,0.003,122,101,1.8
6480.5,0.003,122,100,1.8
6481.0,0.005,122,100,1.8
6481.5,0.003,123,99,1.8
6482.0,0.005,123,99,1.8
6482.5,0.005,123,98,1.8
6483.0,0.003,124,98,1.8
6483.5,0.003,124,97,1.8
6484.0,0.005,124,97,1.2000000000000002
6484.5,0.003,124,97,0.6000000000000001
6485.0,0.006,125,97,0.0
6485.5,0.005,125,97,0.0
6486.0,0.003,125,98,0.0
6486.5,0.003,126,98,0.0
6487.0,0.005,126,97,0.0
6487.5,0.003,126,97,0.0
6488.0,0.006,126,97,0.0
6488.5,0.003,127,97,0.0
6489.0,0.005,127,98,0.0
6489.5,0.003,127,98,0.0
6490.0,0.006,128,98,0.0
6490.5,0.003,128,99,0.6000000000000001
6491.0,0.006,128,100,0.6000000000000001
6491.5,0.005,129,100,0.6000000000000001
6492.0,0.005,129,100,0.6000000000000001
6492.5,0.002,129,100,0.6000000000000001
6493.0,0.006,129,99,0.6000000000000001
6493.5,0.005,130,99,0.6000000000000001
6494.0,0.005,130,99,0.6000000000000001
6494.5,0.006,130,99,1.2000000000000002
6495.0,0.003,131,98,3.0
6495.5,0.002,131,98,3.6
6496.0,0.006,131,99,4.2
6496.5,0.008,132,99,3.6
6497.0,0.003,132,99,3.6
6497.5,0.003,133,98,3.6
6498.0,0.003,133,98,3.6
6498.5,0.006,133,98,3.6
6499.0,0.003,134,99,3.6
6499.5,0.008,134,99,4.2
6500.0,0.005,134,99,4.2
6500.5,0.003,135,99,4.800000000000001
6501.0,0.003,135,100,4.800000000000001
6501.5,0.006,135,100,4.2
6502.0,0.003,135,100,4.2
6502.5,0.005,136,99,4.2
6503.0,0.003,136,100,3.6
6503.5,0.003,136,100,3.6
6504.0,0.003,137,99,4.2
6504.5,0.005,137,100,4.2
6505.0,0.003,137,100,4.2
6505.5,0.006,138,99,4.2
6506.0,0.005,138,100,4.2
6506.5,0.002,138,100,4.2
6507.0,0.005,138,100,3.6
6507.5,0.005,139,100,3.0
6508.0,0.003,139,100,3.0
6508.5,0.008,139,100,3.0
6509.0,0.005,140,100,3.0
6509.5,0.003,140,100,3.6
6510.0,0.003,140,100,3.6
6510.5,0.005,141,100,3.0
6511.0,0.003,141,100,1.8
6511.5,0.006,141,100,1.8
6512.0,0.003,141,100,1.8
6512.5,0.003,142,100,1.8
6513.0,0.003,142,99,1.2000000000000002
6513.5,0.006,142,99,1.2000000000000002
6514.0,0.005,143,98,1.2000000000000002
6514.5,0.008,143,98,1.8
6515.0,0.005,143,97,1.8
6515.5,0.005,144,97,1.8
6516.0,0.003,144,97,0.6000000000000001
6516.5,0.005,144,97,0.0
6517.0,0.005,144,97,0.0
6517.5,0.006,145,97,0.0
6518.0,0.005,145,97,0.0
6518.5,0.002,145,97,0.0
6519.0,0.003,146,97,0.0
6519.5,0.003,146,98,0.0
6520.0,0.005,146,97,0.0
6520.5,0.005,146,97,0.0
6521.0,0.005,147,98,0.0
6521.5,0.003,147,98,0.0
6522.0,0.006,147,99,0.6000000000000001
6522.5,0.005,148,100,0.6000000000000001
6523.0,0.005,148,100,0.6000000000000001
6523.5,0.005,148,100,0.6000000000000001
6524.0,0.005,149,100,0.6000000000000001
6524.5,0.005,149,100,0.6000000000000001
6525.0,0.005,149,100,0.6000000000000001
6525.5,0.005,149,99,0.6000000000000001
6526.0,0.006,150,99,0.6000000000000001
6526.5,0.003,150,99,2.4000000000000004
6527.0,0.005,150,99,3.0
6527.5,0.003,151,99,4.2
6528.0,0.006,151,100,4.2
6528.5,0.006,151,100,4.2
6529.0,0.006,152,100,4.2
6529.5,0.005,152,99,3.6
6530.0,0.006,152,99,3.6
6530.5,0.005,152,99,3.6
6531.0,0.006,153,99,3.6
6531.5,0.006,153,99,3.6
6532.0,0.005,153,99,4.2
6532.5,0.005,154,100,4.2
6533.0,0.008,154,99,4.2
6533.5,0.005,154,100,4.800000000000001
6534.0,0.006,155,100,4.800000000000001
6534.5,0.008,155,100,4.2
6535.0,0.005,155,100,4.2
6535.5,0.003,156,100,3.6
6536.0,0.005,156,100,3.6
6536.5,0.005,156,100,4.2
6537.0,0.006,156,100,4.2
6537.5,0.005,157,100,4.2
6538.0,0.006,157,100,3.6
6538.5,0.003,157,100,4.2
6539.0,0.006,158,100,3.6
6539.5,0.005,158,100,3.6
6540.0,0.006,158,101,3.6
6540.5,0.005,158,100,3.0
6541.0,0.005,159,101,3.0
6541.5,0.005,159,101,3.0
6542.0,0.008,159,101,3.0
6542.5,0.006,160,100,3.6
6543.0,0.008,160,100,3.0
6543.5,0.006,160,100,2.4000000000000004
6544.0,0.005,161,101,1.8
6544.5,0.01,162,100,1.8
6545.0,0.006,162,99,1.2000000000000002
6545.5,0.005,162,99,1.8
6546.0,0.006,163,98,1.8
6546.5,0.006,163,97,1.8
6547.0,0.006,163,98,1.2000000000000002
6547.5,0.006,164,97,0.6000000000000001
6548.0,0.005,164,98,0.0
6548.5,0.003,164,98,0.0
6549.0,0.006,164,98,0.0
6549.5,0.006,165,98,0.0
6550.0,0.005,165,98,0.0
6550.5,0.005,165,98,0.0
6551.0,0.005,166,98,0.0
6551.5,0.003,166,98,0.0
6552.0,0.005,166,98,0.0
6552.5,0.008,167,99,0.0
6553.0,0.006,167,99,0.6000000000000001
6553.5,0.005,167,100,0.6000000000000001
6554.0,0.006,167,100,0.6000000000000001
6554.5,0.005,168,100,0.6000000000000001
6555.0,0.005,168,100,0.6000000000000001
6555.5,0.006,168,100,0.6000000000000001
6556.0,0.005,169,100,0.6000000000000001
6556.5,0.005,169,99,0.6000000000000001
6557.0,0.006,169,99,0.6000000000000001
6557.5,0.006,170,99,1.2000000000000002
6558.0,0.006,170,98,3.0
6558.5,0.006,170,99,4.2
6559.0,0.005,170,99,4.2
6559.5,0.005,171,100,4.2
6560.0,0.008,171,100,4.2
6560.5,0.006,171,99,3.6
6561.0,0.008,172,99,3.6
6561.5,0.005,172,99,3.6
6562.0,0.006,172,99,3.6
6562.5,0.008,173,99,3.6
6563.0,0.008,173,99,4.2
6563.5,0.005,173,99,4.2
6564.0,0.008,173,100,4.800000000000001
6564.5,0.006,174,100,4.800000000000001
6565.0,0.006,174,100,4.800000000000001
6565.5,0.006,174,100,4.800000000000001
6566.0,0.006,175,100,4.2
6566.5,0.005,175,100,3.6
6567.0,0.008,175,100,3.6
6567.5,0.005,176,100,3.6
6568.0,0.005,176,100,4.2
6568.5,0.005,176,100,4.2
6569.0,0.008,176,100,3.6
6569.5,0.006,177,100,4.2
6570.0,0.006,177,100,4.2
6570.5,0.006,177,100,3.6
6571.0,0.005,178,100,3.6
6571.5,0.005,178,101,3.0
6572.0,0.008,178,100,3.0
6572.5,0.006,179,101,3.0
6573.0,0.006,179,101,3.6
6573.5,0.008,179,100,3.6
6574.0,0.006,180,101,3.0
6574.5,0.006,180,100,3.0
6575.0,0.01,180,101,2.4000000000000004
6575.5,0.006,180,101,1.8
6576.0,0.006,181,101,1.8
6576.5,0.006,181,101,1.8
6577.0,0.006,181,100,1.8
6577.5,0.005,182,99,1.8
6578.0,0.008,182,99,1.8
6578.5,0.005,182,98,1.8
6579.0,0.006,182,98,1.8
6579.5,0.006,183,98,1.8
6580.0,0.006,183,98,0.6000000000000001
6580.5,0.006,183,98,0.0
6581.0,0.01,184,98,0.0
6581.5,0.006,184,98,0.0
6582.0,0.005,184,98,0.0
6582.5,0.006,185,98,0.0
6583.0,0.005,185,98,0.0
6583.5,0.006,185,98,0.0
6584.0,0.006,185,98,0.0
6584.5,0.005,186,99,0.0
6585.0,0.006,186,99,0.0
6585.5,0.008,186,99,0.0
6586.0,0.006,187,100,0.6000000000000001
6586.5,0.006,187,101,0.6000000000000001
6587.0,0.008,187,101,0.6000000000000001
6587.5,0.005,188,101,0.6000000000000001
6588.0,0.005,188,101,0.6000000000000001
6588.5,0.008,188,100,0.6000000000000001
6589.0,0.006,189,100,0.6000000000000001
6589.5,0.006,189,100,0.6000000000000001
6590.0,0.006,189,100,0.6000000000000001
6590.5,0.006,189,99,2.4000000000000004
6591.0,0.006,190,99,3.6
6591.5,0.008,190,100,4.2
6592.0,0.008,190,100,4.2
6592.5,0.008,191,100,3.6
6593.0,0.008,191,100,3.6
6593.5,0.008,191,99,3.6
6594.0,0.006,191,99,3.6
6594.5,0.008,192,99,3.6
6595.0,0.008,192,99,3.6
6595.5,0.008,192,99,4.2
6596.0,0.008,193,99,4.2
6596.5,0.006,193,100,4.2
6597.0,0.006,193,100,4.800000000000001
6597.5,0.011,194,100,4.800000000000001
6598.0,0.008,194,100,4.800000000000001
6598.5,0.008,194,100,4.2
6599.0,0.008,195,100,4.2
6599.5,0.005,195,100,3.6
6600.0,0.006,195,100,3.6
6600.5,0.01,195,100,4.2
6601.0,0.005,196,100,4.800000000000001
6601.5,0.008,196,100,4.2
6602.0,0.008,196,100,4.2
6602.5,0.008,197,100,4.2
6603.0,0.005,197,101,3.6
6603.5,0.01,197,100,3.6
6604.0,0.006,198,101,3.0
6604.5,0.006,198,101,3.0
6605.0,0.006,198,100,3.0
6605.5,0.006,198,101,3.0
6606.0,0.006,199,101,3.6
6606.5,0.01,199,101,3.6
6607.0,0.006,199,101,2.4000000000000004
6607.5,0.008,200,101,2.4000000000000004
6608.0,0.008,200,101,1.8
6608.5,0.006,200,101,1.8
6609.0,0.005,201,101,1.8
6609.5,0.01,201,100,1.2000000000000002
6610.0,0.008,201,100,1.2000000000000002
6610.5,0.008,201,99,1.2000000000000002
6611.0,0.01,202,99,1.2000000000000002
6611.5,0.008,202,98,1.2000000000000002
6612.0,0.008,202,98,1.8
6612.5,0.01,203,98,0.6000000000000001
6613.0,0.008,203,98,0.0
6613.5,0.01,203,98,0.0
6614.0,0.006,207,101,0.6000000000000001
6614.5,0.005,208,101,0.6000000000000001
6615.0,0.008,208,100,0.6000000000000001
6615.5,0.008,208,100,0.0
6616.0,0.008,209,100,0.6000000000000001
6616.5,0.01,209,99,2.4000000000000004
6617.0,0.008,209,99,3.0
6617.5,0.005,209,100,4.2
6618.0,0.01,210,100,4.2
6618.5,0.008,210,100,3.6
6619.0,0.008,210,100,3.6
6619.5,0.01,211,99,3.6
6620.0,0.005,211,99,3.6
6620.5,0.006,211,99,3.6
6621.0,0.008,212,99,3.6
6621.5,0.01,212,99,3.6
6622.0,0.01,212,100,4.2
6622.5,0.011,213,100,4.2
6623.0,0.008,213,100,4.800000000000001
6623.5,0.006,213,100,4.800000000000001
6624.0,0.008,213,100,4.800000000000001
6624.5,0.008,214,101,4.2
6625.0,0.006,214,100,3.6
6625.5,0.01,214,100,3.6
6626.0,0.006,215,100,3.6
6626.5,0.006,215,100,4.2
6627.0,0.006,215,100,4.2
6627.5,0.006,216,100,3.6
6628.0,0.006,216,100,3.6
6628.5,0.01,216,100,3.6
6629.0,0.006,216,100,3.6
6629.5,0.005,217,100,3.6
6630.0,0.006,217,100,3.0
6630.5,0.008,217,100,3.0
6631.0,0.005,218,100,3.0
6631.5,0.01,218,100,3.0
6632.0,0.005,218,101,3.6
6632.5,0.005,219,100,3.6
6633.0,0.005,219,100,3.0
6633.5,0.008,219,100,2.4000000000000004
6634.0,0.006,219,101,1.8
6634.5,0.011,220,101,1.8
6635.0,0.005,220,100,1.8
6635.5,0.006,220,100,1.8
6636.0,0.005,221,99,1.8
6636.5,0.008,221,99,1.8
6637.0,0.006,221,99,1.8
6637.5,0.008,222,98,1.8
6638.0,0.006,222,98,1.8
6638.5,0.006,222,98,1.2000000000000002
6639.0,0.006,222,98,0.6000000000000001
6639.5,0.01,223,98,0.0
6640.0,0.006,223,98,0.0
6640.5,0.01,223,98,0.0
6641.0,0.006,224,98,0.0
6641.5,0.006,224,98,0.0
6642.0,0.008,224,98,0.0
6642.5,0.01,224,98,0.0
6643.0,0.008,225,99,0.0
6643.5,0.01,225,99,0.0
6644.0,0.006,225,99,0.0
6644.5,0.006,226,100,0.6000000000000001
6645.0,0.005,226,100,0.6000000000000001
6645.5,0.008,226,101,0.6000000000000001
6646.0,0.006,227,101,0.6000000000000001
6646.5,0.006,227,101,0.6000000000000001
6647.0,0.005,227,100,0.6000000000000001
6647.5,0.008,228,100,0.6000000000000001
6648.0,0.006,228,100,0.6000000000000001
6648.5,0.006,228,100,0.6000000000000001
6649.0,0.005,228,99,1.8
6649.5,0.008,229,99,3.0
6650.0,0.008,229,100,4.2
6650.5,0.008,229,100,4.2
6651.0,0.006,230,100,4.2
6651.5,0.006,230,100,3.6
6652.0,0.008,230,100,3.6
6652.5,0.006,231,99,3.6
6653.0,0.006,231,99,3.0
6653.5,0.005,231,99,3.6
6654.0,0.008,231,99,3.6
6654.5,0.008,232,99,4.2
6655.0,0.008,232,100,3.6
6655.5,0.01,232,99,4.2
6656.0,0.01,233,100,4.800000000000001
6656.5,0.006,233,100,4.2
6657.0,0.006,233,100,4.2
6657.5,0.006,234,100,4.2
6658.0,0.006,234,100,3.6
6658.5,0.008,234,100,3.6
6659.0,0.006,234,100,3.6
6659.5,0.005,235,100,4.2
6660.0,0.006,235,100,4.2
6660.5,0.01,235,100,3.6
6661.0,0.006,236,100,4.2
6661.5,0.005,236,100,3.6
6662.0,0.008,236,100,3.6
6662.5,0.005,237,101,3.6
6663.0,0.008,237,100,3.0
6663.5,0.005,237,100,3.0
6664.0,0.006,238,101,3.0
6664.5,0.006,238,101,3.0
6665.0,0.006,238,101,3.6
6665.5,0.005,238,100,3.0
6666.0,0.008,239,100,2.4000000000000004
6666.5,0.006,239,101,1.8
6667.0,0.006,239,101,1.8
6667.5,0.006,240,101,1.8
6668.0,0.008,240,100,1.8
6668.5,0.006,240,100,1.2000000000000002
6669.0,0.008,241,99,1.2000000000000002
6669.5,0.006,241,99,1.8
6670.0,0.006,241,98,1.8
6670.5,0.006,241,98,1.8
6671.0,0.01,242,98,1.2000000000000002
6671.5,0.006,242,98,0.6000000000000001
6672.0,0.008,242,98,0.0
6672.5,0.008,243,98,0.0
6673.0,0.006,243,98,0.0
6673.5,0.01,243,98,0.0
6674.0,0.008,243,98,0.0
6674.5,0.008,244,98,0.0
6675.0,0.008,244,98,0.0
6675.5,0.008,244,97,0.0
6676.0,0.008,245,99,0.0
6676.5,0.008,245,98,0.0
6677.0,0.008,245,98,0.0
6677.5,0.006,246,100,0.6000000000000001
6678.0,0.006,246,100,0.6000000000000001
6678.5,0.006,246,100,0.6000000000000001
6679.0,0.006,246,101,0.6000000000000001
6679.5,0.005,247,100,0.6000000000000001
6680.0,0.006,247,100,0.6000000000000001
6680.5,0.006,247,100,0.6000000000000001
6681.0,0.008,248,99,0.6000000000000001
6681.5,0.01,248,99,1.2000000000000002
6682.0,0.008,248,99,3.0
6682.5,0.005,249,99,3.6
6683.0,0.008,249,100,4.2
6683.5,0.008,249,100,4.2
6684.0,0.008,249,100,3.6
6684.5,0.008,250,99,3.6
6685.0,0.006,250,99,3.6
6685.5,0.005,250,99,3.0
6686.0,0.006,251,99,3.6
6686.5,0.01,251,99,3.6
6687.0,0.01,251,99,3.6
6687.5,0.008,252,99,4.2
6688.0,0.006,252,100,4.2
6688.5,0.008,252,100,4.800000000000001
6689.0,0.008,252,100,4.800000000000001
6689.5,0.008,253,100,4.2
6690.0,0.01,253,101,4.2
6690.5,0.008,253,100,3.6
6691.0,0.006,254,100,3.6
6691.5,0.006,254,100,3.6
6692.0,0.006,254,100,3.6
6692.5,0.006,255,100,4.2
6693.0,0.01,255,100,3.6
6693.5,0.008,255,100,4.2
6694.0,0.005,255,101,4.2
6694.5,0.008,256,100,3.6
6695.0,0.005,256,100,3.6
6695.5,0.006,256,101,3.0
6696.0,0.01,257,100,3.0
6696.5,0.008,257,101,3.0
6697.0,0.006,257,101,3.0
6697.5,0.006,258,101,3.6
6698.0,0.008,258,101,3.6
6698.5,0.008,258,100,2.4000000000000004
6699.0,0.008,258,101,1.8
6699.5,0.011,259,101,1.8
6700.0,0.006,259,101,1.8
6700.5,0.006,259,101,1.8
6701.0,0.008,260,100,1.8
6701.5,0.008,260,99,1.8
6702.0,0.008,260,99,1.2000000000000002
6702.5,0.008,261,98,1.8
6703.0,0.005,261,98,1.8
6703.5,0.008,261,98,1.8
6704.0,0.008,262,98,0.6000000000000001
6704.5,0.006,262,98,0.0
6705.0,0.008,262,98,0.0
6705.5,0.01,262,98,0.0
6706.0,0.006,263,98,0.0
6706.5,0.006,263,98,0.0
6707.0,0.008,263,98,0.0
6707.5,0.008,264,98,0.0
6708.0,0.006,264,98,0.0
6708.5,0.01,264,99,0.0
6709.0,0.006,264,99,0.0
6709.5,0.01,265,99,0.0
6710.0,0.006,265,100,0.6000000000000001
6710.5,0.008,265,100,0.6000000000000001
6711.0,0.005,266,100,0.6000000000000001
6711.5,0.006,266,101,0.6000000000000001
6712.0,0.006,266,101,0.6000000000000001
6712.5,0.008,267,100,0.6000000000000001
6713.0,0.008,267,100,0.6000000000000001
6713.5,0.005,267,100,0.6000000000000001
6714.0,0.005,268,99,0.6000000000000001
6714.5,0.008,268,99,2.4000000000000004
6715.0,0.005,268,99,3.6
6715.5,0.01,268,100,4.2
6716.0,0.006,269,100,4.2
6716.5,0.006,269,100,4.2
6717.0,0.008,269,100,3.6
6717.5,0.008,270,99,3.6
6718.0,0.006,270,99,3.6
6718.5,0.01,270,99,3.6
6719.0,0.006,270,99,3.6
6719.5,0.006,271,99,4.2
6720.0,0.006,271,99,4.2
6720.5,0.01,271,99,4.2
6721.0,0.006,272,100,4.800000000000001
6721.5,0.01,272,100,4.800000000000001
6722.0,0.006,272,100,4.800000000000001
6722.5,0.006,273,101,4.2
6723.0,0.006,273,100,4.2
6723.5,0.008,273,100,4.2
6724.0,0.005,273,100,4.2
6724.5,0.008,274,100,4.2
6725.0,0.008,274,100,4.800000000000001
6725.5,0.006,274,100,4.2
6726.0,0.006,275,100,4.2
6726.5,0.006,275,100,4.2
6727.0,0.005,275,101,3.6
6727.5,0.006,276,101,3.6
6728.0,0.006,276,100,3.0
6728.5,0.005,276,101,3.0
6729.0,0.005,277,101,3.0
6729.5,0.006,277,101,3.0
6730.0,0.006,277,101,3.6
6730.5,0.006,277,101,3.6
6731.0,0.006,278,100,3.0
6731.5,0.006,278,101,2.4000000000000004
6732.0,0.005,278,101,2.4000000000000004
6732.5,0.006,279,102,1.8
6733.0,0.005,279,101,1.8
6733.5,0.006,279,101,1.8
6734.0,0.008,280,100,1.8
6734.5,0.005,280,100,1.8
6735.0,0.006,280,99,1.8
6735.5,0.008,280,98,1.8
6736.0,0.005,281,98,1.8
6736.5,0.005,281,98,0.6000000000000001
6737.0,0.008,281,98,0.0
6737.5,0.006,282,98,0.0
6738.0,0.006,282,98,0.0
6738.5,0.008,282,99,0.0
6739.0,0.005,282,99,0.0
6739.5,0.005,283,98,0.0
6740.0,0.008,283,99,0.0
6740.5,0.006,283,98,0.0
6741.0,0.005,284,99,0.0
6741.5,0.006,284,99,0.0
6742.0,0.005,284,99,0.0
6742.5,0.005,285,100,0.6000000000000001
6743.0,0.006,285,100,0.6000000000000001
6743.5,0.005,285,101,0.6000000000000001
6744.0,0.005,286,101,0.6000000000000001
6744.5,0.005,286,101,0.6000000000000001
6745.0,0.003,286,100,0.6000000000000001
6745.5,0.005,286,100,0.6000000000000001
6746.0,0.006,287,100,0.6000000000000001
6746.5,0.005,287,100,1.2000000000000002
6747.0,0.005,287,99,2.4000000000000004
6747.5,0.005,288,99,3.6
6748.0,0.006,288,100,4.2
6748.5,0.003,288,100,4.2
6749.0,0.006,289,100,4.2
6749.5,0.005,289,100,3.6
6750.0,0.005,289,99,3.6
6750.5,0.005,289,99,3.6
6751.0,0.006,290,99,3.6
6751.5,0.005,290,98,3.6
6752.0,0.006,290,99,3.6
6752.5,0.005,291,99,4.2
6753.0,0.005,291,99,4.2
6753.5,0.006,291,99,4.800000000000001
6754.0,0.005,292,100,4.800000000000001
6754.5,0.005,292,100,4.800000000000001
6755.0,0.008,292,100,4.2
6755.5,0.008,292,100,3.6
6756.0,0.006,293,100,3.6
6756.5,0.006,293,100,3.6
6757.0,0.006,293,100,4.2
6757.5,0.003,294,100,4.2
6758.0,0.006,294,99,4.2
6758.5,0.005,294,100,3.6
6759.0,0.005,295,100,4.2
6759.5,0.005,295,100,3.6
6760.0,0.006,295,100,3.6
6760.5,0.003,295,100,3.6
6761.0,0.008,296,100,3.0
6761.5,0.005,296,101,3.0
6762.0,0.005,296,100,3.0
6762.5,0.005,297,100,3.6
6763.0,0.002,297,101,3.6
6763.5,0.003,297,100,3.0
6764.0,0.008,298,101,2.4000000000000004
6764.5,0.006,298,101,1.8
6765.0,0.006,298,101,1.8
6765.5,0.006,298,101,1.8
6766.0,0.003,299,100,1.8
6766.5,0.002,299,100,1.8
6767.0,0.006,299,99,1.8
6767.5,0.006,300,99,1.8
6768.0,0.006,300,98,1.8
6768.5,0.006,300,98,1.8
6769.0,0.003,301,98,1.2000000000000002
6769.5,0.002,301,98,0.0
6770.0,0.006,301,98,0.0
6770.5,0.005,301,98,0.0
6771.0,0.005,302,98,0.0
6771.5,0.006,302,98,0.0
6772.0,0.005,302,98,0.0
6772.5,0.003,303,98,0.0
6773.0,0.005,303,98,0.0
6773.5,0.005,303,99,0.0
6774.0,0.005,304,99,0.0
6774.5,0.005,304,99,0.0
6775.0,0.003,304,100,0.0
6775.5,0.002,304,100,0.6000000000000001
6776.0,0.003,305,101,0.6000000000000001
6776.5,0.003,305,101,0.6000000000000001
6777.0,0.003,305,101,0.6000000000000001
6777.5,0.005,306,100,0.6000000000000001
6778.0,0.002,306,100,0.6000000000000001
6778.5,0.002,306,100,0.6000000000000001
6779.0,0.003,306,100,0.6000000000000001
6779.5,0.003,307,100,1.8
6780.0,0.005,307,100,3.6
6780.5,0.005,308,100,4.2
6781.0,0.002,308,100,3.6
6781.5,0.002,308,100,3.6
6782.0,0.003,309,100,3.6
6782.5,0.003,309,99,3.0
6783.0,0.005,309,99,3.0
6783.5,0.003,310,99,3.6
6784.0,0.003,310,99,3.6
6784.5,0.003,310,99,4.2
6785.0,0.003,310,99,4.2
6785.5,0.003,311,99,4.800000000000001
6786.0,0.005,311,100,4.800000000000001
6786.5,0.003,311,100,4.800000000000001
6787.0,0.003,312,100,4.800000000000001
6787.5,0.003,312,100,4.2
6788.0,0.003,312,100,3.6
6788.5,0.003,313,100,3.6
6789.0,0.005,313,100,3.6
6789.5,0.005,313,100,4.2
6790.0,0.003,313,100,4.2
6790.5,0.003,314,100,4.2
6791.0,0.003,314,100,4.2
6791.5,0.003,314,100,3.6
6792.0,0.005,315,100,3.6
6792.5,0.005,315,100,3.6
6793.0,0.003,315,100,3.0
6793.5,0.002,316,100,3.0
6794.0,0.003,316,101,3.0
6794.5,0.0,316,101,3.6
6795.0,0.005,316,100,3.6
6795.5,0.003,317,100,3.0
6796.0,0.002,317,100,2.4000000000000004
6796.5,0.002,317,101,1.8
6797.0,0.003,318,101,1.8
6797.5,0.003,318,101,1.8
6798.0,0.005,318,100,1.8
6798.5,0.003,319,100,1.8
6799.0,0.003,319,99,1.8
6799.5,0.003,319,99,1.8
6800.0,0.003,319,98,1.8
6800.5,0.002,320,98,1.8
6801.0,0.006,320,98,1.2000000000000002
6801.5,0.005,320,98,1.2000000000000002
6802.0,0.002,321,98,0.0
6802.5,0.003,321,98,0.0
6803.0,0.005,321,99,0.0
6803.5,0.005,321,98,0.0
6804.0,0.005,322,98,0.0
6804.5,0.006,322,98,0.0
6805.0,0.005,322,98,0.0
6805.5,0.005,323,98,0.0
6806.0,0.005,323,99,0.0
6806.5,0.003,323,99,0.0
6807.0,0.005,324,99,0.6000000000000001
6807.5,0.005,324,100,0.6000000000000001
6808.0,0.003,324,101,0.6000000000000001
6808.5,0.003,325,101,0.6000000000000001
6809.0,0.005,325,101,0.6000000000000001
6809.5,0.003,325,101,0.6000000000000001
6810.0,0.003,326,100,0.6000000000000001
6810.5,0.002,326,100,0.6000000000000001
6811.0,0.0,326,100,0.6000000000000001
6811.5,0.003,326,100,1.2000000000000002
6812.0,0.003,327,99,3.0
6812.5,0.003,327,100,3.6
6813.0,0.003,327,100,4.2
6813.5,0.003,328,100,4.2
6814.0,0.002,328,100,3.6
6814.5,0.003,328,100,3.6
6815.0,0.005,328,99,3.6
6815.5,0.005,329,99,3.0
6816.0,0.005,329,99,3.0
6816.5,0.003,329,99,3.6
6817.0,0.003,330,99,3.6
6817.5,0.005,330,100,3.6
6818.0,0.005,330,100,4.2
6818.5,0.005,331,100,4.800000000000001
6819.0,0.003,331,100,4.800000000000001
6819.5,0.005,331,100,4.2
6820.0,0.005,331,100,4.2
6820.5,0.006,332,100,3.6
6821.0,0.005,332,100,3.6
6821.5,0.003,332,100,3.6
6822.0,0.003,333,100,4.2
6822.5,0.003,333,100,4.2
6823.0,0.002,333,100,3.6
6823.5,0.005,334,100,4.2
6824.0,0.003,334,100,4.2
6824.5,0.003,334,100,3.6
6825.0,0.003,335,101,3.6
6825.5,0.003,335,101,3.0
6826.0,0.003,335,101,3.0
6826.5,0.005,335,100,3.0
6827.0,0.003,336,101,3.0
6827.5,0.003,336,101,3.6
6828.0,0.0,336,101,3.0
6828.5,0.002,337,100,2.4000000000000004
6829.0,0.005,337,101,1.8
6829.5,0.005,337,101,1.8
6830.0,0.003,337,101,1.8
6830.5,0.002,338,101,1.8
6831.0,0.003,338,100,1.8
6831.5,0.003,338,99,1.8
6832.0,0.003,339,99,1.8
6832.5,0.003,339,99,1.8
6833.0,0.003,339,98,1.8
6833.5,0.005,340,98,1.8
6834.0,0.003,340,98,0.6000000000000001
6834.5,0.003,340,98,0.0
6835.0,0.003,341,98,0.0
6835.5,0.005,341,98,0.0
6836.0,0.003,341,99,0.0
6836.5,0.005,341,98,0.0
6837.0,0.003,342,98,0.0
6837.5,0.005,342,99,0.0
6838.0,0.005,342,99,0.0
6838.5,0.006,343,98,0.0
6839.0,0.005,343,99,0.0
6839.5,0.005,343,99,0.0
6840.0,0.005,343,100,0.6000000000000001
6840.5,0.003,344,101,0.6000000000000001
6841.0,0.003,344,101,0.6000000000000001
6841.5,0.005,344,101,0.6000000000000001
6842.0,0.005,345,101,0.6000000000000001
6842.5,0.006,345,100,0.6000000000000001
6843.0,0.005,345,100,0.6000000000000001
6843.5,0.005,346,100,0.6000000000000001
6844.0,0.002,346,100,1.8
6844.5,0.005,346,99,2.4000000000000004
6845.0,0.002,346,100,3.6
6845.5,0.005,347,100,4.2
6846.0,0.005,347,100,4.2
6846.5,0.003,347,100,3.6
6847.0,0.003,348,100,3.6
6847.5,0.003,348,99,3.0
6848.0,0.003,348,99,3.0
6848.5,0.005,349,99,3.0
6849.0,0.005,349,99,3.6
6849.5,0.005,349,99,4.2
6850.0,0.005,350,100,3.6
6850.5,0.006,350,100,4.2
6851.0,0.005,350,100,4.800000000000001
6851.5,0.006,350,100,4.800000000000001
6852.0,0.005,351,100,4.2
6852.5,0.002,351,100,4.2
6853.0,0.003,351,100,3.6
6853.5,0.005,352,100,3.6
6854.0,0.003,352,100,3.6
6854.5,0.003,352,100,4.2
6855.0,0.005,353,100,4.2
6855.5,0.003,353,100,3.6
6856.0,0.003,353,100,3.6
6856.5,0.006,353,100,3.6
6857.0,0.005,354,100,3.6
6857.5,0.002,354,100,3.6
6858.0,0.005,354,100,3.0
6858.5,0.003,355,101,3.0
6859.0,0.005,355,101,3.0
6859.5,0.003,355,101,3.0
6860.0,0.003,356,101,3.6
6860.5,0.002,356,100,3.6
6861.0,0.005,356,100,2.4000000000000004
6861.5,0.003,356,101,2.4000000000000004
6862.0,0.003,357,101,1.8
6862.5,0.003,357,101,1.8
6863.0,0.005,357,101,1.8
6863.5,0.002,358,100,1.8
6864.0,0.005,358,100,1.8
6864.5,0.003,358,99,1.8
6865.0,0.005,359,99,1.8
6865.5,0.003,359,98,1.8
6866.0,0.005,359,98,1.2000000000000002
6866.5,0.003,360,98,0.6000000000000001
6867.0,0.006,360,98,0.0
6867.5,0.003,360,98,0.0
6868.0,0.005,360,99,0.0
6868.5,0.005,361,99,0.0
6869.0,0.003,361,99,0.0
6869.5,0.003,361,98,0.0
6870.0,0.006,362,99,0.0
6870.5,0.005,362,99,0.0
6871.0,0.005,362,99,0.0
6871.5,0.006,362,99,0.0
6872.0,0.005,363,99,0.0
6872.5,0.003,363,100,0.6000000000000001
6873.0,0.006,363,100,0.6000000000000001
6873.5,0.005,364,101,0.6000000000000001
6874.0,0.005,364,101,0.6000000000000001
6874.5,0.003,364,101,0.6000000000000001
6875.0,0.005,365,100,0.6000000000000001
6875.5,0.003,365,100,0.6000000000000001
6876.0,0.005,365,100,0.6000000000000001
6876.5,0.005,365,99,0.6000000000000001
6877.0,0.003,366,99,2.4000000000000004
6877.5,0.003,366,99,3.6
6878.0,0.005,366,100,4.2
6878.5,0.002,367,100,3.6
6879.0,0.005,367,100,3.6
6879.5,0.005,367,99,3.6
6880.0,0.003,368,99,3.0
6880.5,0.005,368,98,3.0
6881.0,0.003,368,99,3.0
6881.5,0.005,368,98,3.6
6882.0,0.005,369,98,3.6
6882.5,0.006,369,99,3.6
6883.0,0.005,369,99,4.2
6883.5,0.005,370,99,4.800000000000001
6884.0,0.003,370,100,4.800000000000001
6884.5,0.005,370,100,4.800000000000001
6885.0,0.006,370,100,4.2
6885.5,0.005,371,99,3.6
6886.0,0.003,371,99,3.6
6886.5,0.006,371,99,3.6
6887.0,0.003,372,99,4.2
6887.5,0.005,372,99,4.2
6888.0,0.006,372,99,3.6
6888.5,0.006,373,100,3.6
6889.0,0.008,373,100,3.6
6889.5,0.006,373,99,3.6
6890.0,0.006,374,100,3.6
6890.5,0.003,374,101,3.6
6891.0,0.006,374,100,3.0
6891.5,0.006,374,100,3.0
6892.0,0.006,375,100,3.0
6892.5,0.006,375,100,3.6
6893.0,0.003,375,100,3.6
6893.5,0.003,376,100,2.4000000000000004
6894.0,0.008,376,100,2.4000000000000004
6894.5,0.005,376,100,1.8
6895.0,0.005,377,101,1.8
6895.5,0.006,377,100,1.8
6896.0,0.003,377,100,1.8
6896.5,0.002,377,99,1.8
6897.0,0.008,378,99,1.8
6897.5,0.005,378,98,1.8
6898.0,0.005,378,98,1.8
6898.5,0.006,379,97,1.8
6899.0,0.005,379,97,1.2000000000000002
6899.5,0.005,379,97,0.6000000000000001
6900.0,0.006,379,98,0.0
6900.5,0.006,380,98,0.0
6901.0,0.005,380,98,0.0
6901.5,0.006,380,98,0.0
6902.0,0.005,381,98,0.0
6902.5,0.003,381,98,0.0
6903.0,0.006,381,98,0.0
6903.5,0.008,382,98,0.0
6904.0,0.006,382,99,0.0
6904.5,0.006,382,99,0.0
6905.0,0.006,382,99,0.0
6905.5,0.005,383,100,0.6000000000000001
6906.0,0.005,383,100,0.6000000000000001
6906.5,0.008,383,101,0.6000000000000001
6907.0,0.005,384,101,0.6000000000000001
6907.5,0.006,384,100,0.6000000000000001
6908.0,0.006,384,100,0.6000000000000001
6908.5,0.005,385,100,0.6000000000000001
6909.0,0.005,385,100,0.0
6909.5,0.005,385,99,1.8
6910.0,0.005,385,99,3.0
6910.5,0.006,386,99,3.6
6911.0,0.005,386,100,4.2
6911.5,0.005,386,100,3.6
6912.0,0.005,387,99,3.6
6912.5,0.005,387,99,3.0
6913.0,0.005,387,99,3.6
6913.5,0.008,388,99,3.6
6914.0,0.003,388,98,3.0
6914.5,0.005,388,98,3.6
6915.0,0.005,389,99,3.6
6915.5,0.005,389,99,4.2
6916.0,0.006,389,99,4.800000000000001
6916.5,0.008,389,100,4.800000000000001
6917.0,0.006,390,100,4.800000000000001
6917.5,0.005,390,100,4.2
6918.0,0.006,390,100,3.6
6918.5,0.006,391,100,3.6
6919.0,0.005,391,100,3.6
6919.5,0.008,391,100,3.6
6920.0,0.008,392,100,4.2
6920.5,0.005,392,100,3.6
6921.0,0.006,392,99,3.6
6921.5,0.005,392,100,4.2
6922.0,0.005,393,101,3.6
6922.5,0.008,393,100,3.6
6923.0,0.006,393,100,3.6
6923.5,0.005,394,101,3.0
6924.0,0.006,394,100,3.0
6924.5,0.003,394,101,3.0
6925.0,0.006,395,101,3.0
6925.5,0.008,395,101,3.6
6926.0,0.006,395,100,3.0
6926.5,0.005,395,100,2.4000000000000004
6927.0,0.003,396,101,1.8
6927.5,0.003,396,101,1.8
6928.0,0.006,396,101,1.8
6928.5,0.008,397,100,1.8
6929.0,0.006,397,100,1.8
6929.5,0.005,397,99,1.8
6930.0,0.003,398,99,1.8
6930.5,0.005,398,98,1.8
6931.0,0.005,398,98,1.8
6931.5,0.006,398,98,1.2000000000000002
6932.0,0.005,399,97,0.6000000000000001
6932.5,0.005,399,98,0.0
6933.0,0.005,399,97,0.0
6933.5,0.005,400,98,0.0
6934.0,0.006,400,98,0.0
6934.5,0.005,400,98,0.0
6935.0,0.006,400,98,0.0
6935.5,0.003,401,98,0.6000000000000001
6936.0,0.003,401,98,0.0
6936.5,0.006,401,98,0.0
6937.0,0.008,402,99,0.0
6937.5,0.006,402,99,0.6000000000000001
6938.0,0.008,402,100,0.6000000000000001
6938.5,0.005,403,100,0.6000000000000001
6939.0,0.006,403,100,0.6000000000000001
6939.5,0.005,403,101,0.6000000000000001
6940.0,0.006,404,100,0.6000000000000001
6940.5,0.005,404,100,0.6000000000000001
6941.0,0.006,404,100,0.6000000000000001
6941.5,0.005,404,100,0.6000000000000001
6942.0,0.006,405,99,1.2000000000000002
6942.5,0.005,405,99,3.0
6943.0,0.005,405,99,3.6
6943.5,0.006,406,100,4.2
6944.0,0.006,406,100,4.2
6944.5,0.003,406,100,4.2
6945.0,0.005,407,100,3.6
6945.5,0.005,407,99,3.6
6946.0,0.005,407,99,3.0
6946.5,0.003,407,99,3.6
6947.0,0.006,408,99,3.6
6947.5,0.006,408,99,3.6
6948.0,0.006,408,99,4.2
6948.5,0.005,409,100,4.2
6949.0,0.005,409,100,4.800000000000001
6949.5,0.003,409,100,4.800000000000001
6950.0,0.008,409,100,4.800000000000001
6950.5,0.006,410,101,4.2
6951.0,0.008,410,100,3.6
6951.5,0.006,410,100,3.6
6952.0,0.005,411,100,3.6
6952.5,0.003,411,100,4.2
6953.0,0.006,411,100,4.2
6953.5,0.006,412,100,3.6
6954.0,0.006,412,100,3.6
6954.5,0.006,412,100,3.6
6955.0,0.006,413,101,3.6
6955.5,0.006,413,101,3.6
6956.0,0.006,413,100,3.0
6956.5,0.006,413,101,3.0
6957.0,0.008,414,101,3.0
6957.5,0.006,414,101,3.6
6958.0,0.005,414,101,3.6
6958.5,0.006,415,101,3.6
6959.0,0.006,415,101,2.4000000000000004
6959.5,0.006,415,101,2.4000000000000004
6960.0,0.006,416,101,1.8
6960.5,0.005,416,101,1.8
6961.0,0.005,416,101,1.8
6961.5,0.005,416,100,1.8
6962.0,0.006,417,100,1.8
6962.5,0.006,417,99,1.2000000000000002
6963.0,0.006,417,99,1.8
6963.5,0.006,418,98,1.8
6964.0,0.005,418,98,1.8
6964.5,0.005,418,98,0.6000000000000001
6965.0,0.008,418,98,0.0
6965.5,0.006,419,98,0.0
6966.0,0.005,419,98,0.0
6966.5,0.006,419,98,0.0
6967.0,0.005,420,98,0.0
6967.5,0.006,420,98,0.0
6968.0,0.006,420,98,0.0
6968.5,0.008,421,98,0.0
6969.0,0.005,421,98,0.0
6969.5,0.008,421,99,0.0
6970.0,0.006,422,99,0.0
6970.5,0.006,422,99,0.6000000000000001
6971.0,0.008,422,100,0.6000000000000001
6971.5,0.008,422,100,0.6000000000000001
6972.0,0.008,423,100,0.6000000000000001
6972.5,0.008,423,100,0.6000000000000001
6973.0,0.006,423,100,0.6000000000000001
6973.5,0.006,424,100,0.6000000000000001
6974.0,0.005,424,100,0.6000000000000001
6974.5,0.006,424,100,1.2000000000000002
6975.0,0.006,425,99,2.4000000000000004
6975.5,0.005,425,99,3.6
6976.0,0.005,425,100,4.2
6976.5,0.006,425,100,4.2
6977.0,0.003,426,100,3.6
6977.5,0.005,426,100,3.6
6978.0,0.005,426,99,3.6
6978.5,0.005,427,99,3.0
6979.0,0.005,427,99,3.0
6979.5,0.006,428,99,3.6
6980.0,0.006,428,99,4.2
6980.5,0.006,428,100,4.2
6981.0,0.006,428,100,4.800000000000001
6981.5,0.005,429,100,4.800000000000001
6982.0,0.008,429,100,4.800000000000001
6982.5,0.003,429,100,4.2
6983.0,0.005,430,100,3.6
6983.5,0.006,430,100,3.6
6984.0,0.008,430,100,3.6
6984.5,0.006,431,101,3.6
6985.0,0.006,431,100,4.2
6985.5,0.005,431,99,3.6
6986.0,0.008,431,100,3.6
6986.5,0.005,432,100,3.6
6987.0,0.008,432,100,3.6
6987.5,0.006,432,101,3.6
6988.0,0.006,433,101,3.0
6988.5,0.006,433,100,3.0
6989.0,0.005,433,101,3.0
6989.5,0.005,434,101,3.0
6990.0,0.01,434,101,3.0
6990.5,0.005,434,100,3.6
6991.0,0.008,434,100,2.4000000000000004
6991.5,0.005,435,101,2.4000000000000004
6992.0,0.005,435,101,1.8
6992.5,0.006,435,101,1.8
6993.0,0.01,436,101,1.8
6993.5,0.003,436,100,1.8
6994.0,0.005,436,99,1.2000000000000002
6994.5,0.005,437,99,1.2000000000000002
6995.0,0.005,437,98,1.8
6995.5,0.005,437,98,1.2000000000000002
6996.0,0.008,438,98,1.2000000000000002
6996.5,0.005,438,98,0.6000000000000001
6997.0,0.005,438,98,0.0
6997.5,0.005,438,98,0.0
6998.0,0.005,439,98,0.0
6998.5,0.006,439,98,0.0
6999.0,0.006,439,98,0.0
6999.5,0.005,440,98,0.0
7000.0,0.005,440,98,0.0
7000.5,0.006,440,98,0.0
7001.0,0.005,440,98,0.0
7001.5,0.005,441,99,0.0
7002.0,0.006,441,99,0.0
7002.5,0.005,441,100,0.6000000000000001
7003.0,0.006,442,100,0.6000000000000001
7003.5,0.008,442,100,0.6000000000000001
7004.0,0.005,442,101,0.6000000000000001
7004.5,0.006,443,101,0.6000000000000001
7005.0,0.006,443,100,0.6000000000000001
7005.5,0.006,443,100,0.6000000000000001
7006.0,0.005,443,100,0.0
7006.5,0.008,444,99,0.0
7007.0,0.005,444,99,1.8
7007.5,0.005,444,99,3.0
7008.0,0.006,445,99,3.6
7008.5,0.005,445,100,4.2
7009.0,0.005,445,100,3.6
7009.5,0.008,446,100,3.6
7010.0,0.003,446,100,3.0
7010.5,0.005,446,99,3.0
7011.0,0.006,446,99,3.0
7011.5,0.005,447,99,3.6
7012.0,0.005,447,99,3.6
7012.5,0.006,447,99,4.2
7013.0,0.005,448,100,4.2
7013.5,0.005,448,100,4.800000000000001
7014.0,0.005,448,100,4.800000000000001
7014.5,0.005,449,100,4.800000000000001
7015.0,0.005,449,100,4.2
7015.5,0.008,449,100,3.6
7016.0,0.005,449,100,3.6
7016.5,0.006,450,100,3.6
7017.0,0.005,450,100,3.6
7017.5,0.005,450,100,4.2
7018.0,0.003,451,100,4.2
7018.5,0.006,451,99,3.6
7019.0,0.005,451,100,4.2
7019.5,0.008,452,100,3.6
7020.0,0.006,452,100,3.6
7020.5,0.005,452,101,3.0
7021.0,0.005,452,101,3.0
7021.5,0.01,453,100,3.0
7022.0,0.005,453,101,3.0
7022.5,0.006,453,101,3.0
7023.0,0.006,454,100,3.6
7023.5,0.008,454,100,3.0
7024.0,0.003,454,100,2.4000000000000004
7024.5,0.008,455,101,1.8
7025.0,0.003,455,101,1.8
7025.5,0.006,455,101,1.8
7026.0,0.005,456,100,1.8
7026.5,0.005,456,100,1.8
7027.0,0.005,456,99,1.2000000000000002
7027.5,0.006,456,99,1.8
7028.0,0.005,457,98,1.2000000000000002
7028.5,0.006,457,98,1.8
7029.0,0.005,457,98,1.2000000000000002
7029.5,0.005,458,98,0.6000000000000001
7030.0,0.005,458,98,0.0
7030.5,0.008,458,98,0.0
7031.0,0.005,458,98,0.0
7031.5,0.005,459,98,0.0
7032.0,0.005,459,98,0.0
7032.5,0.005,459,98,0.0
7033.0,0.003,460,98,0.0
7033.5,0.008,460,98,0.0
7034.0,0.005,460,99,0.0
7034.5,0.006,461,99,0.0
7035.0,0.005,461,99,0.0
7035.5,0.005,461,100,0.6000000000000001
7036.0,0.005,461,100,0.6000000000000001
7036.5,0.006,462,101,0.6000000000000001
7037.0,0.006,462,101,0.6000000000000001
7037.5,0.005,462,100,0.6000000000000001
7038.0,0.006,463,100,0.6000000000000001
7038.5,0.005,463,100,0.6000000000000001
7039.0,0.005,463,100,0.6000000000000001
7039.5,0.005,464,99,1.2000000000000002
7040.0,0.006,464,99,3.0
7040.5,0.005,464,99,3.6
7041.0,0.006,464,100,4.2
7041.5,0.005,465,100,3.6
7042.0,0.003,465,100,3.6
7042.5,0.005,465,100,3.6
7043.0,0.006,466,99,3.6
7043.5,0.003,466,99,3.0
7044.0,0.006,466,99,3.0
7044.5,0.003,467,99,3.6
7045.0,0.005,467,99,4.2
7045.5,0.005,467,100,3.6
7046.0,0.005,467,100,4.2
7046.5,0.005,468,100,4.800000000000001
7047.0,0.006,468,100,4.800000000000001
7047.5,0.005,468,101,4.2
7048.0,0.005,469,100,3.6
7048.5,0.003,469,100,3.6
7049.0,0.005,469,100,3.6
7049.5,0.003,470,100,3.6
7050.0,0.008,470,100,4.2
7050.5,0.003,470,100,3.6
7051.0,0.005,470,100,3.6
7051.5,0.003,471,100,3.6
7052.0,0.005,471,100,3.6
7052.5,0.003,471,100,3.6
7053.0,0.01,472,100,3.0
7053.5,0.005,472,100,3.0
7054.0,0.005,472,100,3.0
7054.5,0.005,473,100,3.0
7055.0,0.006,473,100,3.0
7055.5,0.005,473,100,3.6
7056.0,0.006,473,100,3.6
7056.5,0.003,474,100,2.4000000000000004
7057.0,0.003,474,100,2.4000000000000004
7057.5,0.002,474,100,1.8
7058.0,0.005,475,100,1.8
7058.5,0.005,475,100,1.8
7059.0,0.006,475,99,1.8
7059.5,0.005,476,99,1.8
7060.0,0.002,476,98,1.8
7060.5,0.003,476,98,1.8
7061.0,0.006,477,97,1.8
7061.5,0.003,477,98,1.2000000000000002
7062.0,0.008,477,97,0.6000000000000001
7062.5,0.003,477,98,0.0
7063.0,0.003,478,97,0.0
7063.5,0.003,478,98,0.0
7064.0,0.005,478,98,0.0
7064.5,0.003,479,98,0.0
7065.0,0.006,479,98,0.0
7065.5,0.003,479,98,0.0
7066.0,0.005,479,98,0.0
7066.5,0.005,480,98,0.0
7067.0,0.006,480,99,0.0
7067.5,0.005,480,99,0.0
7068.0,0.005,481,100,0.6000000000000001
7068.5,0.003,481,100,0.6000000000000001
7069.0,0.003,481,101,0.6000000000000001
7069.5,0.005,482,101,0.6000000000000001
7070.0,0.006,482,101,0.6000000000000001
7070.5,0.003,482,100,0.6000000000000001
7071.0,0.008,482,100,0.6000000000000001
7071.5,0.003,483,100,0.0
7072.0,0.005,483,100,0.6000000000000001
7072.5,0.005,483,99,3.0
7073.0,0.005,484,99,3.6
7073.5,0.005,484,100,4.2
7074.0,0.005,484,100,3.6
7074.5,0.005,485,100,3.6
7075.0,0.003,485,100,3.6
7075.5,0.003,485,99,3.0
7076.0,0.005,485,99,3.0
7076.5,0.002,486,99,3.0
7077.0,0.005,486,99,3.6
7077.5,0.003,486,99,3.6
7078.0,0.006,487,99,4.2
7078.5,0.003,487,99,4.2
7079.0,0.006,487,100,4.800000000000001
7079.5,0.005,488,100,4.800000000000001
7080.0,0.003,488,100,4.2
7080.5,0.006,488,100,3.6
7081.0,0.005,488,100,3.6
7081.5,0.005,489,100,3.6
7082.0,0.006,489,100,3.6
7082.5,0.006,489,100,4.2
7083.0,0.005,490,100,4.2
7083.5,0.005,490,100,3.6
7084.0,0.005,490,100,3.6
7084.5,0.005,491,100,4.2
7085.0,0.005,491,100,3.6
7085.5,0.006,491,100,3.6
7086.0,0.005,491,101,3.0
7086.5,0.006,492,101,3.0
7087.0,0.005,492,100,3.0
7087.5,0.006,492,101,3.0
7088.0,0.005,493,100,3.6
7088.5,0.006,493,100,3.6
7089.0,0.006,493,100,2.4000000000000004
7089.5,0.005,494,100,2.4000000000000004
7090.0,0.005,494,101,1.8
7090.5,0.005,494,101,1.8
7091.0,0.003,495,100,1.8
7091.5,0.005,495,100,1.8
7092.0,0.003,495,99,1.8
7092.5,0.005,495,99,1.8
7093.0,0.005,496,98,1.8
7093.5,0.005,496,98,1.8
7094.0,0.005,496,98,1.8
7094.5,0.003,497,98,0.6000000000000001
7095.0,0.003,497,98,0.0
7095.5,0.005,497,98,0.0
7096.0,0.003,497,98,0.0
7096.5,0.005,498,98,0.0
7097.0,0.003,498,98,0.0
7097.5,0.005,498,98,0.0
7098.0,0.005,499,98,0.0
7098.5,0.006,499,98,0.0
7099.0,0.003,499,98,0.0
7099.5,0.008,500,99,0.0
7100.0,0.005,500,99,0.0
7100.5,0.005,500,100,0.0
7101.0,0.006,500,100,0.6000000000000001
7101.5,0.006,501,100,0.6000000000000001
7102.0,0.005,501,101,0.6000000000000001
7102.5,0.005,501,101,0.6000000000000001
7103.0,0.005,502,100,0.6000000000000001
7103.5,0.006,502,100,0.6000000000000001
7104.0,0.005,502,100,0.0
7104.5,0.006,503,100,0.6000000000000001
7105.0,0.005,503,99,1.8
7105.5,0.006,503,99,3.6
7106.0,0.005,503,100,4.2
7106.5,0.005,504,100,4.2
7107.0,0.006,504,100,4.2
7107.5,0.005,504,100,3.6
7108.0,0.005,505,99,3.6
7108.5,0.005,505,99,3.0
7109.0,0.005,505,99,3.0
7109.5,0.003,506,99,3.6
7110.0,0.005,506,99,3.6
7110.5,0.006,506,99,4.2
7111.0,0.005,506,99,4.2
7111.5,0.005,507,100,4.800000000000001
7112.0,0.005,507,100,4.800000000000001
7112.5,0.003,507,100,4.800000000000001
7113.0,0.005,508,100,4.2
7113.5,0.005,508,100,3.6
7114.0,0.003,508,100,3.6
7114.5,0.005,509,100,3.6
7115.0,0.006,509,100,3.6
7115.5,0.005,509,100,4.2
7116.0,0.008,509,100,4.2
7116.5,0.005,510,99,3.6
7117.0,0.005,510,100,4.2
7117.5,0.006,510,100,3.6
7118.0,0.008,513,100,2.4000000000000004
7118.5,0.005,513,100,1.8
7119.0,0.006,514,101,1.8
7119.5,0.006,514,100,1.8
7120.0,0.006,514,100,1.8
7120.5,0.006,515,99,1.2000000000000002
7121.0,0.008,515,99,1.2000000000000002
7121.5,0.005,515,98,1.2000000000000002
7122.0,0.005,516,98,1.2000000000000002
7122.5,0.005,516,97,1.8
7123.0,0.005,516,97,1.2000000000000002
7123.5,0.003,516,97,0.0
7124.0,0.006,517,97,0.0
7124.5,0.005,517,97,0.0
7125.0,0.005,517,98,0.0
7125.5,0.005,518,98,0.0
7126.0,0.006,518,98,0.0
7126.5,0.005,518,98,0.0
7127.0,0.003,518,98,0.0
7127.5,0.005,519,98,0.0
7128.0,0.006,519,99,0.0
7128.5,0.006,519,99,0.0
7129.0,0.008,520,99,0.0
7129.5,0.005,520,100,0.6000000000000001
7130.0,0.005,520,100,0.6000000000000001
7130.5,0.008,521,100,0.6000000000000001
7131.0,0.006,521,101,0.6000000000000001
7131.5,0.005,521,100,0.6000000000000001
7132.0,0.006,521,100,0.0
7132.5,0.006,522,100,0.6000000000000001
7133.0,0.006,522,100,0.0
7133.5,0.006,522,99,1.2000000000000002
7134.0,0.006,523,99,2.4000000000000004
7134.5,0.005,523,99,3.6
7135.0,0.006,523,100,4.2
7135.5,0.005,524,100,3.6
7136.0,0.005,524,100,3.6
7136.5,0.006,524,99,3.6
7137.0,0.005,524,99,3.0
7137.5,0.005,525,99,3.0
7138.0,0.006,525,99,3.0
7138.5,0.005,525,99,3.6
7139.0,0.005,526,99,3.6
7139.5,0.005,526,99,3.6
7140.0,0.003,526,99,4.2
7140.5,0.005,526,100,4.800000000000001
7141.0,0.006,527,100,4.800000000000001
7141.5,0.005,527,100,4.2
7142.0,0.005,527,100,4.2
7142.5,0.006,528,100,3.6
7143.0,0.006,528,100,3.6
7143.5,0.011,530,99,3.6
7144.0,0.006,530,100,3.6
7144.5,0.005,530,101,3.6
7145.0,0.006,530,100,3.6
7145.5,0.005,531,100,3.0
7146.0,0.005,531,101,3.0
7146.5,0.008,531,100,3.0
7147.0,0.006,532,101,3.0
7147.5,0.005,532,100,3.6
7148.0,0.006,532,100,3.0
7148.5,0.005,533,100,2.4000000000000004
7149.0,0.005,533,100,1.8
7149.5,0.008,533,101,1.8
7150.0,0.005,533,101,1.8
7150.5,0.005,534,100,1.8
7151.0,0.005,534,100,1.8
7151.5,0.005,534,99,1.8
7152.0,0.006,535,99,1.8
7152.5,0.006,535,98,1.8
7153.0,0.005,535,98,1.8
7153.5,0.008,536,98,1.2000000000000002
7154.0,0.005,536,98,0.6000000000000001
7154.5,0.005,536,98,0.0
7155.0,0.005,536,98,0.0
7155.5,0.006,537,98,0.0
7156.0,0.005,537,98,0.0
7156.5,0.006,537,98,0.0
7157.0,0.006,538,98,0.0
7157.5,0.006,538,98,0.0
7158.0,0.005,538,98,0.0
7158.5,0.01,539,98,0.0
7159.0,0.006,539,99,0.0
7159.5,0.006,539,99,0.0
7160.0,0.006,539,99,0.6000000000000001
7160.5,0.006,540,100,0.6000000000000001
7161.0,0.003,540,100,0.6000000000000001
7161.5,0.008,540,101,0.6000000000000001
7162.0,0.006,541,100,0.6000000000000001
7162.5,0.006,541,100,0.6000000000000001
7163.0,0.006,541,100,0.6000000000000001
7163.5,0.006,541,100,0.6000000000000001
7164.0,0.003,542,100,0.6000000000000001
7164.5,0.008,542,99,2.4000000000000004
7165.0,0.006,542,99,3.6
7165.5,0.006,543,100,3.6
7166.0,0.008,543,100,4.2
7166.5,0.006,543,100,3.6
7167.0,0.005,544,100,3.6
7167.5,0.006,544,99,3.6
7168.0,0.006,544,99,3.0
7168.5,0.006,545,99,3.6
7169.0,0.008,545,99,3.6
7169.5,0.006,545,99,3.6
7170.0,0.005,545,99,4.2
7170.5,0.006,546,99,4.2
7171.0,0.006,546,100,4.800000000000001
7171.5,0.003,546,100,4.800000000000001
7172.0,0.008,547,100,4.800000000000001
7172.5,0.005,547,100,4.2
7173.0,0.003,547,100,4.2
7173.5,0.006,548,100,3.6
7174.0,0.006,548,100,3.6
7174.5,0.006,548,100,4.2
7175.0,0.008,548,99,4.2
7175.5,0.006,549,99,4.2
7176.0,0.005,549,100,4.2
7176.5,0.003,549,100,4.2
7177.0,0.006,550,100,3.6
7177.5,0.006,550,101,3.6
7178.0,0.008,550,101,3.0
7178.5,0.006,550,100,3.0
7179.0,0.005,551,100,3.0
7179.5,0.005,551,101,3.0
7180.0,0.01,551,100,3.6
7180.5,0.006,552,100,3.6
7181.0,0.01,552,100,3.0
7181.5,0.008,552,100,2.4000000000000004
7182.0,0.008,553,101,1.8
7182.5,0.005,553,101,1.8
7183.0,0.008,553,101,1.8
7183.5,0.006,554,100,1.8
7184.0,0.008,554,99,1.2000000000000002
7184.5,0.006,554,99,1.2000000000000002
7185.0,0.006,555,98,1.2000000000000002
7185.5,0.005,555,98,1.8
7186.0,0.01,555,98,1.8
7186.5,0.005,555,98,1.2000000000000002
7187.0,0.008,556,97,0.6000000000000001
7187.5,0.008,556,98,0.0
7188.0,0.008,556,97,0.0
7188.5,0.005,556,98,0.0
7189.0,0.008,557,98,0.0
7189.5,0.005,557,98,0.0
7190.0,0.008,557,98,0.0
7190.5,0.006,558,98,0.0
7191.0,0.008,558,98,0.0
7191.5,0.006,558,99,0.0
7192.0,0.008,559,99,0.0
7192.5,0.008,559,99,0.6000000000000001
7193.0,0.008,559,100,0.6000000000000001
7193.5,0.008,559,100,0.6000000000000001
7194.0,0.006,560,100,0.6000000000000001
7194.5,0.008,560,100,0.6000000000000001
7195.0,0.008,560,100,0.6000000000000001
7195.5,0.006,561,100,0.6000000000000001
7196.0,0.008,561,100,0.6000000000000001
7196.5,0.008,561,100,0.6000000000000001
7197.0,0.005,562,99,1.8
7197.5,0.006,562,99,3.0
7198.0,0.01,562,99,4.2
7198.5,0.008,563,100,4.2
7199.0,0.01,563,100,3.6
7199.5,0.008,563,100,3.6
7200.0,0.005,563,99,3.6
7200.5,0.006,564,99,3.6
7201.0,0.008,564,99,3.0
7201.5,0.008,564,99,3.6
7202.0,0.006,565,99,3.6
7202.5,0.008,565,99,3.6
7203.0,0.006,565,99,3.6
7203.5,0.008,565,99,4.800000000000001
7204.0,0.006,566,100,4.800000000000001
7204.5,0.008,566,100,4.800000000000001
7205.0,0.006,566,100,4.800000000000001
7205.5,0.008,567,100,4.2
7206.0,0.006,567,100,3.6
7206.5,0.008,567,100,3.6
7207.0,0.006,568,100,4.2
7207.5,0.006,568,100,4.2
7208.0,0.005,568,100,4.2
7208.5,0.008,569,100,4.2
7209.0,0.006,569,100,4.2
7209.5,0.006,569,100,3.6
7210.0,0.008,569,100,3.6
7210.5,0.008,570,101,3.6
7211.0,0.008,570,101,3.0
7211.5,0.008,570,100,3.0
7212.0,0.006,571,101,3.0
7212.5,0.006,571,101,3.0
7213.0,0.006,571,100,3.6
7213.5,0.006,572,101,3.0
7214.0,0.01,572,100,2.4000000000000004
7214.5,0.01,572,101,1.8
7215.0,0.008,572,101,1.8
7215.5,0.008,573,101,1.8
7216.0,0.008,573,100,1.8
7216.5,0.006,573,100,1.8
7217.0,0.006,574,99,1.8
7217.5,0.008,574,99,1.8
7218.0,0.006,574,98,1.2000000000000002
7218.5,0.006,574,98,1.8
7219.0,0.006,575,98,1.2000000000000002
7219.5,0.008,575,98,0.0
7220.0,0.005,575,98,0.0
7220.5,0.008,576,98,0.0
7221.0,0.006,576,98,0.0
7221.5,0.006,576,98,0.0
7222.0,0.005,577,98,0.0
7222.5,0.008,577,99,0.0
7223.0,0.005,577,98,0.0
7223.5,0.008,578,99,0.0
7224.0,0.006,578,99,0.0
7224.5,0.008,578,99,0.0
7225.0,0.006,578,99,0.6000000000000001
7225.5,0.008,579,100,0.6000000000000001
7226.0,0.006,579,101,0.6000000000000001
7226.5,0.008,579,101,0.6000000000000001
7227.0,0.01,580,101,0.6000000000000001
7227.5,0.008,580,101,0.6000000000000001
7228.0,0.006,580,100,0.6000000000000001
7228.5,0.008,580,100,0.6000000000000001
7229.0,0.006,581,100,0.6000000000000001
7229.5,0.008,581,100,1.2000000000000002
7230.0,0.006,581,99,3.0
7230.5,0.01,582,100,3.6
7231.0,0.008,582,100,4.2
7231.5,0.01,582,100,4.2
7232.0,0.008,583,100,3.6
7232.5,0.008,583,100,3.6
7233.0,0.008,583,99,3.0
7233.5,0.01,584,99,3.0
7234.0,0.008,584,99,3.6
7234.5,0.01,584,99,3.6
7235.0,0.006,585,100,3.6
7235.5,0.008,585,100,4.2
7236.0,0.01,585,100,4.800000000000001
7236.5,0.008,586,100,4.800000000000001
7237.0,0.006,586,101,4.2
7237.5,0.006,586,101,4.2
7238.0,0.006,587,100,3.6
7238.5,0.006,587,100,3.6
7239.0,0.01,587,100,3.6
7239.5,0.011,587,100,4.2
7240.0,0.005,588,100,4.2
7240.5,0.006,588,100,3.6
7241.0,0.006,588,100,4.2
7241.5,0.006,589,101,3.6
7242.0,0.008,589,101,3.6
7242.5,0.01,589,101,3.6
7243.0,0.005,590,101,3.0
7243.5,0.008,590,101,3.0
7244.0,0.008,590,101,3.0
7244.5,0.008,590,101,3.0
7245.0,0.008,591,101,3.6
7245.5,0.008,591,101,3.0
7246.0,0.005,591,101,2.4000000000000004
7246.5,0.008,592,101,1.8
7247.0,0.01,592,101,1.8
7247.5,0.008,592,101,1.8
7248.0,0.01,593,101,1.8
7248.5,0.008,593,100,1.8
7249.0,0.005,593,99,1.8
7249.5,0.006,594,99,1.8
7250.0,0.006,594,99,1.8
7250.5,0.006,594,98,1.8
7251.0,0.008,594,98,1.2000000000000002
7251.5,0.006,595,98,0.6000000000000001
7252.0,0.005,595,98,0.0
7252.5,0.01,595,98,0.0
7253.0,0.008,596,98,0.0
7253.5,0.006,596,99,0.0
7254.0,0.006,596,98,0.0
7254.5,0.006,596,98,0.0
7255.0,0.006,597,99,0.0
7255.5,0.008,597,98,0.0
7256.0,0.006,597,98,0.0
7256.5,0.008,598,100,0.0
7257.0,0.008,598,99,0.0
7257.5,0.006,598,100,0.6000000000000001
7258.0,0.006,599,101,0.6000000000000001
7258.5,0.008,599,101,0.6000000000000001
7259.0,0.008,599,101,0.6000000000000001
7259.5,0.006,599,101,0.6000000000000001
7260.0,0.006,600,100,0.6000000000000001
7260.5,0.01,600,100,0.6000000000000001
7261.0,0.008,600,100,0.0
7261.5,0.01,601,100,0.6000000000000001
7262.0,0.006,601,99,3.0
7262.5,0.008,601,99,3.6
7263.0,0.008,602,100,4.2
7263.5,0.01,602,100,4.2
7264.0,0.006,602,100,3.6
7264.5,0.011,603,100,3.6
7265.0,0.008,603,99,3.6
7265.5,0.01,603,99,3.0
7266.0,0.006,603,99,3.0
7266.5,0.008,604,99,3.6
7267.0,0.006,604,99,3.6
7267.5,0.011,604,99,3.6
7268.0,0.006,605,100,4.2
7268.5,0.008,605,100,4.800000000000001
7269.0,0.008,605,100,4.800000000000001
7269.5,0.006,605,100,4.2
7270.0,0.006,606,100,4.2
7270.5,0.01,606,100,3.6
7271.0,0.006,606,100,3.6
7271.5,0.006,607,100,3.6
7272.0,0.006,607,100,4.2
7272.5,0.008,607,100,4.2
7273.0,0.005,608,100,3.6
7273.5,0.01,608,100,4.2
7274.0,0.008,608,100,3.6
7274.5,0.005,608,100,3.6
7275.0,0.006,609,100,3.6
7275.5,0.008,609,101,3.0
7276.0,0.006,609,101,3.0
7276.5,0.008,610,101,3.0
7277.0,0.008,610,101,3.0
7277.5,0.006,610,101,3.6
7278.0,0.006,611,101,3.6
7278.5,0.01,611,100,2.4000000000000004
7279.0,0.008,611,101,2.4000000000000004
7279.5,0.006,612,101,1.8
7280.0,0.008,612,101,1.8
7280.5,0.008,612,101,1.8
7281.0,0.008,612,100,1.8
7281.5,0.01,613,100,1.8
7282.0,0.006,613,99,1.8
7282.5,0.005,613,99,1.8
7283.0,0.008,614,98,1.8
7283.5,0.008,614,98,1.2000000000000002
7284.0,0.008,614,98,0.6000000000000001
7284.5,0.006,615,98,0.6000000000000001
7285.0,0.006,615,98,0.0
7285.5,0.006,615,98,0.0
7286.0,0.006,615,98,0.0
7286.5,0.008,616,98,0.0
7287.0,0.006,616,98,0.0
7287.5,0.008,616,98,0.0
7288.0,0.008,617,98,0.0
7288.5,0.008,617,98,0.0
7289.0,0.01,617,99,0.0
7289.5,0.006,618,99,0.0
7290.0,0.006,618,100,0.6000000000000001
7290.5,0.005,618,100,0.6000000000000001
7291.0,0.008,618,101,0.6000000000000001
7291.5,0.01,619,101,0.6000000000000001
7292.0,0.008,619,100,0.6000000000000001
7292.5,0.006,619,100,0.6000000000000001
7293.0,0.008,620,100,0.6000000000000001
7293.5,0.008,620,100,0.6000000000000001
7294.0,0.008,620,99,1.2000000000000002
7294.5,0.008,621,99,2.4000000000000004
7295.0,0.008,621,99,3.6
7295.5,0.006,621,100,4.2
7296.0,0.008,621,100,4.2
7296.5,0.008,622,100,3.6
7297.0,0.006,622,100,3.6
7297.5,0.006,622,99,3.6
7298.0,0.008,623,99,3.0
7298.5,0.008,623,99,3.0
7299.0,0.008,623,99,3.6
7299.5,0.008,623,99,3.6
7300.0,0.006,624,99,4.2
7300.5,0.006,624,99,4.2
7301.0,0.008,624,100,4.800000000000001
7301.5,0.006,625,100,4.800000000000001
7302.0,0.008,625,100,4.2
7302.5,0.006,625,100,4.2
7303.0,0.005,626,100,3.6
7303.5,0.005,626,100,3.6
7304.0,0.006,626,100,3.6
7304.5,0.01,627,100,4.2
7305.0,0.008,627,100,4.2
7305.5,0.008,627,100,4.2
7306.0,0.006,627,100,4.2
7306.5,0.006,628,100,4.2
7307.0,0.008,628,100,3.6
7307.5,0.008,628,101,3.6
7308.0,0.011,629,100,3.6
7308.5,0.006,629,100,3.0
7309.0,0.006,629,101,3.0
7309.5,0.005,630,101,3.0
7310.0,0.01,630,101,3.0
7310.5,0.008,630,100,3.6
7311.0,0.01,630,100,3.0
7311.5,0.008,631,101,2.4000000000000004
7312.0,0.006,631,101,1.8
7312.5,0.008,631,101,1.8
7313.0,0.01,632,101,1.8
7313.5,0.008,632,100,1.8
7314.0,0.008,632,100,1.8
7314.5,0.01,633,99,1.8
7315.0,0.008,633,99,1.8
7315.5,0.005,633,98,1.8
7316.0,0.01,633,98,1.2000000000000002
7316.5,0.006,634,98,0.6000000000000001
7317.0,0.006,634,98,0.0
7317.5,0.011,634,98,0.0
7318.0,0.006,635,98,0.0
7318.5,0.005,635,98,0.0
7319.0,0.008,635,98,0.0
7319.5,0.008,636,98,0.0
7320.0,0.006,636,98,0.0
7320.5,0.008,636,98,0.0
7321.0,0.005,636,98,0.0
7321.5,0.006,637,99,0.0
7322.0,0.008,637,99,0.6000000000000001
7322.5,0.008,637,100,0.6000000000000001
7323.0,0.006,638,100,0.6000000000000001
7323.5,0.008,638,101,0.6000000000000001
7324.0,0.005,638,101,0.6000000000000001
7324.5,0.005,639,101,0.6000000000000001
7325.0,0.008,639,100,0.6000000000000001
7325.5,0.01,639,100,0.6000000000000001
7326.0,0.006,639,100,0.0
7326.5,0.008,640,100,0.6000000000000001
7327.0,0.006,640,99,1.8
7327.5,0.006,640,99,3.0
7328.0,0.008,641,100,3.6
7328.5,0.006,641,100,4.2
7329.0,0.006,641,100,3.6
7329.5,0.008,642,100,3.6
7330.0,0.008,642,99,3.6
7330.5,0.008,642,99,3.0
7331.0,0.006,642,99,3.0
7331.5,0.008,643,99,3.0
7332.0,0.006,643,99,3.6
7332.5,0.01,643,99,4.2
7333.0,0.005,644,99,4.2
7333.5,0.008,644,100,4.800000000000001
7334.0,0.006,644,100,4.800000000000001
7334.5,0.006,645,100,4.800000000000001
7335.0,0.003,645,100,4.2
7335.5,0.008,645,100,3.6
7336.0,0.005,645,100,3.6
7336.5,0.006,646,100,3.6
7337.0,0.003,646,100,3.6
7337.5,0.006,646,100,4.2
7338.0,0.005,647,100,3.6
7338.5,0.008,647,100,3.6
7339.0,0.006,647,100,3.6
7339.5,0.005,648,100,3.6
7340.0,0.006,648,100,3.6
7340.5,0.006,648,101,3.0
7341.0,0.005,648,101,3.0
7341.5,0.01,649,100,3.0
7342.0,0.005,649,101,3.0
7342.5,0.003,649,100,3.0
7343.0,0.006,650,100,3.6
7343.5,0.006,650,100,3.0
7344.0,0.003,650,100,2.4000000000000004
7344.5,0.008,651,101,1.8
7345.0,0.005,651,101,1.8
7345.5,0.005,651,101,1.8
7346.0,0.005,652,100,1.2000000000000002
7346.5,0.006,652,99,1.2000000000000002
7347.0,0.005,652,99,1.2000000000000002
7347.5,0.005,653,98,1.2000000000000002
7348.0,0.005,654,97,0.0
7348.5,0.005,654,98,0.0
7349.0,0.008,654,97,0.0
7349.5,0.006,654,98,0.0
7350.0,0.003,655,98,0.0
7350.5,0.005,655,98,0.0
7351.0,0.005,655,98,0.0
7351.5,0.005,656,98,0.0
7352.0,0.005,656,98,0.0
7352.5,0.005,656,99,0.0
7353.0,0.002,657,99,0.0
7353.5,0.003,657,99,0.6000000000000001
7354.0,0.003,657,100,0.6000000000000001
7354.5,0.006,657,100,0.6000000000000001
7355.0,0.006,658,100,0.6000000000000001
7355.5,0.005,658,101,0.6000000000000001
7356.0,0.003,658,100,0.6000000000000001
7356.5,0.005,659,100,0.6000000000000001
7357.0,0.006,659,100,0.6000000000000001
7357.5,0.005,659,100,0.0
7358.0,0.003,660,99,1.2000000000000002
7358.5,0.006,660,99,3.0
7359.0,0.003,660,99,3.6
7359.5,0.005,660,100,4.2
7360.0,0.005,661,100,3.6
7360.5,0.005,661,100,3.6
7361.0,0.003,661,100,3.6
7361.5,0.006,662,99,3.0
7362.0,0.005,662,99,3.0
7362.5,0.006,662,99,3.0
7363.0,0.005,662,99,3.6
7363.5,0.006,663,99,3.6
7364.0,0.005,663,100,3.6
7364.5,0.005,663,100,4.2
7365.0,0.005,664,100,4.800000000000001
7365.5,0.006,664,100,4.800000000000001
7366.0,0.003,664,100,4.2
7366.5,0.005,665,100,3.6
7367.0,0.003,665,100,3.6
7367.5,0.005,665,100,3.6
7368.0,0.003,666,100,3.6
7368.5,0.005,666,100,3.6
7369.0,0.003,666,100,4.2
7369.5,0.003,666,100,3.6
7370.0,0.003,667,100,3.6
7370.5,0.003,667,100,3.6
7371.0,0.005,667,101,3.6
7371.5,0.005,668,101,3.0
7372.0,0.005,668,100,3.0
7372.5,0.006,668,101,3.0
7373.0,0.002,669,101,3.0
7373.5,0.005,669,101,3.0
7374.0,0.005,669,101,3.6
7374.5,0.005,670,100,3.0
7375.0,0.003,670,100,2.4000000000000004
7375.5,0.005,670,101,1.8
7376.0,0.003,670,101,1.8
7376.5,0.005,671,101,1.8
7377.0,0.003,671,101,1.8
7377.5,0.005,671,100,1.2000000000000002
7378.0,0.005,672,99,1.2000000000000002
7378.5,0.005,672,99,1.2000000000000002
7379.0,0.003,672,99,1.2000000000000002
7379.5,0.005,672,98,1.8
7380.0,0.005,673,98,1.2000000000000002
7380.5,0.005,673,98,0.6000000000000001
7381.0,0.005,673,98,0.0
7381.5,0.006,674,98,0.0
7382.0,0.005,674,98,0.0
7382.5,0.005,674,98,0.0
7383.0,0.005,675,98,0.0
7383.5,0.008,675,98,0.0
7384.0,0.003,675,98,0.0
7384.5,0.003,675,98,0.0
7385.0,0.005,676,98,0.0
7385.5,0.003,676,99,0.0
7386.0,0.003,676,99,0.0
7386.5,0.006,677,100,0.6000000000000001
7387.0,0.003,677,100,0.6000000000000001
7387.5,0.003,677,101,0.6000000000000001
7388.0,0.003,678,101,0.6000000000000001
7388.5,0.005,678,100,0.6000000000000001
7389.0,0.003,678,100,0.6000000000000001
7389.5,0.005,678,100,0.6000000000000001
7390.0,0.003,679,100,0.6000000000000001
7390.5,0.003,679,99,1.2000000000000002
7391.0,0.005,679,99,2.4000000000000004
7391.5,0.003,680,99,3.6
7392.0,0.003,680,100,4.2
7392.5,0.006,680,100,3.6
7393.0,0.003,681,100,3.6
7393.5,0.005,681,100,3.6
7394.0,0.005,681,99,3.0
7394.5,0.005,681,99,3.0
7395.0,0.005,682,99,3.0
7395.5,0.005,682,98,3.6
7396.0,0.005,682,99,3.6
7396.5,0.003,683,99,3.6
7397.0,0.005,683,99,4.2
7397.5,0.005,683,99,4.800000000000001
7398.0,0.005,684,100,4.800000000000001
7398.5,0.005,684,100,4.2
7399.0,0.005,684,100,4.2
7399.5,0.003,684,100,3.6
7400.0,0.003,685,99,3.6
7400.5,0.003,685,99,3.6
7401.0,0.003,685,100,4.2
7401.5,0.005,686,99,4.2
7402.0,0.003,686,99,4.2
7402.5,0.002,686,99,4.2
7403.0,0.005,687,100,4.2
7403.5,0.003,687,100,3.6
7404.0,0.005,687,101,3.6
7404.5,0.003,687,100,3.6
7405.0,0.003,688,100,3.0
7405.5,0.003,688,100,3.0
7406.0,0.005,688,100,3.0
7406.5,0.003,689,100,3.6
7407.0,0.005,689,100,3.6
7407.5,0.003,689,100,2.4000000000000004
7408.0,0.005,690,100,1.8
7408.5,0.003,690,101,1.8
7409.0,0.008,690,101,1.8
7409.5,0.005,691,100,1.8
7410.0,0.003,691,100,1.8
7410.5,0.003,691,99,1.8
7411.0,0.003,691,99,1.8
7411.5,0.005,692,98,1.8
7412.0,0.008,692,98,1.8
7412.5,0.003,692,97,1.8
7413.0,0.005,693,97,0.6000000000000001
7413.5,0.003,693,98,0.0
7414.0,0.005,693,98,0.0
7414.5,0.003,693,98,0.0
7415.0,0.005,694,98,0.0
7415.5,0.006,694,98,0.0
7416.0,0.003,694,98,0.0
7416.5,0.005,695,98,0.0
7417.0,0.005,695,98,0.0
7417.5,0.003,695,98,0.0
7418.0,0.003,696,99,0.0
7418.5,0.005,696,99,0.0
7419.0,0.003,696,99,0.6000000000000001
7419.5,0.005,696,100,0.6000000000000001
7420.0,0.005,697,100,0.6000000000000001
7420.5,0.002,697,101,0.6000000000000001
7421.0,0.002,697,100,0.6000000000000001
7421.5,0.005,698,100,0.6000000000000001
7422.0,0.005,698,100,0.6000000000000001
7422.5,0.003,698,99,0.6000000000000001
7423.0,0.002,699,99,0.6000000000000001
7423.5,0.005,699,99,1.8
7424.0,0.005,699,99,3.6
7424.5,0.005,699,99,4.2
7425.0,0.005,700,100,4.2
7425.5,0.005,700,100,4.2
7426.0,0.005,700,99,3.6
7426.5,0.003,701,99,3.6
7427.0,0.003,701,99,3.6
7427.5,0.005,701,99,3.6
7428.0,0.003,701,98,3.6
7428.5,0.005,702,98,3.6
7429.0,0.005,702,99,4.2
7429.5,0.005,702,99,4.2
7430.0,0.005,703,99,4.800000000000001
7430.5,0.006,703,100,4.800000000000001
7431.0,0.005,703,100,4.800000000000001
7431.5,0.003,704,100,4.800000000000001
7432.0,0.005,704,100,4.2
7432.5,0.005,704,100,3.6
7433.0,0.003,705,99,3.6
7433.5,0.005,705,100,4.2
7434.0,0.003,705,100,4.2
7434.5,0.005,705,100,4.2
7435.0,0.003,706,99,3.6
7435.5,0.003,706,100,4.2
7436.0,0.002,706,100,4.2
7436.5,0.005,707,100,3.6
7437.0,0.003,707,100,3.6
7437.5,0.005,707,100,3.0
7438.0,0.005,708,100,3.0
7438.5,0.003,708,101,3.0
7439.0,0.002,708,101,3.6
7439.5,0.005,708,100,3.6
7440.0,0.003,709,100,3.0
7440.5,0.005,709,100,2.4000000000000004
7441.0,0.005,709,101,1.8
7441.5,0.003,710,101,1.8
7442.0,0.003,710,101,1.8
7442.5,0.005,710,100,1.8
7443.0,0.006,711,100,1.8
7443.5,0.005,711,99,1.8
7444.0,0.003,711,99,1.8
7444.5,0.003,711,98,1.8
7445.0,0.003,712,98,1.8
7445.5,0.008,712,98,1.2000000000000002
7446.0,0.008,712,98,0.6000000000000001
7446.5,0.006,713,98,0.0
7447.0,0.005,713,98,0.0
7447.5,0.005,713,98,0.0
7448.0,0.005,713,98,0.0
7448.5,0.008,714,98,0.0
7449.0,0.006,714,99,0.0
7449.5,0.006,714,98,0.0
7450.0,0.006,715,98,0.0
7450.5,0.003,715,99,0.0
7451.0,0.003,715,99,0.0
7451.5,0.008,716,100,0.0
7452.0,0.005,716,101,0.6000000000000001
7452.5,0.005,716,101,0.6000000000000001
7453.0,0.005,716,101,0.6000000000000001
7453.5,0.005,717,101,0.6000000000000001
7454.0,0.003,717,101,0.6000000000000001
7454.5,0.006,717,100,0.6000000000000001
7455.0,0.005,718,101,0.6000000000000001
7455.5,0.005,718,100,0.6000000000000001
7456.0,0.005,718,100,1.8
7456.5,0.005,719,100,3.0
7457.0,0.005,719,100,4.2
7457.5,0.006,719,101,4.2
7458.0,0.005,720,101,4.2
7458.5,0.006,720,100,3.6
7459.0,0.008,720,100,3.6
7459.5,0.005,720,100,3.0
7460.0,0.005,721,99,3.0
7460.5,0.005,721,99,3.0
7461.0,0.005,721,99,3.6
7461.5,0.006,722,100,3.6
7462.0,0.006,723,101,3.6
7462.5,0.006,724,100,3.6
7463.0,0.005,724,100,3.6
7463.5,0.003,724,100,3.6
7464.0,0.003,725,100,3.6
7464.5,0.005,725,100,3.6
7465.0,0.005,725,100,3.6
7465.5,0.006,726,100,3.6
7466.0,0.003,726,100,3.6
7466.5,0.003,726,100,3.6
7467.0,0.002,726,100,3.0
7467.5,0.003,727,101,3.0
7468.0,0.005,727,101,3.0
7468.5,0.006,727,100,3.0
7469.0,0.003,728,101,3.0
7469.5,0.006,728,100,3.6
7470.0,0.003,728,100,3.0
7470.5,0.003,729,100,2.4000000000000004
7471.0,0.003,729,101,1.8
7471.5,0.005,729,101,1.8
7472.0,0.005,730,101,1.8
7472.5,0.005,730,100,1.8
7473.0,0.005,730,100,1.8
7473.5,0.006,730,99,1.8
7474.0,0.005,731,99,1.8
7474.5,0.005,731,98,1.8
7475.0,0.005,731,97,1.8
7475.5,0.002,732,98,1.2000000000000002
7476.0,0.005,732,98,0.6000000000000001
7476.5,0.006,732,98,0.0
7477.0,0.005,732,97,0.0
7477.5,0.006,733,98,0.0
7478.0,0.006,733,98,0.0
7478.5,0.006,733,98,0.0
7479.0,0.005,734,98,0.0
7479.5,0.006,734,98,0.0
7480.0,0.005,734,98,0.0
7480.5,0.008,735,98,0.0
7481.0,0.005,735,99,0.0
7481.5,0.003,735,99,0.0
7482.0,0.003,735,100,0.6000000000000001
7482.5,0.008,736,101,0.6000000000000001
7483.0,0.005,736,101,0.6000000000000001
7483.5,0.006,736,101,0.6000000000000001
7484.0,0.005,737,101,0.6000000000000001
7484.5,0.003,737,100,0.6000000000000001
7485.0,0.005,737,100,0.6000000000000001
7485.5,0.005,738,100,0.0
7486.0,0.003,738,99,0.6000000000000001
7486.5,0.008,738,99,2.4000000000000004
7487.0,0.006,738,99,3.6
7487.5,0.005,739,100,4.2
7488.0,0.005,739,100,3.6
7488.5,0.005,739,100,3.6
7489.0,0.003,740,100,3.6
7489.5,0.005,740,99,3.0
7490.0,0.006,740,99,3.0
7490.5,0.005,741,99,3.0
7491.0,0.006,741,99,3.6
7491.5,0.005,741,99,3.6
7492.0,0.003,741,99,3.6
7492.5,0.006,742,99,4.2
7493.0,0.006,742,99,4.800000000000001
7493.5,0.006,742,100,4.800000000000001
7494.0,0.006,743,100,4.2
7494.5,0.006,743,100,4.2
7495.0,0.006,743,100,3.6
7495.5,0.006,744,100,3.6
7496.0,0.008,744,100,3.6
7496.5,0.005,744,100,4.2
7497.0,0.005,744,100,4.2
7497.5,0.005,745,100,3.6
7498.0,0.005,745,100,3.6
7498.5,0.006,745,100,3.6
7499.0,0.005,746,100,3.6
7499.5,0.006,746,100,3.6
7500.0,0.006,746,100,3.0
7500.5,0.003,747,101,3.0
7501.0,0.005,747,101,3.0
7501.5,0.003,747,100,3.0
7502.0,0.006,748,100,3.6
7502.5,0.003,748,100,3.0
7503.0,0.006,748,100,2.4000000000000004
7503.5,0.005,748,100,1.8
7504.0,0.006,749,101,1.8
7504.5,0.005,749,101,1.8
7505.0,0.006,749,100,1.8
7505.5,0.005,750,100,1.8
7506.0,0.006,750,99,1.2000000000000002
7506.5,0.005,750,99,1.2000000000000002
7507.0,0.006,750,98,1.8
7507.5,0.005,751,98,1.2000000000000002
7508.0,0.006,751,98,1.2000000000000002
7508.5,0.008,751,98,0.6000000000000001
7509.0,0.006,752,98,0.0
7509.5,0.005,752,98,0.0
7510.0,0.008,752,98,0.0
7510.5,0.005,753,98,0.0
7511.0,0.006,753,98,0.0
7511.5,0.006,753,98,0.0
7512.0,0.008,753,98,0.0
7512.5,0.006,754,98,0.0
7513.0,0.006,754,99,0.0
7513.5,0.005,754,99,0.0
7514.0,0.006,755,99,0.0
7514.5,0.006,755,100,0.6000000000000001
7515.0,0.006,755,100,0.6000000000000001
7515.5,0.005,756,101,0.6000000000000001
7516.0,0.006,756,101,0.6000000000000001
7516.5,0.003,756,101,0.6000000000000001
7517.0,0.005,756,100,0.6000000000000001
7517.5,0.005,757,100,0.6000000000000001
7518.0,0.008,757,100,0.6000000000000001
7518.5,0.005,757,100,1.2000000000000002
7519.0,0.006,758,99,1.8
7519.5,0.005,758,99,3.6
7520.0,0.006,758,100,4.2
7520.5,0.006,759,100,4.2
7521.0,0.006,759,100,3.6
7521.5,0.005,759,100,3.6
7522.0,0.008,759,100,3.6
7522.5,0.006,760,99,3.0
7523.0,0.006,760,99,3.0
7523.5,0.006,760,99,3.0
7524.0,0.01,761,99,3.6
7524.5,0.006,761,100,3.6
7525.0,0.005,761,100,4.2
7525.5,0.006,762,100,4.800000000000001
7526.0,0.006,762,101,4.800000000000001
7526.5,0.006,762,101,4.800000000000001
7527.0,0.01,763,101,4.2
7527.5,0.005,763,100,3.6
7528.0,0.006,763,100,3.6
7528.5,0.008,763,100,3.6
7529.0,0.006,764,100,3.6
7529.5,0.006,764,100,4.2
7530.0,0.008,764,100,3.6
7530.5,0.006,765,101,3.6
7531.0,0.005,765,100,3.6
7531.5,0.006,765,100,3.6
7532.0,0.005,766,101,3.6
7532.5,0.005,766,101,3.0
7533.0,0.008,766,100,3.0
7533.5,0.005,766,101,3.0
7534.0,0.005,767,101,3.0
7534.5,0.006,767,100,3.0
7535.0,0.003,767,100,3.6
7535.5,0.005,768,100,3.0
7536.0,0.008,768,101,2.4000000000000004
7536.5,0.005,768,101,1.8
7537.0,0.005,769,101,1.8
7537.5,0.005,769,101,1.8
7538.0,0.006,769,100,1.8
7538.5,0.006,769,100,1.8
7539.0,0.006,770,99,1.8
7539.5,0.005,770,99,1.8
7540.0,0.005,770,98,1.8
7540.5,0.006,771,98,1.8
7541.0,0.005,771,98,1.2000000000000002
7541.5,0.005,771,98,0.6000000000000001
7542.0,0.006,772,98,0.0
7542.5,0.008,772,98,0.0
7543.0,0.006,772,98,0.0
7543.5,0.006,772,98,0.0
7544.0,0.005,773,98,0.0
7544.5,0.005,773,98,0.0
7545.0,0.006,773,98,0.0
7545.5,0.005,774,99,0.0
7546.0,0.005,774,99,0.0
7546.5,0.008,774,99,0.0
7547.0,0.005,774,100,0.6000000000000001
7547.5,0.006,775,101,0.6000000000000001
7548.0,0.006,775,100,0.6000000000000001
7548.5,0.005,775,101,0.6000000000000001
7549.0,0.006,776,101,0.6000000000000001
7549.5,0.006,776,100,0.6000000000000001
7550.0,0.005,776,100,0.6000000000000001
7550.5,0.005,777,100,0.6000000000000001
7551.0,0.006,777,100,0.6000000000000001
7551.5,0.006,777,99,1.8
7552.0,0.003,778,99,3.0
7552.5,0.008,778,100,4.2
7553.0,0.005,778,100,4.2
7553.5,0.005,778,100,3.6
7554.0,0.005,779,100,3.6
7554.5,0.005,779,99,3.6
7555.0,0.003,779,99,3.6
7555.5,0.008,780,99,3.6
7556.0,0.006,780,99,3.6
7556.5,0.006,780,99,3.6
7557.0,0.006,781,99,3.6
7557.5,0.006,781,100,3.6
7558.0,0.003,781,100,4.800000000000001
7558.5,0.008,781,100,4.800000000000001
7559.0,0.006,782,100,4.2
7559.5,0.006,782,100,4.2
7560.0,0.006,782,100,3.6
7560.5,0.006,783,100,3.6
7561.0,0.005,783,100,3.6
7561.5,0.01,783,100,3.6
7562.0,0.006,783,100,4.2
7562.5,0.006,784,100,3.6
7563.0,0.005,784,99,3.6
7563.5,0.005,784,100,3.6
7564.0,0.003,785,100,3.6
7564.5,0.011,785,100,3.6
7565.0,0.005,785,100,3.0
7565.5,0.003,786,100,3.0
7566.0,0.003,786,100,3.0
7566.5,0.005,786,100,3.0
7567.0,0.003,787,100,3.0
7567.5,0.006,787,100,3.6
7568.0,0.005,787,100,3.0
7568.5,0.005,787,100,2.4000000000000004
7569.0,0.005,788,100,1.8
7569.5,0.006,788,101,1.8
7570.0,0.003,788,100,1.8
7570.5,0.006,789,100,1.8
7571.0,0.005,789,99,1.8
7571.5,0.003,789,99,1.8
7572.0,0.005,790,98,1.8
7572.5,0.005,790,98,1.8
7573.0,0.005,790,97,1.8
7573.5,0.006,790,98,1.2000000000000002
7574.0,0.005,791,97,0.6000000000000001
7574.5,0.005,791,98,0.0
7575.0,0.005,791,98,0.0
7575.5,0.005,792,98,0.0
7576.0,0.003,792,98,0.0
7576.5,0.005,792,98,0.0
7577.0,0.008,793,98,0.0
7577.5,0.005,793,98,0.0
7578.0,0.008,793,98,0.0
7578.5,0.006,793,98,0.0
7579.0,0.005,794,99,0.0
7579.5,0.005,794,99,0.6000000000000001
7580.0,0.008,794,100,0.6000000000000001
7580.5,0.005,795,100,0.6000000000000001
7581.0,0.006,795,100,0.6000000000000001
7581.5,0.003,796,100,0.6000000000000001
7582.0,0.006,796,100,0.6000000000000001
7582.5,0.003,796,99,0.6000000000000001
7583.0,0.005,797,99,1.8
7583.5,0.006,797,99,3.0
7584.0,0.003,797,99,3.6
7584.5,0.003,798,100,4.2
7585.0,0.006,798,100,3.6
7585.5,0.005,798,100,3.6
7586.0,0.006,798,99,3.6
7586.5,0.006,799,99,3.0
7587.0,0.005,799,98,3.0
7587.5,0.005,799,98,3.6
7588.0,0.005,800,98,3.6
7588.5,0.006,800,98,3.6
7589.0,0.008,800,99,4.2
7589.5,0.008,801,99,4.2
7590.0,0.008,801,99,4.800000000000001
7590.5,0.005,801,100,4.800000000000001
7591.0,0.008,801,100,4.800000000000001
7591.5,0.005,802,100,4.2
7592.0,0.01,802,99,4.2
7592.5,0.005,802,100,3.6
7593.0,0.005,803,100,3.6
7593.5,0.005,803,100,4.2
7594.0,0.008,803,99,4.2
7594.5,0.006,804,100,4.2
7595.0,0.01,804,100,4.2
7595.5,0.006,804,100,4.2
7596.0,0.006,804,100,3.6
7596.5,0.005,805,100,3.6
7597.0,0.006,805,100,3.0
7597.5,0.005,805,100,3.0
7598.0,0.01,806,100,3.0
7598.5,0.006,806,100,3.6
7599.0,0.005,806,100,3.6
7599.5,0.003,807,100,3.6
7600.0,0.006,807,100,2.4000000000000004
7600.5,0.005,807,100,2.4000000000000004
7601.0,0.006,808,101,1.8
7601.5,0.006,808,101,1.8
7602.0,0.003,808,100,1.8
7602.5,0.003,808,100,1.8
7603.0,0.006,809,99,1.8
7603.5,0.006,809,99,1.2000000000000002
7604.0,0.006,809,98,1.8
7604.5,0.006,810,98,1.8
7605.0,0.003,810,98,1.8
7605.5,0.003,810,97,0.6000000000000001
7606.0,0.005,810,98,0.0
7606.5,0.006,811,98,0.0
7607.0,0.005,811,98,0.0
7607.5,0.005,811,98,0.0
7608.0,0.005,812,98,0.0
7608.5,0.005,812,97,0.0
7609.0,0.005,812,98,0.0
7609.5,0.006,812,98,0.0
7610.0,0.006,813,98,0.0
7610.5,0.005,813,99,0.0
7611.0,0.006,813,99,0.0
7611.5,0.005,814,99,0.6000000000000001
7612.0,0.005,814,100,0.6000000000000001
7612.5,0.006,814,100,0.6000000000000001
7613.0,0.005,815,100,0.6000000000000001
7613.5,0.005,815,100,0.6000000000000001
7614.0,0.005,815,100,0.6000000000000001
7614.5,0.003,816,100,0.6000000000000001
7615.0,0.003,816,100,0.6000000000000001
7615.5,0.005,816,100,0.6000000000000001
7616.0,0.003,816,99,2.4000000000000004
7616.5,0.005,817,99,3.6
7617.0,0.005,817,99,4.2
7617.5,0.003,817,100,4.2
7618.0,0.003,818,100,4.2
7618.5,0.005,818,100,3.6
7619.0,0.003,818,99,3.6
7619.5,0.006,819,99,3.0
7620.0,0.005,819,99,3.6
7620.5,0.005,819,99,3.6
7621.0,0.005,819,99,3.6
7621.5,0.006,820,99,4.2
7622.0,0.005,820,100,4.2
7622.5,0.006,820,100,4.800000000000001
7623.0,0.005,821,100,4.800000000000001
7623.5,0.006,821,100,4.800000000000001
7624.0,0.003,821,100,4.2
7624.5,0.005,822,100,4.2
7625.0,0.005,822,100,3.6
7625.5,0.006,822,100,3.6
7626.0,0.005,822,100,3.6
7626.5,0.006,823,100,4.800000000000001
7627.0,0.005,823,100,4.2
7627.5,0.003,823,100,3.6
7628.0,0.003,824,100,4.2
7628.5,0.006,824,100,3.6
7629.0,0.005,824,101,3.6
7629.5,0.003,825,101,3.6
7630.0,0.005,825,100,3.0
7630.5,0.003,825,101,3.0
7631.0,0.003,826,101,3.0
7631.5,0.005,826,101,3.6
7632.0,0.003,826,100,3.6
7632.5,0.003,826,100,3.0
7633.0,0.003,827,100,2.4000000000000004
7633.5,0.003,827,101,1.8
7634.0,0.003,827,101,1.8
7634.5,0.006,828,101,1.8
7635.0,0.006,828,100,1.8
7635.5,0.005,828,100,1.8
7636.0,0.003,828,99,1.8
7636.5,0.003,829,99,1.8
7637.0,0.003,829,98,1.8
7637.5,0.005,829,98,1.8
7638.0,0.005,830,98,0.6000000000000001
7638.5,0.005,830,98,0.6000000000000001
7639.0,0.005,830,98,0.0
7639.5,0.005,831,98,0.0
7640.0,0.003,831,98,0.0
7640.5,0.006,831,98,0.0
7641.0,0.003,831,98,0.0
7641.5,0.005,832,98,0.0
7642.0,0.005,832,98,0.0
7642.5,0.005,832,98,0.0
7643.0,0.005,833,99,0.0
7643.5,0.008,833,99,0.0
7644.0,0.006,833,99,0.6000000000000001
7644.5,0.003,834,100,0.6000000000000001
7645.0,0.005,834,100,0.6000000000000001
7645.5,0.003,834,101,0.6000000000000001
7646.0,0.005,834,101,0.6000000000000001
7646.5,0.005,835,100,0.6000000000000001
7647.0,0.003,835,100,0.6000000000000001
7647.5,0.005,835,100,0.6000000000000001
7648.0,0.005,836,100,0.6000000000000001
7648.5,0.002,836,99,1.8
7649.0,0.005,836,99,3.6
7649.5,0.006,837,99,4.2
7650.0,0.003,837,100,4.2
7650.5,0.003,837,100,4.2
7651.0,0.006,837,99,3.6
7651.5,0.003,838,99,3.6
7652.0,0.006,838,99,3.6
7652.5,0.003,838,99,3.6
7653.0,0.003,839,98,3.6
7653.5,0.005,839,98,3.6
7654.0,0.005,839,99,4.2
7654.5,0.003,840,99,4.2
7655.0,0.005,840,99,4.800000000000001
7655.5,0.003,840,99,4.800000000000001
7656.0,0.005,840,100,4.800000000000001
7656.5,0.005,841,100,4.800000000000001
7657.0,0.005,841,100,4.2
7657.5,0.003,841,100,4.2
7658.0,0.005,842,99,4.2
7658.5,0.003,842,99,4.2
7659.0,0.006,842,100,4.2
7659.5,0.005,843,100,4.2
7660.0,0.006,843,99,4.2
7660.5,0.003,843,100,4.2
7661.0,0.006,843,100,4.2
7661.5,0.005,844,100,3.6
7662.0,0.005,844,100,3.6
7662.5,0.005,844,101,3.0
7663.0,0.008,845,100,3.0
7663.5,0.003,845,100,3.0
7664.0,0.005,845,100,3.6
7664.5,0.003,846,100,3.6
7665.0,0.005,846,100,3.0
7665.5,0.005,846,100,2.4000000000000004
7666.0,0.006,846,100,1.8
7666.5,0.003,847,101,1.8
7667.0,0.003,847,101,1.8
7667.5,0.002,847,100,1.8
7668.0,0.005,848,100,1.8
7668.5,0.005,848,99,1.8
7669.0,0.006,848,99,1.8
7669.5,0.003,849,98,1.8
7670.0,0.005,849,98,1.8
7670.5,0.005,849,98,1.8
7671.0,0.006,849,98,0.6000000000000001
7671.5,0.005,850,98,0.0
7672.0,0.006,850,98,0.0
7672.5,0.005,850,98,0.0
7673.0,0.005,851,98,0.0
7673.5,0.005,851,98,0.0
7674.0,0.005,851,98,0.0
7674.5,0.005,851,99,0.0
7675.0,0.006,852,98,0.0
7675.5,0.005,852,99,0.0
7676.0,0.005,852,99,0.0
7676.5,0.006,853,99,0.0
7677.0,0.005,853,100,0.6000000000000001
7677.5,0.005,853,101,0.6000000000000001
7678.0,0.006,854,101,0.6000000000000001
7678.5,0.005,854,101,0.6000000000000001
7679.0,0.005,854,101,0.6000000000000001
7679.5,0.006,855,100,0.6000000000000001
7680.0,0.005,855,100,0.6000000000000001
7680.5,0.005,855,100,0.6000000000000001
7681.0,0.005,855,100,1.8
7681.5,0.005,856,99,2.4000000000000004
7682.0,0.002,856,100,3.6
7682.5,0.003,856,100,4.2
7683.0,0.005,857,100,3.6
7683.5,0.005,857,100,3.6
7684.0,0.005,857,100,3.6
7684.5,0.005,858,99,3.0
7685.0,0.003,858,99,3.0
7685.5,0.006,858,99,3.6
7686.0,0.005,858,99,3.6
7686.5,0.006,859,99,3.6
7687.0,0.005,859,99,4.2
7687.5,0.005,859,100,4.2
7688.0,0.005,860,100,4.800000000000001
7688.5,0.006,860,100,4.800000000000001
7689.0,0.005,860,100,4.2
7689.5,0.006,861,100,4.2
7690.0,0.006,861,100,3.6
7690.5,0.005,861,100,3.6
7691.0,0.003,861,100,3.6
7691.5,0.008,862,100,4.2
7692.0,0.005,862,100,4.2
7692.5,0.006,862,100,3.6
7693.0,0.005,863,100,3.6
7693.5,0.005,863,100,3.6
7694.0,0.006,863,100,3.6
7694.5,0.008,864,100,3.6
7695.0,0.005,864,100,3.0
7695.5,0.005,864,101,3.0
7696.0,0.005,864,100,3.0
7696.5,0.005,865,100,3.0
7697.0,0.005,865,100,3.6
7697.5,0.008,865,100,3.6
7698.0,0.003,866,100,2.4000000000000004
7698.5,0.006,866,100,1.8
7699.0,0.003,866,100,1.8
7699.5,0.005,867,101,1.8
7700.0,0.005,867,100,1.8
7700.5,0.006,867,100,1.8
7701.0,0.003,867,99,1.8
7701.5,0.006,868,98,1.8
7702.0,0.005,868,98,1.8
7702.5,0.005,868,97,1.8
7703.0,0.005,869,97,1.2000000000000002
7703.5,0.01,869,97,0.6000000000000001
7704.0,0.005,869,98,0.0
7704.5,0.008,870,98,0.0
7705.0,0.006,870,98,0.0
7705.5,0.008,870,98,0.0
7706.0,0.005,870,98,0.0
7706.5,0.008,871,98,0.0
7707.0,0.006,871,98,0.0
7707.5,0.005,871,98,0.0
7708.0,0.008,872,98,0.0
7708.5,0.008,872,99,0.0
7709.0,0.006,872,99,0.0
7709.5,0.008,873,100,0.6000000000000001
7710.0,0.008,873,100,0.6000000000000001
7710.5,0.006,873,101,0.6000000000000001
7711.0,0.006,873,101,0.6000000000000001
7711.5,0.008,874,101,0.6000000000000001
7712.0,0.005,874,100,0.6000000000000001
7712.5,0.005,874,100,0.6000000000000001
7713.0,0.008,875,100,0.6000000000000001
7713.5,0.003,875,100,0.6000000000000001
7714.0,0.006,875,99,3.0
7714.5,0.006,876,99,3.6
7715.0,0.005,876,99,4.2
7715.5,0.003,876,100,4.2
7716.0,0.005,876,100,3.6
7716.5,0.005,877,100,3.6
7717.0,0.006,877,99,3.6
7717.5,0.006,877,99,3.0
7718.0,0.005,878,99,3.6
7718.5,0.006,878,99,3.6
7719.0,0.006,878,99,3.6
7719.5,0.006,879,99,4.2
7720.0,0.006,879,99,4.2
7720.5,0.008,879,100,4.800000000000001
7721.0,0.008,880,100,4.2
7721.5,0.005,880,100,3.6
7722.0,0.006,881,100,3.6
7722.5,0.005,881,100,3.6
7723.0,0.008,881,100,4.2
7723.5,0.006,882,100,4.2
7724.0,0.01,882,100,3.6
7724.5,0.006,882,100,4.2
7725.0,0.01,882,100,4.2
7725.5,0.008,883,100,3.6
7726.0,0.008,883,101,3.6
7726.5,0.006,883,101,3.0
7727.0,0.006,884,101,3.0
7727.5,0.005,884,101,3.0
7728.0,0.01,884,101,3.0
7728.5,0.006,885,101,3.6
7729.0,0.006,885,101,3.6
7729.5,0.003,885,100,3.0
7730.0,0.008,885,101,2.4000000000000004
7730.5,0.005,886,101,1.8
7731.0,0.01,886,101,1.8
7731.5,0.005,886,101,1.8
7732.0,0.005,887,100,1.8
7732.5,0.003,887,100,1.8
7733.0,0.008,887,99,1.8
7733.5,0.006,888,99,1.8
7734.0,0.008,888,98,1.8
7734.5,0.006,888,98,1.8
7735.0,0.006,889,98,0.6000000000000001
7735.5,0.005,889,98,0.6000000000000001
7736.0,0.008,889,98,0.0
7736.5,0.005,889,98,0.0
7737.0,0.008,890,98,0.0
7737.5,0.008,890,98,0.0
7738.0,0.006,890,98,0.0
7738.5,0.006,891,98,0.0
7739.0,0.01,891,98,0.0
7739.5,0.006,891,99,0.0
7740.0,0.006,891,99,0.0
7740.5,0.008,892,99,0.0
7741.0,0.006,892,99,0.6000000000000001
7741.5,0.006,892,100,0.6000000000000001
7742.0,0.01,893,100,0.6000000000000001
7742.5,0.008,893,101,0.6000000000000001
7743.0,0.005,893,101,0.6000000000000001
7743.5,0.008,894,100,0.6000000000000001
7744.0,0.006,894,100,0.6000000000000001
7744.5,0.005,894,100,0.0
7745.0,0.008,894,100,0.6000000000000001
7745.5,0.006,895,99,2.4000000000000004
7746.0,0.006,895,99,3.0
7746.5,0.008,895,99,4.2
7747.0,0.006,896,100,4.2
7747.5,0.003,896,100,3.6
7748.0,0.005,896,100,3.6
7748.5,0.005,897,99,3.6
7749.0,0.006,897,99,3.6
7749.5,0.008,897,99,3.6
7750.0,0.006,897,99,3.6
7750.5,0.005,898,99,4.2
7751.0,0.006,898,99,4.2
7751.5,0.008,898,100,4.2
7752.0,0.006,899,100,4.800000000000001
7752.5,0.008,899,100,4.800000000000001
7753.0,0.006,899,100,4.800000000000001
7753.5,0.006,900,100,4.2
7754.0,0.006,900,100,4.2
7754.5,0.006,900,100,4.2
7755.0,0.005,900,100,3.6
7755.5,0.006,901,100,4.2
7756.0,0.006,901,100,4.2
7756.5,0.008,901,100,4.2
7757.0,0.006,902,100,4.2
7757.5,0.008,902,100,4.2
7758.0,0.005,902,100,4.2
7758.5,0.008,903,100,3.6
7759.0,0.006,903,101,3.6
7759.5,0.005,903,100,3.0
7760.0,0.006,904,100,3.0
7760.5,0.006,904,101,3.0
7761.0,0.005,904,101,3.6
7761.5,0.008,904,100,3.6
7762.0,0.005,905,100,3.0
7762.5,0.008,905,100,2.4000000000000004
7763.0,0.006,905,100,1.8
7763.5,0.005,906,101,1.8
7764.0,0.005,906,101,1.8
7764.5,0.006,906,100,1.8
7765.0,0.005,906,99,1.8
7765.5,0.006,907,99,1.8
7766.0,0.005,907,98,1.8
7766.5,0.006,907,98,1.8
7767.0,0.005,908,97,1.8
7767.5,0.01,908,98,1.2000000000000002
7768.0,0.005,908,97,0.6000000000000001
7768.5,0.008,909,97,0.0
7769.0,0.005,909,97,0.0
7769.5,0.008,909,98,0.0
7770.0,0.005,909,98,0.0
7770.5,0.008,910,97,0.0
7771.0,0.005,910,97,0.0
7771.5,0.006,910,97,0.0
7772.0,0.006,911,97,0.0
7772.5,0.008,911,98,0.0
7773.0,0.005,911,99,0.0
7773.5,0.008,912,98,0.6000000000000001
7774.0,0.006,912,99,0.6000000000000001
7774.5,0.008,912,100,0.6000000000000001
7775.0,0.008,912,100,0.6000000000000001
7775.5,0.006,913,100,0.6000000000000001
7776.0,0.006,913,100,0.6000000000000001
7776.5,0.01,913,99,0.6000000000000001
7777.0,0.006,914,99,0.6000000000000001
7777.5,0.008,914,99,0.6000000000000001
7778.0,0.008,914,99,1.2000000000000002
7778.5,0.006,915,98,3.0
7779.0,0.005,915,98,4.2
7779.5,0.008,915,99,4.2
7780.0,0.008,915,100,4.2
7780.5,0.008,916,100,4.2
7781.0,0.006,916,99,3.6
7781.5,0.005,916,99,3.6
7782.0,0.006,917,99,3.6
7782.5,0.006,917,99,3.6
7783.0,0.008,917,99,3.6
7783.5,0.006,918,99,4.2
7784.0,0.008,918,99,4.2
7784.5,0.006,918,99,4.2
7785.0,0.008,918,100,4.800000000000001
7785.5,0.008,919,100,4.800000000000001
7786.0,0.008,919,100,4.800000000000001
7786.5,0.006,919,100,4.2
7787.0,0.008,920,100,3.6
7787.5,0.006,920,100,4.2
7788.0,0.006,920,100,3.6
7788.5,0.008,920,100,4.2
7789.0,0.006,921,100,4.2
7789.5,0.006,921,100,3.6
7790.0,0.008,921,100,3.6
7790.5,0.008,922,100,3.6
7791.0,0.008,922,100,3.6
7791.5,0.006,922,100,3.6
7792.0,0.008,923,100,3.0
7792.5,0.008,923,101,3.0
7793.0,0.008,923,100,3.0
7793.5,0.005,924,101,3.0
7794.0,0.01,924,100,3.6
7794.5,0.005,924,100,3.6
7795.0,0.008,924,100,3.0
7795.5,0.006,925,101,2.4000000000000004
7796.0,0.008,925,101,1.8
7796.5,0.006,925,101,1.8
7797.0,0.006,926,101,1.8
7797.5,0.003,926,100,1.8
7798.0,0.005,926,99,1.8
7798.5,0.006,927,99,1.8
7799.0,0.008,927,98,1.8
7799.5,0.006,927,98,1.8
7800.0,0.005,927,98,1.2000000000000002
7800.5,0.005,928,98,0.6000000000000001
7801.0,0.008,928,98,0.0
7801.5,0.006,928,98,0.0
7802.0,0.01,929,98,0.0
7802.5,0.008,929,98,0.0
7803.0,0.005,929,98,0.0
7803.5,0.008,929,98,0.0
7804.0,0.008,930,98,0.0
7804.5,0.006,930,98,0.0
7805.0,0.008,930,98,0.0
7805.5,0.008,931,99,0.0
7806.0,0.006,931,99,0.0
7806.5,0.008,931,99,0.6000000000000001
7807.0,0.01,932,100,0.6000000000000001
7807.5,0.006,932,100,0.6000000000000001
7808.0,0.006,932,101,0.6000000000000001
7808.5,0.006,933,100,0.6000000000000001
7809.0,0.006,933,100,0.6000000000000001
7809.5,0.006,933,100,0.6000000000000001
7810.0,0.008,933,100,0.6000000000000001
7810.5,0.008,934,99,0.6000000000000001
7811.0,0.008,934,99,2.4000000000000004
7811.5,0.008,934,99,3.6
7812.0,0.005,935,99,4.2
7812.5,0.008,935,100,4.2
7813.0,0.008,935,100,3.6
7813.5,0.006,936,99,3.6
7814.0,0.008,937,99,3.6
7814.5,0.008,937,99,3.6
7815.0,0.006,937,99,4.2
7815.5,0.006,938,100,4.2
7816.0,0.006,938,100,4.2
7816.5,0.008,938,100,4.800000000000001
7817.0,0.01,939,100,4.800000000000001
7817.5,0.006,939,100,4.2
7818.0,0.005,939,100,4.2
7818.5,0.008,939,100,3.6
7819.0,0.006,940,100,3.6
7819.5,0.006,940,100,4.2
7820.0,0.01,940,100,4.800000000000001
7820.5,0.006,941,100,4.2
7821.0,0.006,941,101,4.2
7821.5,0.006,941,100,4.2
7822.0,0.008,942,100,4.2
7822.5,0.008,942,101,3.6
7823.0,0.01,942,101,3.6
7823.5,0.008,942,100,3.0
7824.0,0.005,943,101,3.0
7824.5,0.008,943,101,3.0
7825.0,0.008,943,101,3.6
7825.5,0.006,944,101,3.6
7826.0,0.01,944,100,3.0
7826.5,0.006,944,101,2.4000000000000004
7827.0,0.006,945,101,1.8
7827.5,0.006,945,101,1.8
7828.0,0.006,945,101,1.8
7828.5,0.006,945,101,1.8
7829.0,0.008,946,100,1.8
7829.5,0.006,946,99,1.8
7830.0,0.005,946,99,1.8
7830.5,0.005,947,98,1.8
7831.0,0.006,947,98,1.8
7831.5,0.006,947,98,0.6000000000000001
7832.0,0.008,948,98,0.6000000000000001
7832.5,0.006,948,98,0.0
7833.0,0.005,948,98,0.0
7833.5,0.005,948,98,0.0
7834.0,0.006,949,99,0.0
7834.5,0.006,949,98,0.0
7835.0,0.01,949,98,0.0
7835.5,0.006,950,98,0.0
7836.0,0.008,950,98,0.0
7836.5,0.006,950,99,0.0
7837.0,0.008,951,99,0.0
7837.5,0.006,951,100,0.6000000000000001
7838.0,0.01,951,100,0.6000000000000001
7838.5,0.008,951,101,0.6000000000000001
7839.0,0.008,952,101,0.6000000000000001
7839.5,0.006,952,101,0.6000000000000001
7840.0,0.008,952,100,0.6000000000000001
7840.5,0.006,953,100,0.6000000000000001
7841.0,0.008,953,100,0.6000000000000001
7841.5,0.008,953,100,0.6000000000000001
7842.0,0.008,954,100,1.8
7842.5,0.006,954,99,3.0
7843.0,0.006,954,100,4.2
7843.5,0.005,954,101,4.2
7844.0,0.008,955,101,4.2
7844.5,0.01,955,100,3.6
7845.0,0.006,955,100,3.6
7845.5,0.006,956,99,3.6
7846.0,0.006,956,99,3.6
7846.5,0.005,956,99,3.6
7847.0,0.008,957,99,3.6
7847.5,0.008,957,100,4.2
7848.0,0.008,957,100,4.2
7848.5,0.008,957,100,4.800000000000001
7849.0,0.006,958,100,4.800000000000001
7849.5,0.006,958,100,4.800000000000001
7850.0,0.01,958,101,4.2
7850.5,0.006,959,100,4.2
7851.0,0.006,959,100,3.6
7851.5,0.008,959,100,3.6
7852.0,0.006,960,100,4.2
7852.5,0.008,960,100,4.2
7853.0,0.01,960,100,4.2
7853.5,0.008,960,100,3.6
7854.0,0.006,961,100,4.2
7854.5,0.008,961,100,3.6
7855.0,0.006,961,100,3.6
7855.5,0.006,962,101,3.6
7856.0,0.01,962,100,3.0
7856.5,0.01,962,100,3.0
7857.0,0.006,963,101,3.0
7857.5,0.008,963,100,3.0
7858.0,0.008,963,101,3.6
7858.5,0.008,963,100,3.0
7859.0,0.008,964,100,2.4000000000000004
7859.5,0.01,964,101,2.4000000000000004
7860.0,0.006,964,101,2.4000000000000004
7860.5,0.01,965,101,1.8
7861.0,0.006,965,100,1.8
7861.5,0.006,965,99,1.8
7862.0,0.006,966,99,1.8
7862.5,0.01,966,98,1.8
7863.0,0.005,966,98,1.8
7863.5,0.006,967,97,1.8
7864.0,0.006,967,98,1.2000000000000002
7864.5,0.005,967,98,0.6000000000000001
7865.0,0.006,967,98,0.0
7865.5,0.01,968,98,0.0
7866.0,0.008,968,98,0.0
7866.5,0.008,968,98,0.0
7867.0,0.008,969,98,0.0
7867.5,0.006,969,98,0.0
7868.0,0.006,969,98,0.0
7868.5,0.008,969,98,0.0
7869.0,0.006,970,98,0.0
7869.5,0.008,970,99,0.0
7870.0,0.006,970,99,0.6000000000000001
7870.5,0.011,971,100,0.6000000000000001
7871.0,0.008,971,100,0.6000000000000001
7871.5,0.008,971,101,0.6000000000000001
7872.0,0.006,972,101,0.6000000000000001
7872.5,0.01,972,100,0.6000000000000001
7873.0,0.008,972,100,0.6000000000000001
7873.5,0.008,973,100,0.6000000000000001
7874.0,0.006,973,99,0.6000000000000001
7874.5,0.008,973,99,1.8
7875.0,0.006,973,99,3.0
7875.5,0.01,974,99,4.2
7876.0,0.01,974,100,4.2
7876.5,0.005,974,100,4.2
7877.0,0.006,975,99,3.6
7877.5,0.008,975,99,3.6
7878.0,0.008,975,99,3.6
7878.5,0.011,975,99,3.6
7879.0,0.008,976,98,3.6
7879.5,0.006,976,98,3.6
7880.0,0.006,976,98,4.2
7880.5,0.006,977,99,4.2
7881.0,0.006,977,99,4.800000000000001
7881.5,0.008,977,99,4.800000000000001
7882.0,0.008,978,100,5.4
7882.5,0.006,978,100,4.800000000000001
7883.0,0.005,978,100,4.2
7883.5,0.005,978,100,3.6
7884.0,0.01,979,100,3.6
7884.5,0.008,979,100,3.6
7885.0,0.01,979,100,4.2
7885.5,0.006,980,100,4.2
7886.0,0.006,980,100,3.6
7886.5,0.008,980,100,4.2
7887.0,0.01,981,100,3.6
7887.5,0.008,981,100,3.6
7888.0,0.006,981,100,3.6
7888.5,0.008,982,100,3.6
7889.0,0.006,982,100,3.0
7889.5,0.005,982,100,3.0
7890.0,0.008,982,101,3.0
7890.5,0.006,983,100,3.6
7891.0,0.008,983,100,3.6
7891.5,0.008,983,100,3.0
7892.0,0.008,984,100,2.4000000000000004
7892.5,0.006,984,101,1.8
7893.0,0.008,984,101,1.8
7893.5,0.006,985,100,1.8
7894.0,0.008,985,100,1.8
7894.5,0.006,985,99,1.8
7895.0,0.006,985,99,1.8
7895.5,0.006,986,98,1.8
7896.0,0.006,986,97,1.8
7896.5,0.005,986,97,1.8
7897.0,0.01,987,97,0.6000000000000001
7897.5,0.005,987,97,0.0
7898.0,0.006,987,97,0.0
7898.5,0.005,988,98,0.0
7899.0,0.008,988,98,0.0
7899.5,0.006,988,98,0.0
7900.0,0.008,988,97,0.0
7900.5,0.005,989,98,0.0
7901.0,0.006,989,98,0.0
7901.5,0.006,989,98,0.0
7902.0,0.008,990,99,0.0
7902.5,0.006,990,99,0.0
7903.0,0.008,990,100,0.6000000000000001
7903.5,0.006,990,100,0.6000000000000001
7904.0,0.008,991,100,0.6000000000000001
7904.5,0.005,991,101,0.6000000000000001
7905.0,0.01,991,101,0.6000000000000001
7905.5,0.006,992,100,0.6000000000000001
7906.0,0.006,992,100,0.6000000000000001
7906.5,0.006,992,100,0.6000000000000001
7907.0,0.008,993,99,0.6000000000000001
7907.5,0.005,993,99,2.4000000000000004
7908.0,0.01,993,99,3.6
7908.5,0.006,993,100,4.2
7909.0,0.008,994,100,4.2
7909.5,0.006,994,100,4.2
7910.0,0.011,994,100,3.6
7910.5,0.005,995,99,3.6
7911.0,0.006,995,99,3.6
7911.5,0.008,995,99,3.6
7912.0,0.006,996,99,3.6
7912.5,0.006,996,99,3.6
7913.0,0.01,996,99,4.2
7913.5,0.005,996,100,4.2
7914.0,0.006,997,100,4.800000000000001
7914.5,0.006,997,100,4.800000000000001
7915.0,0.006,997,100,4.800000000000001
7915.5,0.006,998,101,4.2
7916.0,0.006,998,100,4.2
7916.5,0.006,998,100,3.6
7917.0,0.006,999,100,3.6
7917.5,0.005,999,100,4.2
7918.0,0.008,999,100,4.2
7918.5,0.006,999,100,3.6
7919.0,0.006,1000,100,4.2
7919.5,0.01,1000,100,4.2
7920.0,0.006,1000,100,3.6
7920.5,0.006,1001,100,3.6
7921.0,0.008,1001,101,3.0
7921.5,0.006,1001,101,3.0
7922.0,0.006,1002,101,3.0
7922.5,0.006,1002,100,3.0
7923.0,0.008,1002,101,3.6
7923.5,0.005,1002,100,3.6
7924.0,0.006,1003,100,2.4000000000000004
7924.5,0.006,1003,101,2.4000000000000004
7925.0,0.005,1003,101,1.8
7925.5,0.008,1004,101,1.8
7926.0,0.006,1004,101,1.8
7926.5,0.005,1004,100,1.8
7927.0,0.006,1005,99,1.2000000000000002
7927.5,0.006,1005,99,1.8
7928.0,0.005,1005,99,1.8
7928.5,0.006,1006,98,1.8
7929.0,0.005,1006,98,1.8
7929.5,0.005,1006,98,0.6000000000000001
7930.0,0.005,1006,98,0.0
7930.5,0.005,1007,98,0.0
7931.0,0.005,1007,98,0.0
7931.5,0.006,1007,98,0.0
7932.0,0.005,1008,99,0.0
7932.5,0.006,1008,98,0.0
7933.0,0.005,1008,98,0.0
7933.5,0.006,1008,98,0.0
7934.0,0.005,1009,99,0.0
7934.5,0.006,1009,99,0.0
7935.0,0.005,1009,99,0.0
7935.5,0.006,1010,100,0.6000000000000001
7936.0,0.005,1010,100,0.6000000000000001
7936.5,0.006,1010,101,0.6000000000000001
7937.0,0.006,1011,101,0.6000000000000001
7937.5,0.006,1011,101,0.6000000000000001
7938.0,0.005,1011,100,0.6000000000000001
7938.5,0.006,1012,100,0.6000000000000001
7939.0,0.005,1012,100,0.6000000000000001
7939.5,0.006,1012,100,0.6000000000000001
7940.0,0.005,1012,99,2.4000000000000004
7940.5,0.006,1013,99,3.6
7941.0,0.006,1013,100,4.2
7941.5,0.006,1013,100,4.2
7942.0,0.005,1014,100,4.2
7942.5,0.006,1014,100,3.6
7943.0,0.003,1014,99,3.6
7943.5,0.006,1015,99,3.6
7944.0,0.006,1015,99,3.6
7944.5,0.006,1015,99,3.6
7945.0,0.003,1015,99,3.6
7945.5,0.006,1016,99,4.2
7946.0,0.003,1016,100,4.2
7946.5,0.005,1016,100,4.800000000000001
7947.0,0.003,1017,100,4.800000000000001
7947.5,0.005,1017,100,4.800000000000001
7948.0,0.003,1017,100,4.2
7948.5,0.005,1017,100,3.6
7949.0,0.003,1018,100,3.6
7949.5,0.005,1018,100,3.6
7950.0,0.003,1018,100,4.2
7950.5,0.003,1019,100,4.2
7951.0,0.005,1019,100,3.6
7951.5,0.003,1019,100,4.2
7952.0,0.005,1020,100,4.2
7952.5,0.006,1020,100,4.2
7953.0,0.003,1020,101,3.6
7953.5,0.003,1021,101,3.6
7954.0,0.005,1021,100,3.0
7954.5,0.003,1021,101,3.0
7955.0,0.003,1021,101,3.0
7955.5,0.006,1022,101,3.6
7956.0,0.006,1022,101,3.6
7956.5,0.005,1022,101,3.0
7957.0,0.006,1023,101,1.8
7957.5,0.005,1023,101,1.8
7958.0,0.005,1023,101,1.8
7958.5,0.006,1024,101,1.8
7959.0,0.003,1024,101,1.8
7959.5,0.002,1024,100,1.2000000000000002
7960.0,0.003,1024,99,1.2000000000000002
7960.5,0.003,1025,99,1.2000000000000002
7961.0,0.003,1025,98,1.8
7961.5,0.006,1025,98,1.8
7962.0,0.005,1026,98,0.6000000000000001
7962.5,0.002,1026,98,0.6000000000000001
7963.0,0.005,1026,98,0.0
7963.5,0.003,1026,98,0.0
7964.0,0.002,1027,99,0.0
7964.5,0.003,1027,99,0.0
7965.0,0.003,1027,98,0.0
7965.5,0.003,1028,98,0.0
7966.0,0.005,1028,98,0.0
7966.5,0.003,1028,99,0.0
7967.0,0.003,1029,99,0.0
7967.5,0.003,1029,99,0.0
7968.0,0.003,1029,100,0.6000000000000001
7968.5,0.003,1030,100,0.6000000000000001
7969.0,0.005,1030,101,0.6000000000000001
7969.5,0.003,1030,101,0.6000000000000001
7970.0,0.003,1030,101,0.6000000000000001
7970.5,0.005,1031,100,0.6000000000000001
7971.0,0.005,1031,101,0.6000000000000001
7971.5,0.003,1031,100,0.6000000000000001
7972.0,0.003,1032,100,0.6000000000000001
7972.5,0.003,1032,99,1.8
7973.0,0.003,1032,99,3.6
7973.5,0.005,1033,100,4.2
7974.0,0.003,1033,100,4.2
7974.5,0.003,1033,100,4.2
7975.0,0.005,1033,100,3.6
7975.5,0.005,1034,100,3.6
7976.0,0.005,1034,99,3.0
7976.5,0.003,1034,99,3.0
7977.0,0.003,1035,99,3.6
7977.5,0.003,1035,99,4.2
7978.0,0.005,1035,99,4.2
7978.5,0.005,1036,99,4.2
7979.0,0.003,1036,99,4.800000000000001
7979.5,0.003,1036,100,4.800000000000001
7980.0,0.002,1036,100,4.800000000000001
7980.5,0.002,1037,100,4.2
7981.0,0.005,1037,100,4.2
7981.5,0.002,1037,100,3.6
7982.0,0.002,1038,100,3.6
7982.5,0.002,1038,100,4.2
7983.0,0.002,1038,100,4.2
7983.5,0.003,1039,100,4.2
7984.0,0.005,1039,100,4.2
7984.5,0.003,1039,100,4.2
7985.0,0.003,1039,100,4.2
7985.5,0.005,1040,100,4.2
7986.0,0.002,1040,101,3.6
7986.5,0.003,1040,100,3.6
7987.0,0.006,1041,100,3.0
7987.5,0.005,1041,101,3.0
7988.0,0.003,1041,100,3.6
7988.5,0.005,1042,100,3.6
7989.0,0.005,1042,100,3.0
7989.5,0.002,1042,100,2.4000000000000004
7990.0,0.005,1042,101,1.8
7990.5,0.006,1043,101,1.8
7991.0,0.003,1043,101,1.8
7991.5,0.005,1043,100,1.8
7992.0,0.005,1044,100,1.8
7992.5,0.003,1044,99,1.8
7993.0,0.006,1044,99,1.8
7993.5,0.005,1045,98,1.8
7994.0,0.005,1045,98,1.8
7994.5,0.003,1045,98,1.2000000000000002
7995.0,0.003,1046,98,0.6000000000000001
7995.5,0.002,1046,98,0.0
7996.0,0.006,1046,98,0.0
7996.5,0.005,1046,98,0.0
7997.0,0.003,1047,99,0.0
7997.5,0.005,1047,98,0.0
7998.0,0.003,1047,98,0.0
7998.5,0.002,1048,98,0.0
7999.0,0.006,1048,99,0.0
7999.5,0.005,1048,99,0.0
8000.0,0.003,1048,100,0.0
8000.5,0.006,1049,99,0.0
8001.0,0.0,1049,101,0.6000000000000001
8001.5,0.003,1049,101,0.6000000000000001
8002.0,0.006,1050,101,0.6000000000000001
8002.5,0.005,1050,101,0.6000000000000001
8003.0,0.003,1050,101,0.6000000000000001
8003.5,0.006,1051,101,0.6000000000000001
8004.0,0.005,1051,101,0.6000000000000001
8004.5,0.005,1051,100,0.6000000000000001
8005.0,0.005,1051,100,1.2000000000000002
8005.5,0.005,1052,100,3.0
8006.0,0.006,1052,100,3.6
8006.5,0.006,1052,101,4.2
8007.0,0.005,1053,101,4.2
8007.5,0.005,1053,100,3.6
8008.0,0.005,1053,100,3.6
8008.5,0.005,1054,99,3.0
8009.0,0.005,1054,100,3.0
8009.5,0.008,1054,99,3.0
8010.0,0.003,1055,99,3.6
8010.5,0.003,1055,99,3.6
8011.0,0.005,1055,100,4.2
8011.5,0.005,1055,100,4.800000000000001
8012.0,0.005,1056,100,4.800000000000001
8012.5,0.006,1056,100,4.800000000000001
8013.0,0.003,1056,100,4.2
8013.5,0.003,1057,101,3.6
8014.0,0.003,1057,100,3.6
8014.5,0.003,1057,100,3.6
8015.0,0.003,1057,100,3.6
8015.5,0.006,1058,100,4.2
8016.0,0.005,1058,100,3.6
8016.5,0.002,1058,100,3.6
8017.0,0.005,1059,100,4.2
8017.5,0.006,1059,100,4.2
8018.0,0.003,1059,101,3.6
8018.5,0.006,1060,101,3.6
8019.0,0.003,1060,100,3.0
8019.5,0.003,1060,101,3.0
8020.0,0.005,1061,100,3.0
8020.5,0.005,1061,101,3.0
8021.0,0.005,1061,101,3.6
8021.5,0.006,1061,100,3.0
8022.0,0.005,1062,100,2.4000000000000004
8022.5,0.003,1062,101,2.4000000000000004
8023.0,0.003,1062,101,1.8
8023.5,0.005,1063,101,1.8
8024.0,0.003,1063,100,1.2000000000000002
8024.5,0.006,1063,100,1.2000000000000002
8025.0,0.005,1064,99,1.2000000000000002
8025.5,0.003,1064,99,1.2000000000000002
8026.0,0.003,1064,98,1.2000000000000002
8026.5,0.006,1065,98,1.2000000000000002
8027.0,0.003,1065,98,1.2000000000000002
8027.5,0.008,1065,98,0.6000000000000001
8028.0,0.005,1065,98,0.0
8028.5,0.005,1066,98,0.0
8029.0,0.003,1066,98,0.0
8029.5,0.006,1066,98,0.0
8030.0,0.003,1066,98,0.0
8030.5,0.008,1067,98,0.0
8031.0,0.005,1067,98,0.0
8031.5,0.005,1067,98,0.0
8032.0,0.003,1068,99,0.0
8032.5,0.005,1068,99,0.0
8033.0,0.005,1068,99,0.6000000000000001
8033.5,0.006,1069,100,0.6000000000000001
8034.0,0.005,1069,101,0.6000000000000001
8034.5,0.005,1069,101,0.6000000000000001
8035.0,0.005,1070,101,0.6000000000000001
8035.5,0.006,1070,101,0.6000000000000001
8036.0,0.005,1070,100,0.6000000000000001
8036.5,0.005,1070,100,0.0
8037.0,0.006,1071,100,0.0
8037.5,0.005,1071,99,1.2000000000000002
8038.0,0.005,1071,99,3.0
8038.5,0.003,1072,100,3.6
8039.0,0.005,1072,100,4.2
8039.5,0.008,1072,100,3.6
8040.0,0.008,1073,100,3.6
8040.5,0.005,1073,100,3.6
8041.0,0.005,1073,99,3.0
8041.5,0.005,1073,99,3.0
8042.0,0.003,1074,99,3.6
8042.5,0.005,1074,99,3.6
8043.0,0.005,1074,99,4.2
8043.5,0.006,1075,100,3.6
8044.0,0.005,1075,100,4.2
8044.5,0.005,1075,100,4.800000000000001
8045.0,0.003,1076,100,4.800000000000001
8045.5,0.005,1076,100,4.2
8046.0,0.003,1076,100,4.2
8046.5,0.002,1076,100,3.6
8047.0,0.003,1077,100,3.6
8047.5,0.003,1077,100,3.6
8048.0,0.005,1077,101,4.2
8048.5,0.003,1078,100,4.2
8049.0,0.005,1078,100,3.6
8049.5,0.003,1078,100,3.6
8050.0,0.005,1079,100,3.6
8050.5,0.003,1079,101,3.6
8051.0,0.003,1079,101,3.0
8051.5,0.003,1080,101,3.0
8052.0,0.005,1080,100,3.0
8052.5,0.005,1080,101,3.0
8053.0,0.005,1080,101,3.0
8053.5,0.005,1081,101,3.6
8054.0,0.006,1081,100,3.0
8054.5,0.003,1081,100,2.4000000000000004
8055.0,0.005,1082,101,1.8
8055.5,0.005,1082,101,1.8
8056.0,0.005,1082,101,1.8
8056.5,0.006,1083,101,1.8
8057.0,0.005,1083,100,1.8
8057.5,0.005,1083,99,1.8
8058.0,0.006,1083,99,1.8
8058.5,0.005,1084,98,1.8
8059.0,0.006,1084,98,1.8
8059.5,0.005,1084,98,1.8
8060.0,0.003,1085,98,0.6000000000000001
8060.5,0.003,1085,98,0.0
8061.0,0.005,1085,98,0.0
8061.5,0.005,1085,98,0.0
8062.0,0.006,1086,99,0.0
8062.5,0.003,1086,98,0.0
8063.0,0.003,1086,98,0.0
8063.5,0.003,1087,98,0.0
8064.0,0.005,1087,99,0.0
8064.5,0.005,1087,99,0.0
8065.0,0.005,1088,99,0.0
8065.5,0.006,1088,99,0.0
8066.0,0.006,1088,100,0.6000000000000001
8066.5,0.005,1088,101,0.6000000000000001
8067.0,0.005,1089,101,0.6000000000000001
8067.5,0.005,1089,101,0.6000000000000001
8068.0,0.005,1089,101,0.6000000000000001
8068.5,0.006,1090,100,0.6000000000000001
8069.0,0.005,1090,100,0.6000000000000001
8069.5,0.003,1090,100,0.6000000000000001
8070.0,0.006,1091,100,1.2000000000000002
8070.5,0.005,1091,99,2.4000000000000004
8071.0,0.006,1091,99,3.6
8071.5,0.006,1091,100,3.6
8072.0,0.006,1092,100,3.6
8072.5,0.005,1092,100,3.6
8073.0,0.006,1092,100,3.0
8073.5,0.006,1093,99,3.0
8074.0,0.006,1093,99,3.0
8074.5,0.008,1093,99,3.0
8075.0,0.006,1094,99,3.0
8075.5,0.006,1094,99,3.6
8076.0,0.006,1094,100,3.6
8076.5,0.005,1095,100,4.2
8077.0,0.006,1095,100,4.800000000000001
8077.5,0.006,1095,100,4.800000000000001
8078.0,0.005,1095,100,4.2
8078.5,0.006,1096,100,4.2
8079.0,0.005,1096,100,3.6
8079.5,0.003,1096,100,3.6
8080.0,0.005,1097,100,3.6
8080.5,0.005,1097,100,3.6
8081.0,0.003,1097,100,4.2
8081.5,0.003,1098,99,3.6
8082.0,0.005,1098,99,3.6
8082.5,0.005,1098,100,3.6
8083.0,0.008,1098,100,3.6
8083.5,0.006,1099,100,3.6
8084.0,0.005,1099,100,3.0
8084.5,0.006,1099,100,3.0
8085.0,0.005,1100,100,3.0
8085.5,0.003,1100,100,3.0
8086.0,0.008,1100,100,3.6
8086.5,0.006,1100,100,3.6
8087.0,0.003,1101,100,2.4000000000000004
8087.5,0.006,1101,100,2.4000000000000004
8088.0,0.005,1101,101,1.8
8088.5,0.005,1102,101,1.8
8089.0,0.006,1102,100,1.8
8089.5,0.008,1102,100,1.2000000000000002
8090.0,0.005,1103,99,1.8
8090.5,0.005,1103,99,1.8
8091.0,0.005,1103,98,1.8
8091.5,0.006,1104,98,1.8
8092.0,0.006,1104,97,1.8
8092.5,0.008,1104,98,0.6000000000000001
8093.0,0.005,1104,98,0.0
8093.5,0.006,1105,98,0.0
8094.0,0.005,1105,98,0.0
8094.5,0.005,1105,98,0.0
8095.0,0.005,1106,98,0.0
8095.5,0.006,1106,98,0.0
8096.0,0.005,1106,98,0.0
8096.5,0.005,1106,98,0.0
8097.0,0.005,1107,99,0.0
8097.5,0.005,1107,99,0.0
8098.0,0.005,1107,99,0.0
8098.5,0.006,1108,100,0.6000000000000001
8099.0,0.003,1108,101,0.6000000000000001
8099.5,0.005,1108,101,0.6000000000000001
8100.0,0.003,1109,101,0.6000000000000001
8100.5,0.006,1109,101,0.6000000000000001
8101.0,0.005,1109,100,0.6000000000000001
8101.5,0.005,1109,100,0.6000000000000001
8102.0,0.005,1110,100,0.6000000000000001
8102.5,0.006,1110,100,0.6000000000000001
8103.0,0.006,1110,99,2.4000000000000004
8103.5,0.005,1111,99,3.6
8104.0,0.006,1111,100,4.2
8104.5,0.006,1111,101,4.2
8105.0,0.005,1112,100,3.6
8105.5,0.006,1112,100,3.6
8106.0,0.006,1112,99,3.0
8106.5,0.006,1113,99,3.0
8107.0,0.005,1113,99,3.6
8107.5,0.005,1113,99,3.6
8108.0,0.005,1113,99,3.6
8108.5,0.011,1114,99,4.2
8109.0,0.005,1114,99,4.2
8109.5,0.005,1114,100,4.800000000000001
8110.0,0.005,1115,100,4.800000000000001
8110.5,0.005,1115,100,4.800000000000001
8111.0,0.003,1115,100,4.2
8111.5,0.008,1115,100,3.6
8112.0,0.005,1116,100,3.6
8112.5,0.005,1116,100,3.6
8113.0,0.003,1116,100,3.6
8113.5,0.003,1117,100,4.2
8114.0,0.003,1117,100,3.6
8114.5,0.01,1117,99,3.6
8115.0,0.005,1118,100,3.6
8115.5,0.003,1118,100,3.6
8116.0,0.003,1118,100,3.6
8116.5,0.005,1119,100,3.0
8117.0,0.005,1119,100,3.0
8117.5,0.006,1119,100,3.0
8118.0,0.005,1119,100,3.0
8118.5,0.005,1120,100,3.0
8119.0,0.005,1120,100,3.6
8119.5,0.005,1120,100,3.0
8120.0,0.005,1121,100,1.8
8120.5,0.005,1121,100,1.8
8121.0,0.005,1121,101,1.8
8121.5,0.005,1122,100,1.8
8122.0,0.003,1122,100,1.8
8122.5,0.005,1122,99,1.8
8123.0,0.005,1122,99,1.8
8123.5,0.003,1123,98,1.8
8124.0,0.005,1123,98,1.8
8124.5,0.005,1123,97,1.8
8125.0,0.006,1124,98,1.2000000000000002
8125.5,0.005,1124,98,0.6000000000000001
8126.0,0.005,1124,98,0.0
8126.5,0.005,1124,98,0.0
8127.0,0.005,1125,98,0.0
8127.5,0.005,1125,98,0.0
8128.0,0.005,1125,98,0.0
8128.5,0.003,1126,98,0.0
8129.0,0.003,1126,99,0.0
8129.5,0.005,1126,98,0.0
8130.0,0.005,1127,99,0.0
8130.5,0.003,1127,100,0.0
8131.0,0.005,1127,100,0.6000000000000001
8131.5,0.005,1127,101,0.6000000000000001
8132.0,0.003,1128,101,0.6000000000000001
8132.5,0.003,1128,101,0.6000000000000001
8133.0,0.006,1128,101,0.6000000000000001
8133.5,0.005,1129,100,0.6000000000000001
8134.0,0.005,1129,100,0.6000000000000001
8134.5,0.008,1129,100,0.6000000000000001
8135.0,0.005,1130,100,0.6000000000000001
8135.5,0.002,1130,99,1.8
8136.0,0.006,1130,99,3.0
8136.5,0.006,1130,100,3.6
8137.0,0.005,1131,100,4.2
8137.5,0.006,1131,100,3.6
8138.0,0.003,1131,100,3.6
8138.5,0.003,1132,100,3.0
8139.0,0.006,1132,99,3.0
8139.5,0.008,1132,99,3.0
8140.0,0.006,1133,99,3.0
8140.5,0.005,1133,98,3.6
8141.0,0.005,1133,99,3.6
8141.5,0.003,1134,99,3.6
8142.0,0.006,1134,99,4.2
8142.5,0.005,1134,100,4.2
8143.0,0.005,1134,100,4.2
8143.5,0.005,1135,100,4.2
8144.0,0.005,1135,100,3.6
8144.5,0.003,1135,100,3.6
8145.0,0.005,1136,100,3.6
8145.5,0.005,1136,100,3.6
8146.0,0.005,1136,100,4.2
8146.5,0.003,1137,100,4.2
8147.0,0.003,1137,100,3.6
8147.5,0.003,1137,100,3.6
8148.0,0.006,1137,100,3.6
8148.5,0.005,1138,100,3.6
8149.0,0.008,1138,100,3.0
8149.5,0.005,1138,100,3.0
8150.0,0.003,1139,100,3.0
8150.5,0.005,1139,100,3.0
8151.0,0.006,1139,101,3.0
8151.5,0.006,1139,100,3.6
8152.0,0.008,1140,100,3.0
8152.5,0.005,1140,100,2.4000000000000004
8153.0,0.005,1140,101,1.8
8153.5,0.003,1141,101,1.8
8154.0,0.008,1141,101,1.8
8154.5,0.005,1141,100,1.8
8155.0,0.006,1142,100,1.8
8155.5,0.002,1142,99,1.2000000000000002
8156.0,0.005,1142,99,1.8
8156.5,0.005,1143,98,1.8
8157.0,0.006,1143,98,1.8
8157.5,0.006,1143,98,1.2000000000000002
8158.0,0.006,1143,97,0.6000000000000001
8158.5,0.005,1144,98,0.0
8159.0,0.003,1144,97,0.0
8159.5,0.005,1144,98,0.0
8160.0,0.005,1145,98,0.0
8160.5,0.006,1145,98,0.0
8161.0,0.005,1145,98,0.0
8161.5,0.006,1145,98,0.0
8162.0,0.005,1146,98,0.0
8162.5,0.003,1146,98,0.0
8163.0,0.003,1146,99,0.0
8163.5,0.005,1147,99,0.6000000000000001
8164.0,0.003,1147,100,0.6000000000000001
8164.5,0.006,1147,100,1.2000000000000002
8165.0,0.003,1148,101,0.6000000000000001
8165.5,0.005,1148,101,0.6000000000000001
8166.0,0.005,1148,101,0.6000000000000001
8166.5,0.005,1148,100,0.6000000000000001
8167.0,0.003,1149,100,0.6000000000000001
8167.5,0.005,1149,100,0.6000000000000001
8168.0,0.005,1149,100,1.2000000000000002
8168.5,0.005,1150,99,2.4000000000000004
8169.0,0.005,1150,99,3.6
8169.5,0.006,1150,100,4.2
8170.0,0.005,1151,101,4.2
8170.5,0.006,1151,100,3.6
8171.0,0.005,1151,100,3.6
8171.5,0.005,1152,99,3.0
8172.0,0.003,1152,99,3.0
8172.5,0.006,1152,99,3.0
8173.0,0.005,1152,99,3.6
8173.5,0.01,1153,99,3.6
8174.0,0.006,1153,100,3.6
8174.5,0.005,1153,100,4.2
8175.0,0.005,1154,100,4.800000000000001
8175.5,0.006,1154,100,4.800000000000001
8176.0,0.003,1154,100,4.2
8176.5,0.006,1154,100,4.2
8177.0,0.005,1155,100,3.6
8177.5,0.005,1155,100,3.6
8178.0,0.005,1155,100,3.6
8178.5,0.005,1156,100,4.2
8179.0,0.003,1156,100,4.2
8179.5,0.005,1156,100,3.6
8180.0,0.005,1157,100,3.6
8180.5,0.003,1157,100,3.6
8181.0,0.005,1157,100,3.6
8181.5,0.005,1158,101,3.6
8182.0,0.005,1158,100,3.0
8182.5,0.006,1158,100,3.0
8183.0,0.005,1158,100,3.0
8183.5,0.003,1159,100,3.0
8184.0,0.003,1159,100,3.6
8184.5,0.005,1159,100,3.0
8185.0,0.003,1160,100,2.4000000000000004
8185.5,0.006,1160,100,1.8
8186.0,0.005,1160,101,1.8
8186.5,0.005,1161,101,1.8
8187.0,0.005,1161,100,1.8
8187.5,0.005,1161,100,1.8
8188.0,0.003,1161,99,1.8
8188.5,0.006,1162,99,1.8
8189.0,0.005,1162,98,1.8
8189.5,0.005,1162,98,1.8
8190.0,0.005,1163,98,1.8
8190.5,0.005,1163,98,0.6000000000000001
8191.0,0.005,1163,98,0.0
8191.5,0.008,1163,98,0.0
8192.0,0.006,1164,98,0.0
8192.5,0.003,1164,98,0.0
8193.0,0.005,1164,98,0.0
8193.5,0.005,1165,98,0.0
8194.0,0.005,1165,98,0.0
8194.5,0.006,1165,98,0.0
8195.0,0.005,1166,98,0.0
8195.5,0.003,1166,99,0.0
8196.0,0.005,1166,98,0.0
8196.5,0.003,1166,100,0.6000000000000001
8197.0,0.003,1167,100,0.6000000000000001
8197.5,0.003,1167,100,0.6000000000000001
8198.0,0.003,1167,100,0.6000000000000001
8198.5,0.003,1168,100,0.6000000000000001
8199.0,0.005,1168,100,0.6000000000000001
8199.5,0.003,1168,100,0.6000000000000001
8200.0,0.005,1169,99,0.6000000000000001
8200.5,0.003,1169,99,0.6000000000000001
8201.0,0.005,1169,99,1.8
8201.5,0.005,1169,98,3.6
8202.0,0.006,1170,99,4.2
8202.5,0.003,1170,99,4.2
8203.0,0.005,1170,99,3.6
8203.5,0.005,1171,99,3.6
8204.0,0.006,1171,99,3.6
8204.5,0.005,1171,98,3.6
8205.0,0.006,1172,98,3.6
8205.5,0.003,1172,98,3.6
8206.0,0.005,1172,98,4.2
8206.5,0.005,1172,99,4.2
8207.0,0.005,1173,99,4.2
8207.5,0.005,1173,99,4.800000000000001
8208.0,0.006,1173,99,4.800000000000001
8208.5,0.003,1174,100,4.800000000000001
8209.0,0.006,1174,100,4.2
8209.5,0.005,1174,100,4.2
8210.0,0.005,1175,99,3.6
8210.5,0.003,1175,99,3.6
8211.0,0.006,1175,99,4.2
8211.5,0.003,1175,100,4.2
8212.0,0.005,1176,100,4.2
8212.5,0.005,1176,99,4.2
8213.0,0.005,1176,100,4.2
8213.5,0.003,1177,100,4.2
8214.0,0.006,1177,100,3.6
8214.5,0.003,1177,101,3.6
8215.0,0.003,1178,100,3.6
8215.5,0.003,1178,100,3.0
8216.0,0.003,1178,101,3.0
8216.5,0.003,1178,101,3.6
8217.0,0.006,1179,100,3.6
8217.5,0.005,1179,100,3.0
8218.0,0.005,1179,100,2.4000000000000004
8218.5,0.005,1180,101,2.4000000000000004
8219.0,0.005,1180,101,1.8
8219.5,0.005,1180,101,1.8
8220.0,0.008,1181,100,1.8
8220.5,0.003,1181,100,1.8
8221.0,0.003,1181,99,1.8
8221.5,0.003,1182,99,1.8
8222.0,0.005,1182,98,1.8
8222.5,0.005,1182,98,1.8
8223.0,0.005,1182,98,1.2000000000000002
8223.5,0.005,1183,98,0.6000000000000001
8224.0,0.003,1183,98,0.0
8224.5,0.005,1183,98,0.0
8225.0,0.006,1184,98,0.0
8225.5,0.003,1184,99,0.0
8226.0,0.006,1184,98,0.0
8226.5,0.005,1184,98,0.0
8227.0,0.003,1185,98,0.0
8227.5,0.005,1185,98,0.0
8228.0,0.003,1185,99,0.0
8228.5,0.003,1186,100,0.0
8229.0,0.005,1186,99,0.6000000000000001
8229.5,0.005,1186,101,0.6000000000000001
8230.0,0.003,1187,101,0.6000000000000001
8230.5,0.003,1187,101,0.6000000000000001
8231.0,0.003,1187,101,0.6000000000000001
8231.5,0.003,1187,100,0.6000000000000001
8232.0,0.003,1188,100,0.6000000000000001
8232.5,0.003,1188,100,0.6000000000000001
8233.0,0.003,1188,100,0.6000000000000001
8233.5,0.005,1189,100,1.8
8234.0,0.003,1189,99,3.0
8234.5,0.003,1189,100,3.6
8235.0,0.003,1190,100,4.2
8235.5,0.003,1190,100,4.2
8236.0,0.003,1190,100,3.6
8236.5,0.005,1191,100,3.6
8237.0,0.005,1191,99,3.0
8237.5,0.002,1191,99,3.0
8238.0,0.005,1191,99,3.6
8238.5,0.005,1192,99,3.6
8239.0,0.003,1192,99,4.2
8239.5,0.006,1192,100,4.2
8240.0,0.003,1193,100,4.800000000000001
8240.5,0.003,1193,100,4.800000000000001
8241.0,0.005,1193,100,4.800000000000001
8241.5,0.005,1193,101,4.2
8242.0,0.003,1194,100,4.2
8242.5,0.006,1194,100,3.6
8243.0,0.003,1194,100,3.6
8243.5,0.003,1195,100,3.6
8244.0,0.003,1195,100,4.2
8244.5,0.003,1195,100,4.2
8245.0,0.002,1196,100,4.2
8245.5,0.006,1196,100,4.2
8246.0,0.002,1196,100,3.6
8246.5,0.003,1197,101,3.6
8247.0,0.0,1197,101,3.0
8247.5,0.003,1197,100,3.0
8248.0,0.003,1197,101,3.0
8248.5,0.008,1198,101,3.0
8249.0,0.002,1198,101,3.6
8249.5,0.002,1198,101,3.6
8250.0,0.002,1199,100,3.0
8250.5,0.003,1199,100,2.4000000000000004
8251.0,0.003,1199,101,1.8
8251.5,0.008,1200,101,1.8
8252.0,0.002,1200,101,1.8
8252.5,0.003,1200,101,1.8
8253.0,0.003,1200,100,1.8
8253.5,0.005,1201,99,1.8
8254.0,0.005,1201,99,1.8
8254.5,0.006,1201,98,1.8
8255.0,0.002,1202,98,1.8
8255.5,0.003,1202,98,1.2000000000000002
8256.0,0.003,1202,98,0.6000000000000001
8256.5,0.005,1203,98,0.0
8257.0,0.003,1203,98,0.0
8257.5,0.003,1203,98,0.0
8258.0,0.003,1203,98,0.0
8258.5,0.002,1204,98,0.0
8259.0,0.005,1204,98,0.0
8259.5,0.003,1204,98,0.0
8260.0,0.003,1205,98,0.0
8260.5,0.002,1205,98,0.0
8261.0,0.005,1205,99,0.0
8261.5,0.002,1206,99,0.6000000000000001
8262.0,0.003,1206,100,0.6000000000000001
8262.5,0.003,1206,100,0.6000000000000001
8263.0,0.002,1206,101,0.6000000000000001
8263.5,0.002,1207,101,0.6000000000000001
8264.0,0.002,1207,100,0.6000000000000001
8264.5,0.002,1207,100,0.6000000000000001
8265.0,0.003,1208,100,0.6000000000000001
8265.5,0.003,1208,100,0.6000000000000001
8266.0,0.002,1208,99,1.2000000000000002
8266.5,0.003,1208,99,3.0
8267.0,0.005,1209,99,4.2
8267.5,0.002,1209,100,4.2
8268.0,0.005,1209,100,4.2
8268.5,0.003,1210,100,3.6
8269.0,0.002,1210,100,3.6
8269.5,0.003,1210,99,3.0
8270.0,0.005,1211,99,3.0
8270.5,0.005,1211,99,3.0
8271.0,0.006,1211,99,3.6
8271.5,0.003,1211,99,3.6
8272.0,0.003,1212,99,3.6
8272.5,0.003,1212,100,4.2
8273.0,0.006,1212,100,4.800000000000001
8273.5,0.005,1213,100,4.800000000000001
8274.0,0.006,1213,100,4.2
8274.5,0.006,1213,101,4.2
8275.0,0.005,1214,100,3.6
8275.5,0.003,1214,100,3.6
8276.0,0.006,1214,100,3.6
8276.5,0.005,1215,101,4.2
8277.0,0.003,1215,100,4.2
8277.5,0.005,1215,100,3.6
8278.0,0.003,1215,100,3.6
8278.5,0.002,1216,100,3.6
8279.0,0.006,1216,100,3.6
8279.5,0.003,1216,101,3.6
8280.0,0.003,1217,100,3.0
8280.5,0.003,1217,100,3.0
8281.0,0.003,1217,101,3.0
8281.5,0.002,1218,100,3.0
8282.0,0.006,1218,100,3.6
8282.5,0.003,1218,100,3.6
8283.0,0.005,1218,100,2.4000000000000004
8283.5,0.005,1219,100,1.8
8284.0,0.003,1219,101,1.8
8284.5,0.003,1219,101,1.8
8285.0,0.005,1220,100,1.8
8285.5,0.003,1220,100,1.8
8286.0,0.005,1220,99,1.8
8286.5,0.003,1221,99,1.8
8287.0,0.003,1221,98,1.8
8287.5,0.005,1221,98,1.8
8288.0,0.005,1221,98,1.2000000000000002
8288.5,0.003,1222,97,0.6000000000000001
8289.0,0.006,1222,97,0.0
8289.5,0.005,1222,97,0.0
8290.0,0.005,1223,98,0.0
8290.5,0.002,1223,98,0.0
8291.0,0.008,1223,98,0.0
8291.5,0.005,1224,98,0.0
8292.0,0.006,1224,98,0.0
8292.5,0.005,1224,98,0.0
8293.0,0.006,1224,98,0.0
8293.5,0.005,1225,99,0.0
8294.0,0.006,1225,99,0.0
8294.5,0.003,1225,100,0.6000000000000001
8295.0,0.006,1226,100,0.6000000000000001
8295.5,0.006,1226,100,0.6000000000000001
8296.0,0.005,1226,101,0.6000000000000001
8296.5,0.002,1226,100,0.6000000000000001
8297.0,0.003,1227,100,0.6000000000000001
8297.5,0.005,1227,100,0.6000000000000001
8298.0,0.006,1227,100,0.6000000000000001
8298.5,0.005,1228,99,0.6000000000000001
8299.0,0.003,1228,99,2.4000000000000004
8299.5,0.003,1228,99,3.6
8300.0,0.005,1229,99,4.2
8300.5,0.006,1229,100,4.2
8301.0,0.005,1229,100,3.6
8301.5,0.006,1230,99,3.6
8302.0,0.003,1230,99,3.6
8302.5,0.006,1230,98,3.0
8303.0,0.006,1230,99,3.6
8303.5,0.005,1231,98,3.6
8304.0,0.006,1231,98,3.6
8304.5,0.006,1231,99,4.2
8305.0,0.003,1232,99,4.2
8305.5,0.005,1232,99,4.800000000000001
8306.0,0.006,1232,100,4.800000000000001
8306.5,0.005,1232,100,4.800000000000001
8307.0,0.005,1233,100,4.2
8307.5,0.005,1233,100,4.2
8308.0,0.005,1233,100,3.6
8308.5,0.006,1234,100,3.6
8309.0,0.005,1234,100,4.2
8309.5,0.005,1234,100,4.800000000000001
8310.0,0.005,1235,100,4.2
8310.5,0.005,1235,100,4.2
8311.0,0.005,1235,100,4.2
8311.5,0.006,1236,100,3.6
8312.0,0.005,1236,100,3.6
8312.5,0.006,1236,100,3.0
8313.0,0.005,1236,100,3.0
8313.5,0.006,1237,100,3.0
8314.0,0.005,1237,100,3.0
8314.5,0.006,1237,100,3.6
8315.0,0.005,1238,100,3.6
8315.5,0.006,1238,100,3.0
8316.0,0.005,1238,100,2.4000000000000004
8316.5,0.008,1239,100,1.8
8317.0,0.006,1239,101,1.8
8317.5,0.005,1239,100,1.8
8318.0,0.006,1239,100,1.8
8318.5,0.006,1240,99,1.8
8319.0,0.006,1240,99,1.8
8319.5,0.008,1240,98,1.8
8320.0,0.005,1241,98,1.8
8320.5,0.005,1241,97,1.8
8321.0,0.006,1241,97,1.2000000000000002
8321.5,0.005,1241,97,0.6000000000000001
8322.0,0.008,1242,97,0.0
8322.5,0.011,1242,97,0.0
8323.0,0.006,1242,98,0.0
8323.5,0.005,1243,98,0.0
8324.0,0.008,1243,97,0.0
8324.5,0.008,1243,98,0.0
8325.0,0.006,1244,98,0.0
8325.5,0.008,1244,98,0.0
8326.0,0.006,1244,98,0.0
8326.5,0.006,1244,99,0.0
8327.0,0.006,1245,99,0.0
8327.5,0.006,1245,100,0.6000000000000001
8328.0,0.006,1245,100,0.6000000000000001
8328.5,0.006,1246,100,0.6000000000000001
8329.0,0.006,1247,100,0.6000000000000001
8329.5,0.006,1247,100,0.6000000000000001
8330.0,0.006,1247,99,1.8
8330.5,0.005,1248,99,3.0
8331.0,0.006,1248,99,4.2
8331.5,0.006,1248,100,4.2
8332.0,0.006,1249,100,4.2
8332.5,0.006,1249,100,3.6
8333.0,0.006,1249,100,3.6
8333.5,0.006,1250,99,3.6
8334.0,0.006,1250,99,3.0
8334.5,0.008,1250,99,3.6
8335.0,0.008,1250,99,3.6
8335.5,0.008,1251,99,4.2
8336.0,0.006,1251,100,4.2
8336.5,0.006,1251,100,4.800000000000001
8337.0,0.006,1252,100,4.800000000000001
8337.5,0.01,1252,100,4.800000000000001
8338.0,0.006,1252,101,4.800000000000001
8338.5,0.008,1253,100,4.2
8339.0,0.006,1253,100,4.2
8339.5,0.008,1253,100,3.6
8340.0,0.008,1254,100,4.2
8340.5,0.008,1254,100,4.800000000000001
8341.0,0.008,1254,100,4.2
8341.5,0.008,1254,100,4.2
8342.0,0.005,1255,100,4.2
8342.5,0.008,1255,100,4.2
8343.0,0.006,1255,100,3.6
8343.5,0.008,1256,100,3.6
8344.0,0.006,1256,101,3.0
8344.5,0.006,1256,100,3.0
8345.0,0.005,1256,100,3.0
8345.5,0.006,1257,101,3.6
8346.0,0.005,1257,100,3.6
8346.5,0.01,1257,100,3.0
8347.0,0.006,1258,100,2.4000000000000004
8347.5,0.008,1258,100,2.4000000000000004
8348.0,0.005,1258,101,1.8
8348.5,0.006,1259,101,1.8
8349.0,0.005,1259,100,1.8
8349.5,0.008,1259,100,1.8
8350.0,0.006,1260,99,1.8
8350.5,0.008,1260,98,1.8
8351.0,0.006,1260,98,1.8
8351.5,0.006,1260,97,1.8
8352.0,0.005,1261,97,1.2000000000000002
8352.5,0.01,1261,97,0.6000000000000001
8353.0,0.006,1261,97,0.0
8353.5,0.006,1262,97,0.0
8354.0,0.006,1262,98,0.0
8354.5,0.008,1262,98,0.0
8355.0,0.006,1262,98,0.0
8355.5,0.008,1263,97,0.0
8356.0,0.008,1263,98,0.0
8356.5,0.006,1263,98,0.0
8357.0,0.008,1264,98,0.0
8357.5,0.008,1264,99,0.0
8358.0,0.006,1264,99,0.6000000000000001
8358.5,0.008,1265,99,0.6000000000000001
8359.0,0.008,1265,100,0.6000000000000001
8359.5,0.006,1265,101,0.6000000000000001
8360.0,0.01,1265,100,0.6000000000000001
8360.5,0.008,1266,100,0.6000000000000001
8361.0,0.006,1266,100,0.6000000000000001
8361.5,0.006,1266,100,0.6000000000000001
8362.0,0.006,1267,100,0.6000000000000001
8362.5,0.003,1267,100,1.2000000000000002
8363.0,0.006,1267,99,2.4000000000000004
8363.5,0.006,1268,99,3.6
8364.0,0.006,1268,100,4.2
8364.5,0.008,1268,100,4.2
8365.0,0.006,1268,100,3.6
8365.5,0.005,1269,100,3.6
8366.0,0.006,1269,99,3.6
8366.5,0.008,1269,99,3.6
8367.0,0.006,1270,99,3.6
8367.5,0.008,1270,99,3.6
8368.0,0.008,1270,99,4.2
8368.5,0.006,1271,100,4.2
8369.0,0.01,1271,100,4.2
8369.5,0.008,1271,100,4.800000000000001
8370.0,0.008,1271,100,4.800000000000001
8370.5,0.008,1272,100,4.2
8371.0,0.008,1272,101,4.2
8371.5,0.006,1272,100,3.6
8372.0,0.01,1273,100,3.6
8372.5,0.01,1273,100,4.2
8373.0,0.006,1273,100,4.2
8373.5,0.008,1274,100,4.2
8374.0,0.008,1274,100,3.6
8374.5,0.006,1274,100,4.2
8375.0,0.01,1275,100,4.2
8375.5,0.008,1275,101,3.6
8376.0,0.006,1275,101,3.6
8376.5,0.006,1275,100,3.0
8377.0,0.008,1276,101,3.0
8377.5,0.006,1276,101,3.0
8378.0,0.01,1276,101,3.0
8378.5,0.005,1277,101,3.6
8379.0,0.006,1277,100,3.6
8379.5,0.008,1277,100,2.4000000000000004
8380.0,0.008,1278,101,2.4000000000000004
8380.5,0.008,1278,101,1.8
8381.0,0.01,1278,101,1.8
8381.5,0.006,1278,101,1.8
8382.0,0.006,1279,100,1.8
8382.5,0.006,1279,99,1.8
8383.0,0.008,1279,99,1.8
8383.5,0.008,1280,98,1.8
8384.0,0.01,1280,98,1.8
8384.5,0.008,1280,98,1.8
8385.0,0.008,1280,98,0.6000000000000001
8385.5,0.01,1281,98,0.0
8386.0,0.01,1281,98,0.0
8386.5,0.006,1281,98,0.0
8387.0,0.008,1282,98,0.0
8387.5,0.008,1282,99,0.0
8388.0,0.008,1282,98,0.0
8388.5,0.008,1283,98,0.0
8389.0,0.008,1283,98,0.0
8389.5,0.008,1283,99,0.0
8390.0,0.011,1284,99,0.0
8390.5,0.01,1284,99,0.0
8391.0,0.01,1284,100,0.6000000000000001
8391.5,0.008,1284,100,0.6000000000000001
8392.0,0.008,1285,101,0.6000000000000001
8392.5,0.006,1285,101,0.6000000000000001
8393.0,0.01,1285,101,0.6000000000000001
8393.5,0.008,1286,100,0.6000000000000001
8394.0,0.008,1286,100,0.6000000000000001
8394.5,0.006,1286,100,0.6000000000000001
8395.0,0.008,1286,100,0.6000000000000001
8395.5,0.006,1287,99,2.4000000000000004
8396.0,0.008,1287,99,3.6
8396.5,0.008,1287,100,4.2
8397.0,0.008,1288,100,4.2
8397.5,0.008,1288,100,4.2
8398.0,0.008,1288,100,3.6
8398.5,0.008,1290,99,3.6
8399.0,0.008,1290,99,4.2
8399.5,0.008,1290,100,4.2
8400.0,0.01,1291,100,4.800000000000001
8400.5,0.008,1291,100,4.800000000000001
8401.0,0.01,1291,100,4.800000000000001
8401.5,0.01,1292,101,3.6
8402.0,0.008,1292,100,3.6
8402.5,0.006,1292,100,3.6
8403.0,0.011,1293,100,3.6
8403.5,0.008,1293,100,3.6
8404.0,0.008,1293,100,4.2
8404.5,0.008,1293,100,3.6
8405.0,0.008,1294,100,3.6
8405.5,0.006,1294,100,4.2
8406.0,0.01,1294,101,3.6
8406.5,0.01,1295,101,3.6
8407.0,0.006,1295,101,3.0
8407.5,0.01,1295,100,3.0
8408.0,0.008,1296,101,3.0
8408.5,0.006,1296,101,3.0
8409.0,0.01,1296,101,3.6
8409.5,0.008,1296,101,3.6
8410.0,0.005,1297,101,2.4000000000000004
8410.5,0.008,1297,101,1.8
8411.0,0.006,1297,101,1.8
8411.5,0.005,1298,102,1.8
8412.0,0.01,1298,101,1.8
8412.5,0.006,1298,101,1.2000000000000002
8413.0,0.005,1299,100,1.2000000000000002
8413.5,0.008,1299,99,1.8
8414.0,0.011,1299,99,1.8
8414.5,0.006,1299,98,1.8
8415.0,0.01,1300,98,1.2000000000000002
8415.5,0.008,1300,98,1.2000000000000002
8416.0,0.006,1300,98,0.0
8416.5,0.01,1301,98,0.0
8417.0,0.01,1301,99,0.0
8417.5,0.006,1301,99,0.0
8418.0,0.006,1302,99,0.0
8418.5,0.008,1302,99,0.0
8419.0,0.008,1302,99,0.0
8419.5,0.01,1302,98,0.0
8420.0,0.01,1303,99,0.0
8420.5,0.006,1303,100,0.0
8421.0,0.008,1303,100,0.6000000000000001
8421.5,0.008,1304,100,0.6000000000000001
8422.0,0.008,1304,101,0.6000000000000001
8422.5,0.008,1304,101,0.6000000000000001
8423.0,0.006,1305,101,0.6000000000000001
8423.5,0.006,1305,101,0.6000000000000001
8424.0,0.01,1305,100,0.6000000000000001
8424.5,0.008,1305,100,0.6000000000000001
8425.0,0.005,1306,100,0.6000000000000001
8425.5,0.006,1306,100,0.6000000000000001
8426.0,0.006,1306,99,2.4000000000000004
8426.5,0.005,1307,99,3.6
8427.0,0.008,1307,100,4.2
8427.5,0.01,1307,101,4.2
8428.0,0.005,1308,100,3.6
8428.5,0.008,1308,100,3.6
8429.0,0.006,1308,100,3.6
8429.5,0.006,1309,99,3.0
8430.0,0.005,1309,99,3.0
8430.5,0.01,1309,99,3.6
8431.0,0.006,1309,99,3.6
8431.5,0.01,1310,99,3.6
8432.0,0.005,1310,100,4.2
8432.5,0.008,1310,100,4.2
8433.0,0.006,1311,100,4.800000000000001
8433.5,0.008,1311,100,4.2
8434.0,0.005,1311,101,4.2
8434.5,0.008,1312,100,3.6
8435.0,0.005,1312,100,3.6
8435.5,0.008,1312,100,3.6
8436.0,0.006,1312,100,3.6
8436.5,0.01,1313,100,4.2
8437.0,0.008,1313,100,3.6
8437.5,0.011,1313,100,3.6
8438.0,0.008,1314,100,3.6
8438.5,0.008,1314,101,3.6
8439.0,0.006,1314,100,3.0
8439.5,0.008,1315,100,3.0
8440.0,0.005,1315,101,3.0
8440.5,0.013,1315,100,3.0
8441.0,0.008,1315,101,3.0
8441.5,0.006,1316,101,3.6
8442.0,0.006,1316,100,3.0
8442.5,0.008,1316,100,3.0
8443.0,0.005,1317,100,2.4000000000000004
8443.5,0.011,1317,100,1.8
8444.0,0.006,1317,101,1.8
8444.5,0.008,1318,100,1.8
8445.0,0.006,1318,100,1.8
8445.5,0.008,1318,99,1.2000000000000002
8446.0,0.006,1318,99,1.2000000000000002
8446.5,0.01,1319,99,1.8
8447.0,0.006,1319,98,1.8
8447.5,0.006,1319,98,1.8
8448.0,0.006,1320,98,0.6000000000000001
8448.5,0.006,1320,98,0.0
8449.0,0.006,1320,98,0.0
8449.5,0.01,1321,98,0.0
8450.0,0.01,1321,98,0.0
8450.5,0.008,1321,98,0.0
8451.0,0.006,1321,98,0.0
8451.5,0.008,1322,98,0.0
8452.0,0.008,1322,98,0.0
8452.5,0.008,1322,98,0.0
8453.0,0.008,1323,99,0.0
8453.5,0.008,1323,99,0.0
8454.0,0.01,1323,99,0.6000000000000001
8454.5,0.01,1323,100,0.6000000000000001
8455.0,0.006,1324,100,0.6000000000000001
8455.5,0.008,1324,101,0.6000000000000001
8456.0,0.01,1324,101,0.6000000000000001
8456.5,0.008,1325,100,0.6000000000000001
8457.0,0.006,1325,100,0.6000000000000001
8457.5,0.01,1325,100,0.6000000000000001
8458.0,0.006,1326,100,0.6000000000000001
8458.5,0.008,1326,99,1.8
8459.0,0.008,1326,99,3.6
8459.5,0.006,1327,99,4.2
8460.0,0.006,1327,100,4.2
8460.5,0.008,1327,100,4.2
8461.0,0.006,1327,100,3.6
8461.5,0.006,1328,100,3.6
8462.0,0.008,1328,99,3.6
8462.5,0.008,1328,99,3.6
8463.0,0.008,1329,99,3.6
8463.5,0.008,1329,99,3.6
8464.0,0.006,1329,99,4.2
8464.5,0.008,1329,100,3.6
8465.0,0.01,1330,100,4.800000000000001
8465.5,0.008,1330,100,4.800000000000001
8466.0,0.006,1330,100,4.800000000000001
8466.5,0.011,1331,100,4.2
8467.0,0.008,1331,100,3.6
8467.5,0.008,1331,100,3.6
8468.0,0.008,1332,100,3.6
8468.5,0.006,1332,100,3.6
8469.0,0.01,1332,100,4.2
8469.5,0.01,1333,100,3.6
8470.0,0.008,1333,100,3.6
8470.5,0.008,1333,100,3.6
8471.0,0.01,1333,100,3.6
8471.5,0.01,1334,100,3.6
8472.0,0.01,1334,101,3.6
8472.5,0.01,1334,100,3.0
8473.0,0.008,1335,101,3.0
8473.5,0.006,1335,101,3.0
8474.0,0.01,1335,101,3.0
8474.5,0.008,1336,101,3.6
8475.0,0.008,1336,101,3.0
8475.5,0.01,1336,101,2.4000000000000004
8476.0,0.01,1336,101,1.8
8476.5,0.006,1337,101,1.8
8477.0,0.008,1337,101,1.8
8477.5,0.006,1337,100,1.8
8478.0,0.008,1338,100,1.8
8478.5,0.008,1338,99,1.8
8479.0,0.008,1338,99,1.8
8479.5,0.01,1339,98,1.8
8480.0,0.008,1339,98,1.8
8480.5,0.008,1339,98,1.2000000000000002
8481.0,0.01,1339,98,0.6000000000000001
8481.5,0.006,1340,98,0.0
8482.0,0.01,1340,98,0.0
8482.5,0.008,1340,98,0.0
8483.0,0.01,1341,98,0.0
8483.5,0.008,1341,98,0.0
8484.0,0.01,1341,98,0.0
8484.5,0.008,1342,98,0.0
8485.0,0.008,1342,98,0.0
8485.5,0.008,1342,98,0.0
8486.0,0.008,1342,99,0.0
8486.5,0.008,1343,99,0.6000000000000001
8487.0,0.01,1343,100,0.6000000000000001
8487.5,0.008,1343,100,0.6000000000000001
8488.0,0.008,1344,101,0.6000000000000001
8488.5,0.008,1344,101,0.6000000000000001
8489.0,0.01,1344,100,0.6000000000000001
8489.5,0.008,1345,100,0.6000000000000001
8490.0,0.008,1345,100,0.6000000000000001
8490.5,0.006,1345,100,0.6000000000000001
8491.0,0.006,1345,99,1.2000000000000002
8491.5,0.006,1346,99,3.0
8492.0,0.008,1346,99,3.6
8492.5,0.01,1346,100,4.2
8493.0,0.006,1347,100,3.6
8493.5,0.008,1347,100,3.6
8494.0,0.006,1347,99,3.6
8494.5,0.006,1348,99,3.0
8495.0,0.006,1348,99,3.0
8495.5,0.006,1348,98,3.6
8496.0,0.006,1348,98,3.6
8496.5,0.008,1349,98,4.2
8497.0,0.008,1349,99,4.2
8497.5,0.008,1349,99,4.2
8498.0,0.006,1350,99,4.800000000000001
8498.5,0.008,1350,100,4.800000000000001
8499.0,0.006,1350,100,4.800000000000001
8499.5,0.01,1351,100,4.2
8500.0,0.006,1351,100,3.6
8500.5,0.01,1351,99,3.6
8501.0,0.006,1351,100,3.6
8501.5,0.008,1352,100,4.2
8502.0,0.006,1352,100,4.2
8502.5,0.008,1352,99,3.6
8503.0,0.008,1353,100,3.6
8503.5,0.008,1353,100,3.6
8504.0,0.008,1353,100,3.6
8504.5,0.006,1353,101,3.6
8505.0,0.006,1354,101,3.0
8505.5,0.008,1354,100,3.0
8506.0,0.006,1354,101,3.0
8506.5,0.01,1355,100,3.0
8507.0,0.008,1355,100,3.6
8507.5,0.006,1355,100,3.0
8508.0,0.006,1356,100,2.4000000000000004
8508.5,0.01,1356,100,1.8
8509.0,0.006,1356,101,1.8
8509.5,0.006,1357,101,1.8
8510.0,0.005,1357,100,1.8
8510.5,0.006,1357,100,1.8
8511.0,0.006,1357,99,1.8
8511.5,0.008,1358,99,1.8
8512.0,0.006,1358,98,1.8
8512.5,0.006,1358,97,1.8
8513.0,0.006,1359,97,1.2000000000000002
8513.5,0.006,1359,97,0.6000000000000001
8514.0,0.008,1359,97,0.0
8514.5,0.006,1360,98,0.0
8515.0,0.006,1360,98,0.0
8515.5,0.005,1360,98,0.0
8516.0,0.006,1360,98,0.0
8516.5,0.006,1361,98,0.0
8517.0,0.006,1361,98,0.0
8517.5,0.006,1361,97,0.0
8518.0,0.006,1362,98,0.0
8518.5,0.003,1362,99,0.0
8519.0,0.01,1362,99,0.0
8519.5,0.006,1362,99,0.6000000000000001
8520.0,0.006,1363,100,0.6000000000000001
8520.5,0.008,1363,100,0.6000000000000001
8521.0,0.006,1363,100,0.6000000000000001
8521.5,0.006,1364,100,0.6000000000000001
8522.0,0.008,1364,100,0.6000000000000001
8522.5,0.006,1364,99,0.6000000000000001
8523.0,0.005,1365,99,0.6000000000000001
8523.5,0.006,1365,99,0.6000000000000001
8524.0,0.005,1365,99,2.4000000000000004
8524.5,0.003,1365,98,3.6
8525.0,0.01,1366,99,4.2
8525.5,0.005,1366,100,4.2
8526.0,0.003,1366,99,4.2
8526.5,0.005,1367,99,3.6
8527.0,0.005,1367,99,3.6
8527.5,0.005,1367,98,3.6
8528.0,0.008,1368,98,3.6
8528.5,0.005,1368,98,3.6
8529.0,0.005,1368,98,3.6
8529.5,0.006,1368,99,4.2
8530.0,0.005,1369,99,4.2
8530.5,0.003,1369,99,4.800000000000001
8531.0,0.008,1369,100,4.800000000000001
8531.5,0.005,1370,100,4.800000000000001
8532.0,0.005,1370,100,4.2
8532.5,0.005,1370,100,4.2
8533.0,0.005,1371,100,3.6
8533.5,0.003,1371,100,3.6
8534.0,0.008,1371,99,4.2
8534.5,0.003,1372,100,4.800000000000001
8535.0,0.005,1372,100,4.2
8535.5,0.005,1372,99,4.2
8536.0,0.005,1372,100,4.2
8536.5,0.005,1373,100,4.2
8537.0,0.006,1373,100,3.6
8537.5,0.006,1373,100,3.0
8538.0,0.005,1374,100,3.0
8538.5,0.005,1374,100,3.0
8539.0,0.005,1374,100,3.0
8539.5,0.005,1374,100,3.6
8540.0,0.008,1375,100,3.6
8540.5,0.006,1375,100,2.4000000000000004
8541.0,0.006,1375,100,2.4000000000000004
8541.5,0.003,1376,101,1.8
8542.0,0.005,1376,101,1.8
8542.5,0.003,1376,101,1.8
8543.0,0.006,1377,100,1.8
8543.5,0.003,1377,99,1.8
8544.0,0.005,1377,99,1.8
8544.5,0.003,1377,99,1.8
8545.0,0.006,1378,98,1.8
8545.5,0.003,1378,98,1.8
8546.0,0.006,1378,98,1.2000000000000002
8546.5,0.005,1379,98,0.6000000000000001
8547.0,0.005,1379,98,0.0
8547.5,0.005,1379,98,0.0
8548.0,0.005,1380,99,0.0
8548.5,0.003,1380,99,0.0
8549.0,0.006,1380,98,0.0
8549.5,0.006,1380,99,0.0
8550.0,0.005,1381,99,0.0
8550.5,0.006,1381,98,0.0
8551.0,0.003,1381,99,0.0
8551.5,0.002,1382,100,0.0
8552.0,0.005,1382,100,0.6000000000000001
8552.5,0.005,1382,101,0.6000000000000001
8553.0,0.003,1383,101,0.6000000000000001
8553.5,0.005,1383,101,0.6000000000000001
8554.0,0.005,1383,102,0.6000000000000001
8554.5,0.005,1383,101,0.6000000000000001
8555.0,0.003,1384,100,0.6000000000000001
8555.5,0.005,1384,100,0.6000000000000001
8556.0,0.003,1384,100,0.6000000000000001
8556.5,0.003,1385,100,1.8
8557.0,0.003,1385,99,3.6
8557.5,0.006,1385,100,3.6
8558.0,0.003,1386,100,4.2
8558.5,0.003,1386,100,3.6
8559.0,0.002,1386,100,3.6
8559.5,0.003,1386,100,3.6
8560.0,0.002,1387,99,3.0
8560.5,0.002,1387,99,3.0
8561.0,0.003,1387,99,3.0
8561.5,0.005,1388,99,3.6
8562.0,0.003,1388,99,4.2
8562.5,0.005,1388,100,4.2
8563.0,0.003,1389,99,4.2
8563.5,0.002,1389,100,4.800000000000001
8564.0,0.003,1389,100,4.800000000000001
8564.5,0.003,1389,100,4.2
8565.0,0.002,1390,100,4.2
8565.5,0.005,1390,100,3.6
8566.0,0.005,1390,100,3.6
8566.5,0.003,1391,100,4.2
8567.0,0.003,1391,100,4.2
8567.5,0.003,1391,100,4.2
8568.0,0.003,1392,100,4.2
8568.5,0.006,1392,100,4.2
8569.0,0.003,1392,100,4.2
8569.5,0.003,1392,100,3.6
8570.0,0.003,1393,101,3.6
8570.5,0.005,1393,101,3.0
8571.0,0.003,1393,101,3.0
8571.5,0.006,1394,101,3.0
8572.0,0.003,1394,101,3.6
8572.5,0.003,1394,101,3.6
8573.0,0.003,1395,101,3.0
8573.5,0.005,1395,101,2.4000000000000004
8574.0,0.003,1395,101,1.8
8574.5,0.005,1396,101,1.8
8575.0,0.002,1396,101,1.8
8575.5,0.003,1396,101,1.8
8576.0,0.0,1396,100,1.8
8576.5,0.002,1397,99,1.8
8577.0,0.002,1397,99,1.8
8577.5,0.003,1397,98,1.8
8578.0,0.003,1398,98,1.8
8578.5,0.002,1398,98,1.2000000000000002
8579.0,0.002,1398,98,0.6000000000000001
8579.5,0.005,1399,98,0.0
8580.0,0.003,1399,98,0.0
8580.5,0.005,1399,98,0.0
8581.0,0.006,1399,98,0.0
8581.5,0.003,1400,98,0.0
8582.0,0.002,1400,98,0.0
8582.5,0.005,1400,98,0.0
8583.0,0.005,1401,99,0.0
8583.5,0.008,1401,99,0.0
8584.0,0.005,1401,99,0.0
8584.5,0.003,1401,100,0.6000000000000001
8585.0,0.002,1402,100,0.6000000000000001
8585.5,0.005,1402,101,0.6000000000000001
8586.0,0.005,1402,101,0.6000000000000001
8586.5,0.005,1403,101,0.6000000000000001
8587.0,0.003,1403,101,0.6000000000000001
8587.5,0.003,1403,100,0.6000000000000001
8588.0,0.003,1404,100,0.6000000000000001
8588.5,0.003,1404,100,0.6000000000000001
8589.0,0.003,1404,100,1.2000000000000002
8589.5,0.005,1405,99,3.0
8590.0,0.005,1405,100,3.6
8590.5,0.002,1405,100,3.6
8591.0,0.003,1405,100,4.2
8591.5,0.005,1406,100,3.6
8592.0,0.002,1406,100,3.6
8592.5,0.006,1406,99,3.0
8593.0,0.003,1407,99,3.0
8593.5,0.002,1407,99,3.6
8594.0,0.003,1407,99,3.6
8594.5,0.002,1408,99,3.6
8595.0,0.003,1408,99,3.6
8595.5,0.003,1408,99,4.2
8596.0,0.006,1408,100,4.800000000000001
8596.5,0.005,1409,100,4.800000000000001
8597.0,0.002,1409,100,4.2
8597.5,0.003,1409,100,4.2
8598.0,0.003,1410,100,3.6
8598.5,0.003,1410,100,3.6
8599.0,0.005,1410,99,3.6
8599.5,0.003,1411,100,4.2
8600.0,0.003,1411,100,4.2
8600.5,0.005,1411,100,3.6
8601.0,0.003,1411,100,4.2
8601.5,0.003,1412,100,4.2
8602.0,0.005,1412,100,3.6
8602.5,0.005,1412,100,3.6
8603.0,0.005,1413,100,3.0
8603.5,0.005,1413,100,3.0
8604.0,0.005,1413,100,3.0
8604.5,0.003,1414,100,3.6
8605.0,0.008,1414,100,3.6
8605.5,0.006,1414,100,3.6
8606.0,0.005,1414,100,2.4000000000000004
8606.5,0.005,1415,100,2.4000000000000004
8607.0,0.005,1415,100,1.8
8607.5,0.003,1415,101,1.8
8608.0,0.006,1416,100,1.8
8608.5,0.005,1416,100,1.8
8609.0,0.003,1416,99,1.8
8609.5,0.005,1417,99,1.8
8610.0,0.003,1417,98,1.8
8610.5,0.002,1417,98,1.8
8611.0,0.005,1417,98,1.2000000000000002
8611.5,0.003,1418,98,0.6000000000000001
8612.0,0.005,1418,98,0.0
8612.5,0.005,1418,98,0.0
8613.0,0.005,1419,98,0.0
8613.5,0.002,1419,98,0.0
8614.0,0.005,1419,98,0.0
8614.5,0.005,1420,98,0.0
8615.0,0.006,1420,98,0.0
8615.5,0.005,1420,98,0.0
8616.0,0.005,1420,99,0.0
8616.5,0.003,1421,99,0.0
8617.0,0.005,1421,99,0.0
8617.5,0.005,1421,100,0.6000000000000001
8618.0,0.006,1422,100,0.6000000000000001
8618.5,0.005,1422,101,0.6000000000000001
8619.0,0.006,1422,101,0.6000000000000001
8619.5,0.005,1423,101,0.6000000000000001
8620.0,0.005,1423,100,0.6000000000000001
8620.5,0.005,1423,100,0.6000000000000001
8621.0,0.006,1423,100,0.0
8621.5,0.005,1424,100,0.6000000000000001
8622.0,0.005,1424,99,2.4000000000000004
8622.5,0.005,1424,99,3.6
8623.0,0.006,1425,100,4.2
8623.5,0.006,1425,101,3.6
8624.0,0.006,1425,100,3.6
8624.5,0.005,1425,100,3.6
8625.0,0.005,1426,100,3.0
8625.5,0.005,1426,99,3.0
8626.0,0.005,1426,99,3.0
8626.5,0.003,1427,99,3.6
8627.0,0.008,1427,99,3.6
8627.5,0.005,1427,100,3.6
8628.0,0.003,1428,100,4.2
8628.5,0.006,1428,100,4.800000000000001
8629.0,0.005,1428,100,4.800000000000001
8629.5,0.003,1429,100,4.2
8630.0,0.006,1429,101,3.6
8630.5,0.005,1429,100,3.6
8631.0,0.005,1429,100,3.6
8631.5,0.005,1430,100,3.6
8632.0,0.005,1430,100,3.6
8632.5,0.005,1431,101,4.2
8633.0,0.005,1432,100,3.6
8633.5,0.005,1432,100,3.0
8634.0,0.005,1432,101,3.0
8634.5,0.008,1432,101,3.0
8635.0,0.008,1433,101,3.0
8635.5,0.005,1433,101,3.0
8636.0,0.003,1433,101,3.6
8636.5,0.006,1434,100,3.0
8637.0,0.006,1434,100,2.4000000000000004
8637.5,0.006,1434,100,1.8
8638.0,0.008,1435,101,1.8
8638.5,0.006,1435,101,1.8
8639.0,0.005,1435,100,1.2000000000000002
8639.5,0.005,1435,100,1.8
8640.0,0.005,1436,99,1.8
8640.5,0.005,1436,99,1.2000000000000002
8641.0,0.005,1436,99,1.8
8641.5,0.003,1437,98,1.8
8642.0,0.003,1437,98,1.8
8642.5,0.003,1437,98,1.2000000000000002
8643.0,0.005,1438,98,0.0
8643.5,0.005,1438,98,0.0
8644.0,0.006,1438,98,0.0
8644.5,0.003,1439,99,0.0
8645.0,0.006,1439,99,0.0
8645.5,0.005,1439,98,0.0
8646.0,0.005,1439,99,0.0
8646.5,0.005,1440,98,0.0
8647.0,0.008,1440,99,0.0
8647.5,0.005,1440,99,0.0
8648.0,0.006,1441,99,0.0
8648.5,0.006,1441,100,0.6000000000000001
8649.0,0.006,1441,101,0.6000000000000001
8649.5,0.006,1441,101,0.6000000000000001
8650.0,0.006,1442,101,0.6000000000000001
8650.5,0.003,1442,101,0.6000000000000001
8651.0,0.008,1442,100,0.6000000000000001
8651.5,0.006,1443,100,0.6000000000000001
8652.0,0.005,1443,100,0.6000000000000001
8652.5,0.005,1443,100,0.6000000000000001
8653.0,0.005,1444,99,2.4000000000000004
8653.5,0.005,1444,99,3.6
8654.0,0.008,1444,100,4.2
8654.5,0.006,1445,100,4.2
8655.0,0.006,1445,100,3.6
8655.5,0.006,1445,100,3.6
8656.0,0.006,1445,100,3.0
8656.5,0.003,1446,99,3.0
8657.0,0.008,1446,99,3.0
8657.5,0.006,1446,99,3.0
8658.0,0.005,1447,99,4.2
8658.5,0.003,1447,100,4.2
8659.0,0.003,1448,100,4.2
8659.5,0.01,1448,100,4.800000000000001
8660.0,0.006,1448,100,4.2
8660.5,0.006,1448,100,3.6
8661.0,0.005,1449,100,3.6
8661.5,0.005,1449,100,3.6
8662.0,0.005,1449,100,3.6
8662.5,0.01,1450,100,3.6
8663.0,0.005,1450,100,4.2
8663.5,0.003,1450,100,3.6
8664.0,0.006,1450,100,4.2
8664.5,0.006,1451,100,4.2
8665.0,0.005,1451,100,3.6
8665.5,0.008,1451,100,3.6
8666.0,0.006,1452,100,3.0
8666.5,0.003,1452,100,3.0
8667.0,0.005,1452,100,3.0
8667.5,0.008,1453,101,3.0
8668.0,0.005,1453,100,3.0
8668.5,0.006,1453,100,3.6
8669.0,0.008,1454,100,3.0
8669.5,0.005,1454,100,2.4000000000000004
8670.0,0.005,1454,101,1.8
8670.5,0.005,1454,101,1.8
8671.0,0.003,1455,101,1.8
8671.5,0.003,1455,100,1.8
8672.0,0.005,1455,99,1.8
8672.5,0.005,1456,99,1.2000000000000002
8673.0,0.005,1456,98,1.2000000000000002
8673.5,0.005,1456,98,1.8
8674.0,0.003,1457,98,1.8
8674.5,0.003,1457,98,1.2000000000000002
8675.0,0.005,1457,98,0.6000000000000001
8675.5,0.005,1457,98,0.0
8676.0,0.006,1458,98,0.0
8676.5,0.006,1458,98,0.0
8677.0,0.005,1458,98,0.0
8677.5,0.005,1459,97,0.0
8678.0,0.006,1459,98,0.0
8678.5,0.005,1459,97,0.0
8679.0,0.005,1459,98,0.0
8679.5,0.006,1460,98,0.0
8680.0,0.005,1460,99,0.0
8680.5,0.006,1460,99,0.6000000000000001
8681.0,0.008,1461,100,0.6000000000000001
8681.5,0.006,1461,100,0.6000000000000001
8682.0,0.008,1461,100,0.6000000000000001
8682.5,0.005,1462,100,0.6000000000000001
8683.0,0.005,1462,100,0.6000000000000001
8683.5,0.005,1462,100,0.6000000000000001
8684.0,0.006,1462,99,0.6000000000000001
8684.5,0.005,1463,99,0.6000000000000001
8685.0,0.005,1463,99,1.8
8685.5,0.006,1463,98,3.6
8686.0,0.006,1464,99,4.2
8686.5,0.006,1464,99,4.2
8687.0,0.005,1464,99,3.6
8687.5,0.005,1465,99,3.6
8688.0,0.003,1465,99,3.6
8688.5,0.005,1465,98,3.0
8689.0,0.005,1465,98,3.0
8689.5,0.003,1466,98,3.6
8690.0,0.006,1466,98,3.6
8690.5,0.005,1466,98,4.2
8691.0,0.006,1467,99,4.2
8691.5,0.005,1467,99,4.800000000000001
8692.0,0.005,1467,99,4.800000000000001
8692.5,0.003,1468,100,4.800000000000001
8693.0,0.006,1468,100,4.800000000000001
8693.5,0.005,1468,100,4.2
8694.0,0.008,1468,100,3.6
8694.5,0.008,1469,99,3.6
8695.0,0.003,1469,100,4.2
8695.5,0.005,1469,99,4.2
8696.0,0.006,1470,100,4.2
8696.5,0.006,1470,99,3.6
8697.0,0.006,1470,100,4.2
8697.5,0.006,1471,100,3.6
8698.0,0.005,1471,100,3.6
8698.5,0.006,1471,101,3.6
8699.0,0.008,1471,100,3.0
8699.5,0.005,1472,100,3.0
8700.0,0.005,1472,100,3.0
8700.5,0.008,1472,100,3.0
8701.0,0.005,1473,100,3.6
8701.5,0.005,1473,100,3.0
8702.0,0.008,1473,100,2.4000000000000004
8702.5,0.006,1474,101,2.4000000000000004
8703.0,0.006,1474,101,1.8
8703.5,0.008,1474,101,1.8
8704.0,0.005,1474,100,1.8
8704.5,0.003,1475,100,1.8
8705.0,0.006,1475,99,1.8
8705.5,0.008,1475,99,1.8
8706.0,0.003,1476,98,1.8
8706.5,0.005,1476,97,1.8
8707.0,0.006,1476,98,1.2000000000000002
8707.5,0.003,1477,97,0.6000000000000001
8708.0,0.005,1477,98,0.0
8708.5,0.006,1477,97,0.0
8709.0,0.005,1477,98,0.0
8709.5,0.005,1478,98,0.0
8710.0,0.006,1478,98,0.0
8710.5,0.005,1478,98,0.0
8711.0,0.003,1479,98,0.0
8711.5,0.006,1479,98,0.0
8712.0,0.005,1479,98,0.0
8712.5,0.006,1479,99,0.0
8713.0,0.008,1480,99,0.6000000000000001
8713.5,0.005,1480,100,0.6000000000000001
8714.0,0.005,1480,101,0.6000000000000001
8714.5,0.006,1481,101,0.6000000000000001
8715.0,0.005,1481,101,0.6000000000000001
8715.5,0.008,1481,101,0.6000000000000001
8716.0,0.006,1482,100,0.6000000000000001
8716.5,0.005,1482,100,0.6000000000000001
8717.0,0.005,1482,100,0.6000000000000001
8717.5,0.008,1483,100,0.6000000000000001
8718.0,0.003,1483,99,2.4000000000000004
8718.5,0.006,1483,99,4.2
8719.0,0.006,1483,100,4.2
8719.5,0.005,1484,100,4.2
8720.0,0.005,1484,100,3.6
8720.5,0.006,1484,100,3.6
8721.0,0.005,1485,99,3.0
8721.5,0.006,1485,99,3.0
8722.0,0.005,1485,99,3.0
8722.5,0.005,1486,99,3.6
8723.0,0.005,1486,99,3.6
8723.5,0.006,1486,100,4.2
8724.0,0.005,1486,100,4.2
8724.5,0.005,1487,100,4.800000000000001
8725.0,0.005,1487,100,4.800000000000001
8725.5,0.003,1487,100,4.800000000000001
8726.0,0.005,1488,100,4.2
8726.5,0.003,1488,100,4.2
8727.0,0.005,1488,100,3.6
8727.5,0.008,1489,100,3.6
8728.0,0.003,1489,100,4.2
8728.5,0.005,1489,101,4.2
8729.0,0.006,1489,99,3.6
8729.5,0.003,1490,100,3.6
8730.0,0.005,1490,100,3.6
8730.5,0.01,1490,100,3.6
8731.0,0.006,1491,100,3.6
8731.5,0.003,1491,101,3.0
8732.0,0.005,1491,101,3.0
8732.5,0.005,1492,100,3.0
8733.0,0.003,1492,101,3.0
8733.5,0.008,1492,101,3.6
8734.0,0.006,1493,100,3.6
8734.5,0.005,1493,100,2.4000000000000004
8735.0,0.005,1493,100,2.4000000000000004
8735.5,0.005,1493,101,1.8
8736.0,0.005,1494,101,1.8
8736.5,0.008,1494,100,1.8
8737.0,0.005,1494,100,1.2000000000000002
8737.5,0.005,1495,99,1.2000000000000002
8738.0,0.003,1495,99,1.2000000000000002
8738.5,0.005,1495,98,1.2000000000000002
8739.0,0.003,1495,98,1.8
8739.5,0.005,1496,97,1.2000000000000002
8740.0,0.005,1496,97,0.6000000000000001
8740.5,0.003,1496,97,0.0
8741.0,0.003,1497,98,0.0
8741.5,0.003,1497,98,0.0
8742.0,0.003,1497,98,0.0
8742.5,0.005,1498,98,0.0
8743.0,0.006,1498,98,0.0
8743.5,0.005,1498,98,0.0
8744.0,0.005,1498,97,0.0
8744.5,0.003,1499,98,0.0
8745.0,0.003,1499,99,0.0
8745.5,0.005,1499,99,0.0
8746.0,0.006,1500,100,0.6000000000000001
8746.5,0.003,1500,100,0.6000000000000001
8747.0,0.008,1500,100,0.6000000000000001
8747.5,0.003,1501,101,0.6000000000000001
8748.0,0.005,1501,100,0.6000000000000001
8748.5,0.005,1501,100,0.6000000000000001
8749.0,0.005,1501,100,0.6000000000000001
8749.5,0.003,1502,100,0.0
8750.0,0.005,1502,99,0.6000000000000001
8750.5,0.005,1502,99,1.8
8751.0,0.006,1503,99,3.6
8751.5,0.005,1503,99,4.2
8752.0,0.005,1504,99,3.6
8752.5,0.005,1504,99,3.0
8753.0,0.005,1505,99,3.0
8753.5,0.005,1505,99,3.6
8754.0,0.005,1505,99,3.6
8754.5,0.006,1506,99,4.2
8755.0,0.006,1506,99,4.2
8755.5,0.003,1506,99,4.800000000000001
8756.0,0.003,1507,100,4.800000000000001
8756.5,0.005,1507,100,4.800000000000001
8757.0,0.005,1507,100,4.2
8757.5,0.006,1507,100,3.6
8758.0,0.003,1508,100,3.6
8758.5,0.006,1508,100,3.6
8759.0,0.005,1508,100,4.2
8759.5,0.005,1509,100,4.2
8760.0,0.005,1509,100,3.6
8760.5,0.006,1509,99,4.2
8761.0,0.005,1510,100,4.2
8761.5,0.003,1510,100,3.6
8762.0,0.005,1510,100,3.6
8762.5,0.006,1510,100,3.0
8763.0,0.005,1511,101,3.0
8763.5,0.006,1511,100,3.0
8764.0,0.005,1511,101,3.0
8764.5,0.003,1512,101,3.6
8765.0,0.006,1512,100,3.6
8765.5,0.006,1512,100,3.0
8766.0,0.006,1513,100,2.4000000000000004
8766.5,0.008,1513,101,2.4000000000000004
8767.0,0.005,1513,101,1.8
8767.5,0.005,1513,101,1.8
8768.0,0.005,1514,100,1.8
8768.5,0.006,1514,100,1.8
8769.0,0.005,1514,99,1.8
8769.5,0.008,1515,99,1.8
8770.0,0.003,1515,98,1.8
8770.5,0.003,1515,98,1.8
8771.0,0.005,1516,98,1.2000000000000002
8771.5,0.006,1516,98,0.6000000000000001
8772.0,0.005,1516,98,0.0
8772.5,0.006,1516,98,0.0
8773.0,0.003,1517,98,0.0
8773.5,0.003,1517,98,0.0
8774.0,0.005,1517,98,0.0
8774.5,0.005,1518,98,0.0
8775.0,0.005,1518,98,0.0
8775.5,0.006,1518,98,0.0
8776.0,0.006,1518,98,0.0
8776.5,0.005,1519,99,0.0
8777.0,0.005,1519,99,0.6000000000000001
8777.5,0.005,1519,100,0.6000000000000001
8778.0,0.006,1520,101,0.6000000000000001
8778.5,0.006,1520,100,0.6000000000000001
8779.0,0.006,1520,101,0.6000000000000001
8779.5,0.005,1521,100,0.6000000000000001
8780.0,0.005,1521,100,0.6000000000000001
8780.5,0.006,1521,100,0.6000000000000001
8781.0,0.006,1522,100,0.6000000000000001
8781.5,0.005,1522,99,1.8
8782.0,0.005,1522,99,3.6
8782.5,0.005,1522,100,4.2
8783.0,0.008,1523,100,4.2
8783.5,0.005,1523,100,4.2
8784.0,0.006,1523,100,3.6
8784.5,0.006,1524,100,3.6
8785.0,0.008,1524,99,3.6
8785.5,0.005,1524,99,3.6
8786.0,0.008,1525,99,3.6
8786.5,0.005,1525,99,3.6
8787.0,0.006,1525,99,4.2
8787.5,0.005,1525,100,3.6
8788.0,0.006,1526,100,4.800000000000001
8788.5,0.005,1526,100,4.800000000000001
8789.0,0.008,1526,100,4.800000000000001
8789.5,0.003,1527,100,4.2
8790.0,0.005,1527,100,4.2
8790.5,0.003,1527,100,3.6
8791.0,0.005,1528,100,3.6
8791.5,0.003,1528,100,3.6
8792.0,0.006,1528,100,4.2
8792.5,0.003,1528,100,4.2
8793.0,0.003,1529,100,3.6
8793.5,0.003,1529,100,4.2
8794.0,0.005,1529,100,3.6
8794.5,0.003,1530,100,3.6
8795.0,0.005,1530,101,3.0
8795.5,0.003,1530,100,3.0
8796.0,0.005,1531,101,3.0
8796.5,0.003,1531,101,3.0
8797.0,0.006,1531,101,3.6
8797.5,0.005,1532,101,3.6
8798.0,0.006,1532,100,3.0
8798.5,0.003,1532,100,2.4000000000000004
8799.0,0.005,1532,101,1.8
8799.5,0.005,1533,101,1.8
8800.0,0.008,1533,101,1.8
8800.5,0.003,1533,100,1.8
8801.0,0.005,1534,100,1.8
8801.5,0.005,1534,99,1.8
8802.0,0.003,1534,99,1.8
8802.5,0.005,1534,98,1.8
8803.0,0.006,1535,97,1.8
8803.5,0.003,1535,97,1.8
8804.0,0.003,1535,97,0.6000000000000001
8804.5,0.005,1536,97,0.6000000000000001
8805.0,0.003,1536,97,0.0
8805.5,0.003,1536,98,0.0
8806.0,0.005,1537,98,0.0
8806.5,0.002,1537,98,0.0
8807.0,0.003,1537,98,0.0
8807.5,0.005,1537,98,0.0
8808.0,0.003,1538,98,0.0
8808.5,0.003,1538,98,0.0
8809.0,0.005,1538,99,0.0
8809.5,0.005,1539,99,0.6000000000000001
8810.0,0.005,1539,100,0.6000000000000001
8810.5,0.006,1539,100,0.6000000000000001
8811.0,0.005,1540,101,0.6000000000000001
8811.5,0.006,1540,101,0.6000000000000001
8812.0,0.005,1540,100,0.6000000000000001
8812.5,0.003,1540,100,0.6000000000000001
8813.0,0.003,1541,100,0.6000000000000001
8813.5,0.006,1541,100,0.6000000000000001
8814.0,0.003,1541,100,1.8
8814.5,0.005,1542,99,2.4000000000000004
8815.0,0.005,1542,99,4.2
8815.5,0.005,1542,100,4.2
8816.0,0.003,1542,100,4.2
8816.5,0.005,1543,100,3.6
8817.0,0.003,1543,100,3.6
8817.5,0.005,1543,99,3.6
8818.0,0.006,1544,99,3.0
8818.5,0.005,1544,99,3.0
8819.0,0.002,1544,99,3.6
8819.5,0.005,1545,99,3.6
8820.0,0.005,1545,100,4.2
8820.5,0.003,1545,100,4.2
8821.0,0.005,1546,100,4.800000000000001
8821.5,0.003,1546,100,4.800000000000001
8822.0,0.002,1546,100,4.800000000000001
8822.5,0.006,1546,101,4.2
8823.0,0.003,1547,100,3.6
8823.5,0.005,1547,100,3.6
8824.0,0.005,1547,100,3.6
8824.5,0.003,1548,100,4.2
8825.0,0.002,1548,100,4.2
8825.5,0.005,1548,100,3.6
8826.0,0.003,1549,100,3.6
8826.5,0.003,1549,100,3.6
8827.0,0.003,1549,101,3.6
8827.5,0.005,1549,101,3.6
8828.0,0.003,1550,101,3.0
8828.5,0.005,1550,101,3.0
8829.0,0.003,1550,101,3.0
8829.5,0.005,1551,101,3.0
8830.0,0.003,1551,101,3.6
8830.5,0.005,1551,101,3.6
8831.0,0.003,1552,100,2.4000000000000004
8831.5,0.008,1552,101,2.4000000000000004
8832.0,0.003,1552,101,1.8
8832.5,0.006,1552,101,1.8
8833.0,0.003,1553,100,1.8
8833.5,0.003,1553,100,1.8
8834.0,0.002,1553,99,1.8
8834.5,0.006,1554,99,1.8
8835.0,0.005,1554,98,1.8
8835.5,0.005,1554,98,1.8
8836.0,0.005,1555,98,1.8
8836.5,0.003,1555,98,0.6000000000000001
8837.0,0.002,1555,98,0.0
8837.5,0.008,1556,98,0.0
8838.0,0.005,1556,98,0.0
8838.5,0.005,1556,98,0.0
8839.0,0.005,1556,98,0.0
8839.5,0.003,1557,98,0.0
8840.0,0.0,1557,98,0.0
8840.5,0.006,1557,98,0.0
8841.0,0.003,1558,99,0.0
8841.5,0.003,1558,99,0.0
8842.0,0.003,1558,99,0.0
8842.5,0.005,1558,100,0.6000000000000001
8843.0,0.002,1559,100,0.6000000000000001
8843.5,0.005,1559,101,0.6000000000000001
8844.0,0.003,1559,101,0.6000000000000001
8844.5,0.006,1560,101,0.6000000000000001
8845.0,0.005,1560,100,0.6000000000000001
8845.5,0.003,1560,100,0.6000000000000001
8846.0,0.003,1561,100,0.6000000000000001
8846.5,0.005,1561,100,0.6000000000000001
8847.0,0.005,1561,99,2.4000000000000004
8847.5,0.003,1562,99,3.6
8848.0,0.005,1562,100,4.2
8848.5,0.005,1562,100,4.2
8849.0,0.003,1562,100,3.6
8849.5,0.005,1563,100,3.6
8850.0,0.005,1563,99,3.0
8850.5,0.005,1563,99,3.0
8851.0,0.006,1564,99,3.0
8851.5,0.005,1564,99,3.6
8852.0,0.005,1564,99,3.6
8852.5,0.003,1565,99,3.6
8853.0,0.005,1565,100,4.2
8853.5,0.003,1565,100,4.2
8854.0,0.006,1565,100,4.800000000000001
8854.5,0.005,1566,100,4.2
8855.0,0.003,1566,100,4.2
8855.5,0.002,1566,100,3.6
8856.0,0.003,1567,100,3.6
8856.5,0.002,1567,100,3.6
8857.0,0.006,1567,100,4.2
8857.5,0.0,1567,100,4.2
8858.0,0.005,1568,100,3.6
8858.5,0.002,1568,100,3.6
8859.0,0.005,1568,100,3.6
8859.5,0.005,1569,101,3.6
8860.0,0.006,1569,100,3.6
8860.5,0.002,1569,101,3.0
8861.0,0.005,1570,100,3.0
8861.5,0.002,1570,100,3.0
8862.0,0.005,1570,101,3.0
8862.5,0.003,1571,100,3.0
8863.0,0.006,1571,100,3.0
8863.5,0.005,1571,100,3.0
8864.0,0.003,1571,100,2.4000000000000004
8864.5,0.002,1572,101,1.8
8865.0,0.005,1572,101,1.8
8865.5,0.003,1572,100,1.8
8866.0,0.006,1573,100,1.2000000000000002
8866.5,0.003,1573,99,1.2000000000000002
8867.0,0.003,1573,99,1.8
8867.5,0.005,1574,98,1.2000000000000002
8868.0,0.005,1574,98,1.8
8868.5,0.003,1574,98,1.8
8869.0,0.005,1574,98,0.6000000000000001
8869.5,0.003,1575,97,0.0
8870.0,0.005,1575,98,0.0
8870.5,0.003,1575,98,0.0
8871.0,0.005,1576,98,0.0
8871.5,0.003,1576,98,0.0
8872.0,0.005,1576,98,0.0
8872.5,0.003,1576,98,0.0
8873.0,0.002,1577,98,0.0
8873.5,0.003,1577,98,0.0
8874.0,0.003,1577,99,0.0
8874.5,0.002,1578,99,0.0
8875.0,0.005,1578,99,0.6000000000000001
8875.5,0.003,1578,100,0.6000000000000001
8876.0,0.002,1579,100,0.6000000000000001
8876.5,0.002,1579,101,0.6000000000000001
8877.0,0.003,1579,101,0.6000000000000001
8877.5,0.003,1580,100,0.6000000000000001
8878.0,0.005,1580,100,0.6000000000000001
8878.5,0.002,1580,100,0.6000000000000001
8879.0,0.003,1580,100,0.6000000000000001
8879.5,0.003,1581,99,1.8
8880.0,0.005,1581,99,3.6
8880.5,0.006,1581,100,3.6
8881.0,0.006,1582,100,4.2
8881.5,0.003,1582,100,4.2
8882.0,0.003,1582,100,3.6
8882.5,0.005,1582,100,3.6
8883.0,0.005,1583,99,3.0
8883.5,0.005,1583,99,3.0
8884.0,0.006,1583,99,3.6
8884.5,0.006,1584,99,3.6
8885.0,0.005,1584,99,4.2
8885.5,0.005,1584,99,4.2
8886.0,0.006,1585,100,4.800000000000001
8886.5,0.003,1585,100,4.800000000000001
8887.0,0.005,1585,100,4.2
8887.5,0.005,1586,100,4.2
8888.0,0.005,1586,100,3.6
8888.5,0.006,1586,100,3.6
8889.0,0.003,1586,100,3.6
8889.5,0.003,1587,100,3.6
8890.0,0.005,1589,101,3.6
8890.5,0.005,1589,100,3.0
8891.0,0.005,1589,100,3.0
8891.5,0.005,1589,100,3.0
8892.0,0.005,1590,100,3.0
8892.5,0.003,1590,100,3.0
8893.0,0.006,1590,100,3.6
8893.5,0.003,1591,100,2.4000000000000004
8894.0,0.006,1591,100,2.4000000000000004
8894.5,0.006,1591,100,1.8
8895.0,0.006,1592,101,1.8
8895.5,0.003,1592,101,1.8
8896.0,0.005,1592,100,1.8
8896.5,0.005,1592,99,1.8
8897.0,0.006,1593,99,1.8
8897.5,0.005,1593,99,1.8
8898.0,0.006,1593,98,1.8
8898.5,0.005,1594,98,1.8
8899.0,0.006,1594,98,1.2000000000000002
8899.5,0.005,1594,98,0.6000000000000001
8900.0,0.006,1595,98,0.0
8900.5,0.006,1595,98,0.0
8901.0,0.006,1595,98,0.0
8901.5,0.006,1595,98,0.0
8902.0,0.005,1596,98,0.0
8902.5,0.003,1596,98,0.0
8903.0,0.005,1596,98,0.0
8903.5,0.006,1597,98,0.0
8904.0,0.005,1597,98,0.0
8904.5,0.005,1597,99,0.0
8905.0,0.005,1597,99,0.6000000000000001
8905.5,0.005,1598,100,0.6000000000000001
8906.0,0.006,1598,100,0.6000000000000001
8906.5,0.006,1598,100,0.6000000000000001
8907.0,0.006,1599,101,0.6000000000000001
8907.5,0.006,1599,100,0.6000000000000001
8908.0,0.006,1599,100,0.6000000000000001
8908.5,0.005,1600,100,0.6000000000000001
8909.0,0.008,1600,100,0.6000000000000001
8909.5,0.005,1600,99,1.2000000000000002
8910.0,0.006,1601,99,3.0
8910.5,0.006,1601,99,3.6
8911.0,0.006,1601,100,4.2
8911.5,0.008,1601,100,4.2
8912.0,0.006,1602,100,4.2
8912.5,0.005,1602,99,3.6
8913.0,0.006,1602,99,3.6
8913.5,0.006,1603,99,3.6
8914.0,0.005,1603,99,3.6
8914.5,0.008,1603,99,3.6
8915.0,0.006,1603,99,4.2
8915.5,0.005,1604,99,4.2
8916.0,0.006,1604,100,4.2
8916.5,0.008,1604,100,4.800000000000001
8917.0,0.005,1605,100,4.800000000000001
8917.5,0.006,1605,100,4.2
8918.0,0.005,1605,100,4.2
8918.5,0.005,1606,100,3.6
8919.0,0.006,1606,100,3.6
8919.5,0.006,1606,100,3.6
8920.0,0.003,1606,100,4.2
8920.5,0.006,1607,99,4.2
8921.0,0.003,1607,99,4.2
8921.5,0.005,1607,100,4.2
8922.0,0.006,1608,100,4.2
8922.5,0.008,1608,100,3.6
8923.0,0.005,1608,101,3.6
8923.5,0.008,1609,101,3.0
8924.0,0.005,1609,100,3.0
8924.5,0.005,1609,101,3.0
8925.0,0.006,1610,101,3.0
8925.5,0.008,1610,101,3.6
8926.0,0.006,1610,100,3.6
8926.5,0.01,1610,100,2.4000000000000004
8927.0,0.006,1611,101,2.4000000000000004
8927.5,0.006,1611,101,1.8
8928.0,0.006,1611,101,1.8
8928.5,0.008,1612,101,1.8
8929.0,0.005,1612,100,1.8
8929.5,0.008,1612,99,1.8
8930.0,0.006,1613,99,1.8
8930.5,0.005,1613,98,1.8
8931.0,0.006,1613,98,1.8
8931.5,0.006,1613,98,1.2000000000000002
8932.0,0.005,1614,98,0.6000000000000001
8932.5,0.01,1614,98,0.0
8933.0,0.006,1614,98,0.0
8933.5,0.006,1615,98,0.0
8934.0,0.006,1615,98,0.0
8934.5,0.006,1615,98,0.0
8935.0,0.005,1615,98,0.0
8935.5,0.008,1616,98,0.0
8936.0,0.006,1616,98,0.0
8936.5,0.005,1616,98,0.0
8937.0,0.005,1617,99,0.0
8937.5,0.006,1617,99,0.6000000000000001
8938.0,0.005,1617,100,0.6000000000000001
8938.5,0.005,1618,100,0.6000000000000001
8939.0,0.006,1618,100,0.6000000000000001
8939.5,0.006,1618,101,0.6000000000000001
8940.0,0.006,1619,100,0.6000000000000001
8940.5,0.006,1619,100,0.6000000000000001
8941.0,0.005,1619,100,0.6000000000000001
8941.5,0.005,1619,100,0.6000000000000001
8942.0,0.006,1620,99,0.6000000000000001
8942.5,0.005,1620,99,3.0
8943.0,0.008,1620,99,3.6
8943.5,0.008,1621,100,4.2
8944.0,0.005,1621,100,4.2
8944.5,0.006,1621,100,4.2
8945.0,0.006,1621,100,3.6
8945.5,0.005,1622,99,3.6
8946.0,0.005,1622,99,3.6
8946.5,0.008,1622,99,3.6
8947.0,0.006,1623,99,3.6
8947.5,0.006,1623,99,4.2
8948.0,0.008,1623,100,4.2
8948.5,0.005,1624,100,4.2
8949.0,0.006,1624,100,4.800000000000001
8949.5,0.008,1624,100,4.800000000000001
8950.0,0.005,1625,100,4.2
8950.5,0.005,1625,100,4.2
8951.0,0.008,1625,100,3.6
8951.5,0.005,1625,100,3.6
8952.0,0.008,1626,100,3.6
8952.5,0.006,1626,100,4.2
8953.0,0.005,1626,100,4.2
8953.5,0.003,1627,100,4.2
8954.0,0.006,1627,99,4.2
8954.5,0.005,1627,100,4.2
8955.0,0.006,1627,100,3.6
8955.5,0.006,1628,100,3.6
8956.0,0.006,1628,101,3.0
8956.5,0.005,1628,101,3.0
8957.0,0.01,1629,100,3.0
8957.5,0.005,1629,101,3.0
8958.0,0.008,1629,100,3.6
8958.5,0.008,1630,100,4.2
8959.0,0.005,1630,100,3.0
8959.5,0.006,1630,101,1.8
8960.0,0.01,1631,101,1.8
8960.5,0.005,1631,101,1.8
8961.0,0.006,1631,101,1.8
8961.5,0.006,1631,100,1.8
8962.0,0.005,1632,99,1.8
8962.5,0.006,1632,99,1.2000000000000002
8963.0,0.01,1632,98,1.2000000000000002
8963.5,0.006,1633,98,1.2000000000000002
8964.0,0.01,1633,98,1.8
8964.5,0.008,1633,98,0.6000000000000001
8965.0,0.006,1634,98,0.6000000000000001
8965.5,0.006,1634,98,0.0
8966.0,0.01,1634,98,0.0
8966.5,0.01,1634,98,0.0
8967.0,0.008,1635,98,0.0
8967.5,0.008,1635,98,0.0
8968.0,0.008,1635,98,0.0
8968.5,0.006,1636,98,0.0
8969.0,0.013,1636,98,0.0
8969.5,0.008,1636,99,0.0
8970.0,0.008,1636,99,0.0
8970.5,0.008,1637,99,0.6000000000000001
8971.0,0.006,1637,100,0.6000000000000001
8971.5,0.005,1637,100,0.6000000000000001
8972.0,0.01,1638,101,0.6000000000000001
8972.5,0.008,1638,101,0.6000000000000001
8973.0,0.01,1638,100,0.6000000000000001
8973.5,0.008,1639,100,0.6000000000000001
8974.0,0.008,1639,100,0.6000000000000001
8974.5,0.005,1639,100,0.6000000000000001
8975.0,0.01,1639,99,1.8
8975.5,0.008,1640,99,3.6
8976.0,0.008,1640,99,4.2
8976.5,0.01,1640,100,4.2
8977.0,0.01,1641,100,3.6
8977.5,0.008,1641,100,3.6
8978.0,0.01,1641,99,3.6
8978.5,0.008,1642,99,3.6
8979.0,0.008,1642,99,3.0
8979.5,0.008,1642,98,3.6
8980.0,0.008,1642,98,3.6
8980.5,0.008,1643,99,4.2
8981.0,0.008,1643,99,4.2
8981.5,0.008,1643,99,4.2
8982.0,0.01,1644,100,4.800000000000001
8982.5,0.011,1644,100,4.800000000000001
8983.0,0.005,1644,100,4.800000000000001
8983.5,0.006,1645,100,3.6
8984.0,0.008,1645,100,3.6
8984.5,0.008,1645,100,3.6
8985.0,0.008,1645,100,3.6
8985.5,0.013,1646,100,4.2
8986.0,0.008,1646,100,4.2
8986.5,0.006,1646,100,3.6
8987.0,0.006,1647,100,4.2
8987.5,0.006,1647,100,3.6
8988.0,0.006,1647,100,3.6
8988.5,0.011,1648,100,3.6
8989.0,0.006,1648,100,3.0
8989.5,0.006,1648,100,3.0
8990.0,0.008,1649,100,3.0
8990.5,0.008,1649,101,3.6
8991.0,0.008,1649,101,3.6
8991.5,0.013,1649,100,3.0
8992.0,0.006,1650,100,2.4000000000000004
8992.5,0.006,1650,101,1.8
8993.0,0.008,1650,101,1.8
8993.5,0.008,1651,101,1.8
8994.0,0.006,1651,100,1.8
8994.5,0.01,1651,99,1.8
8995.0,0.01,1652,99,1.8
8995.5,0.005,1652,99,1.8
8996.0,0.006,1652,98,1.8
8996.5,0.008,1652,98,1.8
8997.0,0.008,1653,98,0.6000000000000001
8997.5,0.01,1653,98,0.6000000000000001
8998.0,0.008,1653,98,0.0
8998.5,0.008,1654,98,0.0
8999.0,0.006,1654,98,0.0
8999.5,0.01,1654,99,0.0
9000.0,0.006,1654,98,0.0
9000.5,0.01,1655,98,0.0
9001.0,0.006,1655,99,0.0
9001.5,0.008,1655,98,0.0
9002.0,0.006,1656,99,0.0
9002.5,0.008,1656,100,0.0
9003.0,0.006,1656,100,0.6000000000000001
9003.5,0.008,1657,100,0.6000000000000001
9004.0,0.006,1657,101,0.6000000000000001
9004.5,0.008,1657,101,0.6000000000000001
9005.0,0.006,1657,101,1.2000000000000002
9005.5,0.008,1658,101,0.6000000000000001
9006.0,0.006,1658,100,0.6000000000000001
9006.5,0.008,1658,100,0.6000000000000001
9007.0,0.006,1659,100,0.6000000000000001
9007.5,0.006,1659,100,1.8
9008.0,0.006,1659,99,3.0
9008.5,0.008,1660,100,4.2
9009.0,0.006,1660,100,4.2
9009.5,0.008,1660,100,4.2
9010.0,0.006,1661,100,3.6
9010.5,0.006,1661,100,3.6
9011.0,0.006,1661,99,3.0
9011.5,0.008,1661,99,3.6
9012.0,0.006,1662,99,3.6
9012.5,0.008,1662,99,3.6
9013.0,0.008,1662,99,3.6
9013.5,0.006,1663,100,4.2
9014.0,0.006,1663,100,4.800000000000001
9014.5,0.008,1663,100,4.800000000000001
9015.0,0.006,1664,100,4.800000000000001
9015.5,0.008,1664,100,4.2
9016.0,0.008,1664,101,4.2
9016.5,0.006,1664,100,3.6
9017.0,0.006,1665,100,3.6
9017.5,0.006,1665,100,3.6
9018.0,0.006,1665,100,4.2
9018.5,0.008,1666,100,4.2
9019.0,0.006,1666,100,4.2
9019.5,0.005,1666,100,4.2
9020.0,0.005,1667,100,3.6
9020.5,0.006,1667,101,3.6
9021.0,0.006,1667,101,3.6
9021.5,0.006,1667,101,3.0
9022.0,0.006,1668,101,3.0
9022.5,0.005,1668,101,3.0
9023.0,0.006,1668,101,3.0
9023.5,0.006,1669,101,3.6
9024.0,0.006,1669,100,3.0
9024.5,0.006,1669,100,2.4000000000000004
9025.0,0.006,1670,101,1.8
9025.5,0.005,1670,101,1.8
9026.0,0.006,1670,101,1.8
9026.5,0.005,1670,100,1.8
9027.0,0.005,1671,100,1.8
9027.5,0.006,1671,99,1.8
9028.0,0.006,1671,99,1.8
9028.5,0.005,1672,98,1.8
9029.0,0.008,1672,98,1.8
9029.5,0.005,1672,98,1.2000000000000002
9030.0,0.006,1673,97,0.6000000000000001
9030.5,0.008,1673,98,0.0
9031.0,0.008,1673,98,0.0
9031.5,0.008,1673,98,0.0
9032.0,0.008,1674,98,0.0
9032.5,0.006,1674,98,0.0
9033.0,0.006,1674,98,0.0
9033.5,0.006,1675,97,0.0
9034.0,0.01,1675,98,0.0
9034.5,0.008,1675,98,0.0
9035.0,0.006,1676,98,0.0
9035.5,0.008,1676,99,0.6000000000000001
9036.0,0.006,1676,99,0.6000000000000001
9036.5,0.006,1676,100,0.6000000000000001
9037.0,0.008,1677,100,0.6000000000000001
9037.5,0.006,1677,100,0.6000000000000001
9038.0,0.005,1677,100,0.6000000000000001
9038.5,0.006,1678,99,0.6000000000000001
9039.0,0.006,1678,99,0.6000000000000001
9039.5,0.005,1678,99,0.6000000000000001
9040.0,0.006,1678,99,1.2000000000000002
9040.5,0.006,1679,99,3.0
9041.0,0.006,1679,99,3.6
9041.5,0.008,1679,99,4.2
9042.0,0.008,1680,100,4.2
9042.5,0.006,1680,100,3.6
9043.0,0.008,1680,99,3.6
9043.5,0.008,1681,99,3.6
9044.0,0.006,1681,99,3.6
9044.5,0.01,1681,99,3.6
9045.0,0.006,1682,99,3.6
9045.5,0.006,1682,99,3.6
9046.0,0.008,1682,99,4.2
9046.5,0.008,1682,100,4.800000000000001
9047.0,0.01,1683,100,4.800000000000001
9047.5,0.008,1683,100,4.800000000000001
9048.0,0.008,1683,100,4.800000000000001
9048.5,0.008,1684,100,4.2
9049.0,0.008,1684,100,4.2
9049.5,0.008,1684,100,3.6
9050.0,0.01,1684,100,3.6
9050.5,0.01,1685,100,4.2
9051.0,0.006,1685,100,4.2
9051.5,0.006,1685,100,4.2
9052.0,0.006,1686,100,4.2
9052.5,0.006,1686,100,4.2
9053.0,0.01,1686,100,3.6
9053.5,0.008,1687,101,3.6
9054.0,0.005,1687,100,3.6
9054.5,0.005,1687,100,3.0
9055.0,0.006,1688,100,3.0
9055.5,0.006,1688,101,3.6
9056.0,0.008,1688,100,3.6
9056.5,0.008,1688,100,3.6
9057.0,0.005,1689,100,3.0
9057.5,0.005,1689,100,2.4000000000000004
9058.0,0.006,1689,101,1.8
9058.5,0.006,1690,101,1.8
9059.0,0.008,1690,100,1.8
9059.5,0.006,1690,100,1.8
9060.0,0.006,1691,99,1.8
9060.5,0.008,1691,99,1.8
9061.0,0.008,1691,98,1.8
9061.5,0.006,1691,98,1.8
9062.0,0.008,1692,98,1.8
9062.5,0.008,1692,98,0.6000000000000001
9063.0,0.006,1692,98,0.0
9063.5,0.008,1693,98,0.0
9064.0,0.008,1693,98,0.0
9064.5,0.006,1693,98,0.0
9065.0,0.008,1693,98,0.0
9065.5,0.01,1694,98,0.0
9066.0,0.006,1694,98,0.0
9066.5,0.01,1694,98,0.0
9067.0,0.008,1695,98,0.0
9067.5,0.008,1695,99,0.0
9068.0,0.008,1695,99,0.0
9068.5,0.008,1696,99,0.6000000000000001
9069.0,0.006,1696,100,0.6000000000000001
9069.5,0.01,1696,101,0.6000000000000001
9070.0,0.006,1697,101,0.6000000000000001
9070.5,0.005,1697,101,0.6000000000000001
9071.0,0.006,1697,100,0.6000000000000001
9071.5,0.008,1697,100,0.6000000000000001
9072.0,0.005,1698,100,0.6000000000000001
9072.5,0.008,1698,100,0.6000000000000001
9073.0,0.01,1698,99,1.8
9073.5,0.006,1699,99,3.6
9074.0,0.006,1699,100,4.2
9074.5,0.006,1699,100,4.2
9075.0,0.008,1700,100,3.6
9075.5,0.01,1700,100,3.6
9076.0,0.006,1700,99,3.6
9076.5,0.008,1700,99,3.0
9077.0,0.006,1701,99,3.0
9077.5,0.008,1701,99,3.6
9078.0,0.008,1701,99,3.6
9078.5,0.011,1702,99,4.2
9079.0,0.006,1702,100,4.2
9079.5,0.006,1702,100,4.800000000000001
9080.0,0.008,1703,100,4.800000000000001
9080.5,0.006,1703,100,4.800000000000001
9081.0,0.008,1703,101,4.2
9081.5,0.011,1703,100,3.6
9082.0,0.008,1704,100,3.6
9082.5,0.008,1704,100,3.6
9083.0,0.008,1704,100,3.6
9083.5,0.006,1705,101,4.2
9084.0,0.005,1705,100,3.6
9084.5,0.008,1705,100,4.2
9085.0,0.01,1706,101,3.6
9085.5,0.005,1706,101,3.6
9086.0,0.006,1706,100,3.6
9086.5,0.01,1706,101,3.0
9087.0,0.005,1707,102,3.0
9087.5,0.006,1707,101,3.0
9088.0,0.006,1707,101,3.0
9088.5,0.006,1708,101,3.0
9089.0,0.005,1708,101,3.6
9089.5,0.008,1708,101,2.4000000000000004
9090.0,0.006,1709,101,2.4000000000000004
9090.5,0.006,1709,101,1.8
9091.0,0.006,1709,102,1.8
9091.5,0.006,1709,101,1.8
9092.0,0.005,1710,101,1.8
9092.5,0.008,1710,100,1.8
9093.0,0.006,1710,100,1.8
9093.5,0.006,1711,99,1.8
9094.0,0.006,1711,98,1.8
9094.5,0.006,1711,98,1.2000000000000002
9095.0,0.006,1712,98,0.6000000000000001
9095.5,0.006,1712,98,0.0
9096.0,0.006,1712,98,0.0
9096.5,0.008,1712,98,0.0
9097.0,0.008,1713,98,0.0
9097.5,0.006,1713,98,0.0
9098.0,0.006,1713,98,0.0
9098.5,0.006,1714,98,0.0
9099.0,0.006,1714,98,0.0
9099.5,0.01,1714,98,0.0
9100.0,0.006,1715,99,0.0
9100.5,0.005,1715,99,0.0
9101.0,0.008,1715,99,0.6000000000000001
9101.5,0.006,1715,100,0.6000000000000001
9102.0,0.006,1716,100,0.6000000000000001
9102.5,0.006,1716,101,0.6000000000000001
9103.0,0.008,1716,100,0.6000000000000001
9103.5,0.005,1717,100,0.6000000000000001
9104.0,0.005,1717,100,0.6000000000000001
9104.5,0.005,1717,100,0.6000000000000001
9105.0,0.005,1718,99,0.6000000000000001
9105.5,0.006,1718,99,1.8
9106.0,0.008,1718,99,3.0
9106.5,0.005,1718,99,4.2
9107.0,0.008,1719,100,4.2
9107.5,0.006,1719,100,3.6
9108.0,0.006,1719,100,3.6
9108.5,0.005,1720,99,3.6
9109.0,0.006,1720,99,3.0
9109.5,0.005,1720,99,3.0
9110.0,0.01,1721,98,3.6
9110.5,0.006,1721,98,3.6
9111.0,0.006,1721,99,4.2
9111.5,0.003,1721,99,4.2
9112.0,0.006,1722,99,4.800000000000001
9112.5,0.008,1722,100,4.800000000000001
9113.0,0.008,1722,100,4.800000000000001
9113.5,0.008,1723,100,4.2
9114.0,0.006,1723,100,3.6
9114.5,0.005,1723,100,3.6
9115.0,0.006,1724,100,3.6
9115.5,0.006,1724,100,3.6
9116.0,0.008,1724,100,4.2
9116.5,0.008,1724,100,3.6
9117.0,0.006,1725,100,4.2
9117.5,0.003,1725,100,4.2
9118.0,0.008,1725,100,4.2
9118.5,0.006,1726,101,3.6
9119.0,0.008,1726,101,3.0
9119.5,0.006,1726,100,3.0
9120.0,0.006,1727,101,3.0
9120.5,0.003,1727,101,3.0
9121.0,0.005,1727,101,3.0
9121.5,0.003,1727,100,3.6
9122.0,0.006,1728,100,3.0
9122.5,0.005,1728,100,2.4000000000000004
9123.0,0.006,1728,101,1.8
9123.5,0.003,1729,101,1.8
9124.0,0.006,1729,101,1.8
9124.5,0.003,1729,100,1.8
9125.0,0.008,1730,100,1.8
9125.5,0.005,1730,99,1.8
9126.0,0.006,1730,99,1.8
9126.5,0.003,1731,98,1.8
9127.0,0.008,1731,98,1.8
9127.5,0.005,1731,98,1.2000000000000002
9128.0,0.008,1731,98,0.6000000000000001
9128.5,0.006,1732,98,0.0
9129.0,0.003,1732,98,0.0
9129.5,0.005,1732,98,0.0
9130.0,0.005,1733,98,0.0
9130.5,0.005,1733,98,0.0
9131.0,0.006,1733,98,0.0
9131.5,0.008,1733,98,0.0
9132.0,0.005,1734,98,0.0
9132.5,0.005,1734,98,0.0
9133.0,0.006,1734,99,0.0
9133.5,0.006,1735,99,0.6000000000000001
9134.0,0.003,1735,100,0.6000000000000001
9134.5,0.006,1735,100,0.6000000000000001
9135.0,0.005,1736,101,0.6000000000000001
9135.5,0.003,1736,101,0.6000000000000001
9136.0,0.005,1736,100,0.6000000000000001
9136.5,0.003,1737,100,0.6000000000000001
9137.0,0.003,1737,100,0.6000000000000001
9137.5,0.006,1737,100,0.6000000000000001
9138.0,0.005,1737,99,1.8
9138.5,0.003,1738,99,3.6
9139.0,0.003,1738,99,4.2
9139.5,0.005,1738,100,4.2
9140.0,0.003,1739,100,4.2
9140.5,0.005,1739,100,3.6
9141.0,0.005,1739,99,3.6
9141.5,0.003,1739,99,3.6
9142.0,0.003,1740,99,3.6
9142.5,0.005,1740,99,3.6
9143.0,0.003,1740,99,3.6
9143.5,0.006,1741,99,4.2
9144.0,0.005,1741,99,4.2
9144.5,0.003,1741,99,4.2
9145.0,0.003,1742,100,4.800000000000001
9145.5,0.003,1742,100,4.800000000000001
9146.0,0.002,1742,100,4.2
9146.5,0.006,1742,100,4.2
9147.0,0.003,1743,100,3.6
9147.5,0.005,1743,100,3.6
9148.0,0.005,1743,100,3.6
9148.5,0.005,1744,100,4.2
9149.0,0.003,1744,101,4.2
9149.5,0.005,1744,100,3.6
9150.0,0.003,1745,100,4.2
9150.5,0.005,1745,100,3.6
9151.0,0.003,1745,100,3.6
9151.5,0.005,1746,101,3.0
9152.0,0.003,1746,101,3.0
9152.5,0.005,1746,101,3.0
9153.0,0.003,1746,101,3.0
9153.5,0.003,1747,101,3.0
9154.0,0.003,1747,101,3.6
9154.5,0.003,1747,101,3.0
9155.0,0.003,1748,101,2.4000000000000004
9155.5,0.005,1748,101,1.8
9156.0,0.005,1748,101,1.8
9156.5,0.003,1749,101,1.8
9157.0,0.003,1749,101,1.8
9157.5,0.002,1749,100,1.2000000000000002
9158.0,0.002,1749,100,1.2000000000000002
9158.5,0.005,1750,99,1.8
9159.0,0.003,1750,99,1.8
9159.5,0.006,1750,98,1.8
9160.0,0.005,1751,98,1.2000000000000002
9160.5,0.003,1751,98,0.0
9161.0,0.003,1751,98,0.0
9161.5,0.006,1751,98,0.0
9162.0,0.003,1752,98,0.0
9162.5,0.005,1752,98,0.0
9163.0,0.003,1752,98,0.0
9163.5,0.006,1753,98,0.0
9164.0,0.003,1753,98,0.0
9164.5,0.005,1753,99,0.0
9165.0,0.005,1754,99,0.0
9165.5,0.006,1754,99,0.0
9166.0,0.005,1754,99,0.0
9166.5,0.005,1755,100,0.6000000000000001
9167.0,0.003,1756,100,0.6000000000000001
9167.5,0.005,1756,100,0.6000000000000001
9168.0,0.002,1757,100,0.0
9168.5,0.003,1757,99,1.8
9169.0,0.003,1757,99,3.0
9169.5,0.003,1757,99,3.6
9170.0,0.005,1758,100,4.2
9170.5,0.005,1758,100,4.2
9171.0,0.003,1758,100,3.6
9171.5,0.005,1759,100,3.6
9172.0,0.005,1759,99,3.0
9172.5,0.006,1759,99,3.0
9173.0,0.005,1760,99,3.0
9173.5,0.005,1760,99,3.6
9174.0,0.003,1760,99,3.6
9174.5,0.005,1761,99,3.6
9175.0,0.005,1761,100,4.2
9175.5,0.006,1761,100,4.800000000000001
9176.0,0.005,1761,100,4.800000000000001
9176.5,0.003,1762,100,4.2
9177.0,0.003,1762,100,4.2
9177.5,0.003,1762,100,3.6
9178.0,0.005,1763,100,3.6
9178.5,0.006,1763,100,3.6
9179.0,0.006,1763,100,4.2
9179.5,0.005,1764,100,4.2
9180.0,0.003,1764,100,3.6
9180.5,0.005,1764,99,3.6
9181.0,0.003,1764,100,4.2
9181.5,0.005,1765,100,3.6
9182.0,0.005,1765,100,3.6
9182.5,0.003,1765,100,3.0
9183.0,0.003,1766,101,3.0
9183.5,0.005,1766,100,3.0
9184.0,0.005,1766,101,3.0
9184.5,0.003,1767,100,3.6
9185.0,0.005,1767,100,3.6
9185.5,0.003,1767,100,2.4000000000000004
9186.0,0.003,1767,100,2.4000000000000004
9186.5,0.005,1768,101,1.8
9187.0,0.005,1768,101,1.8
9187.5,0.003,1768,101,1.8
9188.0,0.006,1769,100,1.8
9188.5,0.005,1769,99,1.8
9189.0,0.003,1769,99,1.8
9189.5,0.003,1770,98,1.8
9190.0,0.005,1770,98,1.8
9190.5,0.005,1770,98,1.2000000000000002
9191.0,0.005,1771,98,0.6000000000000001
9191.5,0.003,1771,98,0.0
9192.0,0.006,1771,98,0.0
9192.5,0.005,1771,98,0.0
9193.0,0.005,1772,99,0.0
9193.5,0.003,1772,98,0.0
9194.0,0.006,1772,98,0.0
9194.5,0.005,1772,98,0.0
9195.0,0.006,1773,98,0.0
9195.5,0.005,1773,98,0.0
9196.0,0.005,1773,99,0.0
9196.5,0.005,1774,99,0.0
9197.0,0.008,1774,100,0.6000000000000001
9197.5,0.005,1774,101,0.6000000000000001
9198.0,0.006,1775,100,0.6000000000000001
9198.5,0.005,1775,101,0.6000000000000001
9199.0,0.006,1775,101,0.6000000000000001
9199.5,0.003,1776,100,0.6000000000000001
9200.0,0.006,1776,100,0.6000000000000001
9200.5,0.003,1776,100,0.0
9201.0,0.008,1776,99,0.6000000000000001
9201.5,0.003,1777,99,2.4000000000000004
9202.0,0.005,1777,99,3.6
9202.5,0.003,1777,100,4.2
9203.0,0.006,1778,100,4.2
9203.5,0.005,1778,100,3.6
9204.0,0.006,1778,100,3.6
9204.5,0.005,1779,99,3.0
9205.0,0.005,1779,99,3.0
9205.5,0.005,1779,99,3.0
9206.0,0.005,1779,98,3.6
9206.5,0.005,1780,99,3.6
9207.0,0.006,1780,99,4.2
9207.5,0.005,1780,99,4.2
9208.0,0.005,1781,99,4.800000000000001
9208.5,0.005,1781,100,4.800000000000001
9209.0,0.005,1781,100,4.2
9209.5,0.005,1781,100,4.2
9210.0,0.005,1782,100,3.6
9210.5,0.005,1782,100,3.6
9211.0,0.003,1782,100,3.6
9211.5,0.005,1783,100,4.2
9212.0,0.006,1783,100,4.2
9212.5,0.005,1783,100,3.6
9213.0,0.003,1784,100,4.2
9213.5,0.006,1784,100,4.2
9214.0,0.005,1784,100,4.2
9214.5,0.005,1785,100,3.6
9215.0,0.005,1785,100,3.0
9215.5,0.005,1785,101,3.0
9216.0,0.003,1785,101,3.0
9216.5,0.006,1786,100,3.0
9217.0,0.003,1786,101,3.0
9217.5,0.003,1786,100,3.6
9218.0,0.005,1787,100,3.0
9218.5,0.005,1787,100,2.4000000000000004
9219.0,0.002,1787,100,1.8
9219.5,0.006,1788,101,1.8
9220.0,0.005,1788,101,1.8
9220.5,0.003,1788,100,1.8
9221.0,0.005,1788,99,1.8
9221.5,0.003,1789,99,1.8
9222.0,0.003,1789,99,1.8
9222.5,0.006,1789,98,1.8
9223.0,0.005,1790,98,1.8
9223.5,0.005,1790,98,0.6000000000000001
9224.0,0.005,1790,98,0.6000000000000001
9224.5,0.005,1790,98,0.0
9225.0,0.005,1791,98,0.0
9225.5,0.006,1791,98,0.0
9226.0,0.005,1791,98,0.0
9226.5,0.005,1792,98,0.0
9227.0,0.006,1792,98,0.0
9227.5,0.005,1792,98,0.0
9228.0,0.006,1793,99,0.0
9228.5,0.008,1793,98,0.0
9229.0,0.006,1793,99,0.0
9229.5,0.005,1794,100,0.6000000000000001
9230.0,0.006,1794,100,0.6000000000000001
9230.5,0.006,1794,101,0.6000000000000001
9231.0,0.005,1794,101,0.6000000000000001
9231.5,0.006,1795,101,0.6000000000000001
9232.0,0.006,1795,100,0.6000000000000001
9232.5,0.005,1795,100,0.6000000000000001
9233.0,0.005,1796,100,0.6000000000000001
9233.5,0.002,1796,100,0.6000000000000001
9234.0,0.005,1796,99,1.8
9234.5,0.005,1797,99,3.6
9235.0,0.005,1797,100,3.6
9235.5,0.003,1797,100,4.2
9236.0,0.005,1797,100,3.6
9236.5,0.005,1798,100,3.6
9237.0,0.003,1798,100,3.6
9237.5,0.006,1798,99,3.0
9238.0,0.005,1799,99,3.0
9238.5,0.005,1799,99,3.0
9239.0,0.005,1799,99,3.6
9239.5,0.005,1800,99,3.6
9240.0,0.005,1800,100,3.6
9240.5,0.006,1800,0,4.2
9241.0,0.005,1800,0,1.2000000000000002
9241.5,0.003,1800,0,0.0
9242.0,0.002,1800,0,0.0
9242.5,0.002,1800,0,0.0
9243.0,0.002,1800,0,0.0
9243.5,0.0,1800,0,0.0
9244.0,0.0,1800,0,0.0
9244.5,0.003,1800,0,0.0
9245.0,0.003,1800,0,0.0
9245.5,0.002,1800,0,0.0
9246.0,0.003,1800,0,0.0
9246.5,0.003,1800,0,0.0
9247.0,0.003,1800,0,0.0
9247.5,0.003,1800,0,0.0
9248.0,0.003,1800,0,0.0
9248.5,0.003,1800,0,0.0
9249.0,0.003,1800,0,0.0
9249.5,0.003,1800,0,0.0
9250.0,0.003,1800,0,0.0
9250.5,0.002,1800,0,0.0
9251.0,0.003,1800,0,0.0
9251.5,0.003,1800,0,0.0
9252.0,0.002,1800,0,0.0
9252.5,0.003,1800,0,0.0
9253.0,0.003,1800,0,0.0
9253.5,0.003,1800,0,0.0
9254.0,0.003,1800,0,0.0
9254.5,0.002,1800,0,0.0
9255.0,0.002,1800,0,0.0
9255.5,0.002,1800,0,0.6000000000000001
9256.0,0.002,1800,0,0.6000000000000001
9256.5,0.002,1800,0,0.6000000000000001
9257.0,0.002,1800,0,0.6000000000000001
9257.5,0.0,1800,0,0.6000000000000001
9258.0,0.0,1800,0,0.6000000000000001
9258.5,0.002,1800,0,0.6000000000000001
9259.0,0.0,1800,0,0.6000000000000001
9259.5,0.002,1800,0,0.6000000000000001
9260.0,0.0,1800,0,0.6000000000000001
9260.5,0.0,1800,0,0.6000000000000001
9261.0,0.002,1800,0,0.6000000000000001
9261.5,0.002,1800,0,0.6000000000000001
9262.0,0.002,1800,0,0.6000000000000001
9262.5,0.002,1800,0,0.6000000000000001
9263.0,0.002,1800,0,0.6000000000000001
9263.5,0.002,1800,0,0.6000000000000001
9264.0,0.0,1800,0,0.6000000000000001
9264.5,0.0,1800,0,0.6000000000000001
9265.0,0.002,1800,0,0.6000000000000001
9265.5,0.0,1800,0,0.6000000000000001
9266.0,0.0,1800,0,0.6000000000000001
9266.5,0.002,1800,0,0.6000000000000001
9267.0,0.002,1800,0,0.6000000000000001
9267.5,0.002,1800,0,0.6000000000000001
9268.0,0.0,1800,0,0.6000000000000001
9268.5,0.0,1800,0,0.6000000000000001
9269.0,0.0,1800,0,0.6000000000000001
9269.5,0.0,1800,0,0.6000000000000001
9270.0,0.0,1800,0,0.6000000000000001
9270.5,0.0,1800,0,0.6000000000000001
9271.0,0.002,1800,0,0.6000000000000001
9271.5,0.002,1800,0,0.6000000000000001
9272.0,0.0,1800,0,0.6000000000000001
9272.5,0.002,1800,0,0.6000000000000001
9273.0,0.002,1800,0,0.6000000000000001
9273.5,0.002,1800,0,0.6000000000000001
9274.0,0.002,1800,0,0.6000000000000001
9274.5,0.002,1800,0,0.6000000000000001
9275.0,0.002,1800,0,0.6000000000000001
9275.5,0.002,1800,0,0.6000000000000001
9276.0,0.002,1800,0,0.6000000000000001
9276.5,0.002,1800,0,0.6000000000000001
9277.0,0.0,1800,0,0.6000000000000001
9277.5,0.0,1800,0,0.6000000000000001
9278.0,0.002,1800,0,0.6000000000000001
9278.5,0.003,1800,0,0.6000000000000001
9279.0,0.002,1800,0,0.6000000000000001
9279.5,0.002,1800,0,0.6000000000000001
9280.0,0.002,1800,0,0.6000000000000001
9280.5,0.003,1800,0,0.6000000000000001
9281.0,0.002,1800,0,0.6000000000000001
9281.5,0.002,1800,0,0.6000000000000001
9282.0,0.002,1800,0,0.6000000000000001
9282.5,0.002,1800,0,0.6000000000000001
9283.0,0.0,1800,0,0.6000000000000001
9283.5,0.002,1800,0,0.6000000000000001
9284.0,0.0,1800,0,0.6000000000000001
9284.5,0.002,1800,0,0.6000000000000001
9285.0,0.0,1800,0,0.6000000000000001
9285.5,0.002,1800,0,0.6000000000000001
9286.0,0.0,1800,0,0.6000000000000001
9286.5,0.002,1800,0,0.6000000000000001
9287.0,0.002,1800,0,0.6000000000000001
9287.5,0.0,1800,0,0.6000000000000001
9288.0,0.002,1800,0,0.6000000000000001
9288.5,0.0,1800,0,0.6000000000000001
9289.0,0.002,1800,0,0.6000000000000001
9289.5,0.002,1800,0,0.6000000000000001
9290.0,0.002,1800,0,0.6000000000000001
9290.5,0.0,1800,0,0.6000000000000001
9291.0,0.002,1800,0,0.6000000000000001
9291.5,0.002,1800,0,0.6000000000000001
9292.0,0.002,1800,0,0.6000000000000001
9292.5,0.002,1800,0,0.6000000000000001
9293.0,0.002,1800,0,0.6000000000000001
9293.5,0.002,1800,0,0.6000000000000001
9294.0,0.002,1800,0,0.6000000000000001
9294.5,0.002,1800,0,0.6000000000000001
9295.0,0.002,1800,0,0.6000000000000001
9295.5,0.003,1800,0,0.6000000000000001
9296.0,0.002,1800,0,0.6000000000000001
9296.5,0.002,1800,0,0.6000000000000001
9297.0,0.002,1800,0,0.6000000000000001
9297.5,0.002,1800,0,0.6000000000000001
9298.0,0.002,1800,0,0.6000000000000001
9298.5,0.003,1800,0,0.6000000000000001
9299.0,0.002,1800,0,0.6000000000000001
9299.5,0.002,1800,0,0.6000000000000001
9300.0,0.002,1800,0,0.6000000000000001
9300.5,0.0,1800,0,0.6000000000000001
9301.0,0.002,1800,0,0.6000000000000001
9301.5,0.0,1800,0,0.6000000000000001
9302.0,0.002,1800,0,0.6000000000000001
9302.5,0.0,1800,0,0.6000000000000001
9303.0,0.002,1800,0,0.6000000000000001
9303.5,0.002,1800,0,0.0
9304.0,0.002,1800,0,0.6000000000000001
9304.5,0.002,1800,0,0.0
9305.0,0.002,1800,0,0.0
9305.5,0.002,1800,0,0.0
9306.0,0.002,1800,0,0.6000000000000001
9306.5,0.0,1800,0,0.0
9307.0,0.002,1800,0,0.6000000000000001
9307.5,0.002,1800,0,0.6000000000000001
9308.0,0.002,1800,0,0.6000000000000001
9308.5,0.002,1800,0,0.0
9309.0,0.002,1800,0,0.0
9309.5,0.002,1800,0,0.0
9310.0,0.0,1800,0,0.6000000000000001
9310.5,0.002,1800,0,0.6000000000000001
9311.0,0.003,1800,0,0.0
9311.5,0.002,1800,0,0.0
9312.0,0.002,1800,0,0.0
9312.5,0.002,1800,0,0.0
9313.0,0.002,1800,0,0.0
9313.5,0.002,1800,0,0.6000000000000001
9314.0,0.002,1800,0,0.6000000000000001
9314.5,0.002,1800,0,0.6000000000000001
9315.0,0.002,1800,0,0.6000000000000001
9315.5,0.002,1800,0,0.0
9316.0,0.003,1800,0,0.0
9316.5,0.002,1800,0,0.6000000000000001
9317.0,0.003,1800,0,0.6000000000000001
9317.5,0.002,1800,0,0.6000000000000001
9318.0,0.002,1800,0,0.0
9318.5,0.0,1800,0,0.0
9319.0,0.002,1800,0,0.6000000000000001
9319.5,0.0,1800,0,0.6000000000000001
9320.0,0.002,1800,0,0.6000000000000001
9320.5,0.002,1800,0,0.0
9321.0,0.0,1800,0,0.0
9321.5,0.002,1800,0,0.0
9322.0,0.002,1800,0,0.0
9322.5,0.0,1800,0,0.0
9323.0,0.002,1800,0,0.0
9323.5,0.002,1800,0,0.0
9324.0,0.0,1800,0,0.0
9324.5,0.002,1800,0,0.0
9325.0,0.002,1800,0,0.0
9325.5,0.002,1800,0,0.0
9326.0,0.002,1800,0,0.0
9326.5,0.003,1800,0,0.0
9327.0,0.002,1800,0,0.0
9327.5,0.002,1800,0,0.0
9328.0,0.002,1800,0,0.0
9328.5,0.003,1800,0,0.0
9329.0,0.002,1800,0,0.0
9329.5,0.002,1800,0,0.0
9330.0,0.002,1800,0,0.0
9330.5,0.003,1800,0,0.0
9331.0,0.002,1800,0,0.0
9331.5,0.003,1800,0,0.0
9332.0,0.002,1800,0,0.0
9332.5,0.002,1800,0,0.0
9333.0,0.0,1800,0,0.0
9333.5,0.002,1800,0,0.0
9334.0,0.002,1800,0,0.0
9334.5,0.002,1800,0,0.0
9335.0,0.002,1800,0,0.0
9335.5,0.0,1800,0,0.0
9336.0,0.002,1800,0,0.0
9336.5,0.0,1800,0,0.0
9337.0,0.002,1800,0,0.0
9337.5,0.002,1800,0,0.0
9338.0,0.002,1800,0,0.0
9338.5,0.0,1800,0,0.0
9339.0,0.002,1800,0,0.0
9339.5,0.002,1800,0,0.0
9340.0,0.003,1800,0,0.0
9340.5,0.003,1800,0,0.0
9341.0,0.002,1800,0,0.0
9341.5,0.002,1800,0,0.0
9342.0,0.002,1800,0,0.0
9342.5,0.002,1800,0,0.0
9343.0,0.002,1800,0,0.0
9343.5,0.002,1800,0,0.0
9344.0,0.002,1800,0,0.0
9344.5,0.002,1800,0,0.0
9345.0,0.003,1800,0,0.0
9345.5,0.002,1800,0,0.0
9346.0,0.002,1800,0,0.0
9346.5,0.002,1800,0,0.0
9347.0,0.002,1800,0,0.0
9347.5,0.002,1800,0,0.0
9348.0,0.002,1800,0,0.0
9348.5,0.002,1800,0,0.0
9349.0,0.003,1800,0,0.0
9349.5,0.002,1800,0,0.0
9350.0,0.002,1800,0,0.0
9350.5,0.002,1800,0,0.0
